{"level":"info","message":"Generated nonce for wallet authentication","nonce":"198ldzgx56h","service":"prediction-market-api","timestamp":"2026-02-06T08:21:27.053Z","walletAddress":"0x1234567890123456789012345678901234567890"}
{"level":"info","message":"Wallet authentication successful","service":"prediction-market-api","timestamp":"2026-02-06T08:21:27.063Z","userId":"user-1","walletAddress":"0xa78205f12a9a247de1a27d1e30ab45cdad6455ee"}
{"level":"info","message":"Created new user from wallet authentication","service":"prediction-market-api","timestamp":"2026-02-06T08:21:27.068Z","userId":"user-new","walletAddress":"0xa78205f12a9a247de1a27d1e30ab45cdad6455ee"}
{"level":"info","message":"Wallet authentication successful","service":"prediction-market-api","timestamp":"2026-02-06T08:21:27.069Z","userId":"user-new","walletAddress":"0xa78205f12a9a247de1a27d1e30ab45cdad6455ee"}
{"error":"Invalid or expired nonce","level":"error","message":"Wallet authentication failed","service":"prediction-market-api","timestamp":"2026-02-06T08:21:27.072Z","walletAddress":"0xa78205f12a9a247de1a27d1e30ab45cdad6455ee"}
{"error":"invalid raw signature length (argument=\"signature\", value=\"0x1234567890abcdef\", code=INVALID_ARGUMENT, version=6.16.0)","level":"error","message":"Wallet authentication failed","service":"prediction-market-api","timestamp":"2026-02-06T08:21:27.080Z","walletAddress":"0xa78205f12a9a247de1a27d1e30ab45cdad6455ee"}
{"error":"Invalid signature","level":"error","message":"Wallet authentication failed","service":"prediction-market-api","timestamp":"2026-02-06T08:21:27.096Z","walletAddress":"0xa78205f12a9a247de1a27d1e30ab45cdad6455ee"}
{"error":"invalid token","level":"warn","message":"Token validation failed","service":"prediction-market-api","timestamp":"2026-02-06T08:21:27.099Z"}
{"error":"User not found","level":"warn","message":"Token validation failed","service":"prediction-market-api","timestamp":"2026-02-06T08:21:27.102Z"}
{"level":"info","message":"Token refresh successful","service":"prediction-market-api","timestamp":"2026-02-06T08:21:27.104Z","userId":"user-1","walletAddress":"0x1234567890123456789012345678901234567890"}
{"error":"invalid token","level":"error","message":"Token refresh failed","service":"prediction-market-api","timestamp":"2026-02-06T08:21:27.104Z"}
{"error":"Invalid refresh token","level":"error","message":"Token refresh failed","service":"prediction-market-api","timestamp":"2026-02-06T08:21:27.105Z"}
{"level":"info","message":"Token revoked successfully","service":"prediction-market-api","timestamp":"2026-02-06T08:21:27.107Z","userId":"user-1","walletAddress":"0x1234567890123456789012345678901234567890"}
{"error":"invalid token","level":"warn","message":"Token revocation failed","service":"prediction-market-api","timestamp":"2026-02-06T08:21:27.107Z"}
{"level":"info","message":"Cleared user sessions","service":"prediction-market-api","timestamp":"2026-02-06T08:21:27.108Z","userId":"user-1"}
{"error":"Invalid token","ip":"127.0.0.1","level":"warn","message":"Authentication failed","service":"prediction-market-api","timestamp":"2026-02-09T01:21:05.887Z"}
{"ip":"127.0.0.1","level":"warn","message":"Admin access denied","method":"GET","path":"/test","roles":["user"],"service":"prediction-market-api","timestamp":"2026-02-09T01:21:05.889Z"}
{"ip":"127.0.0.1","level":"warn","message":"Permission denied","method":"GET","path":"/test","requiredPermission":"create_market","roles":["user"],"service":"prediction-market-api","timestamp":"2026-02-09T01:21:05.892Z"}
{"ip":"127.0.0.1","level":"warn","message":"Role access denied","method":"GET","path":"/test","requiredRoles":["moderator","admin"],"service":"prediction-market-api","timestamp":"2026-02-09T01:21:05.894Z","userRoles":["user"]}
{"field":"userId","ip":"127.0.0.1","level":"warn","message":"Ownership access denied","method":"GET","path":"/test","resourceUserId":"user456","service":"prediction-market-api","timestamp":"2026-02-09T01:21:05.897Z","userId":"user123"}
{"error":"Invalid token","ip":"127.0.0.1","level":"warn","message":"Authentication failed","service":"prediction-market-api","timestamp":"2026-02-09T01:21:20.301Z"}
{"ip":"127.0.0.1","level":"warn","message":"Admin access denied","method":"GET","path":"/test","roles":["user"],"service":"prediction-market-api","timestamp":"2026-02-09T01:21:20.315Z"}
{"ip":"127.0.0.1","level":"warn","message":"Permission denied","method":"GET","path":"/test","requiredPermission":"create_market","roles":["user"],"service":"prediction-market-api","timestamp":"2026-02-09T01:21:20.318Z"}
{"ip":"127.0.0.1","level":"warn","message":"Role access denied","method":"GET","path":"/test","requiredRoles":["moderator","admin"],"service":"prediction-market-api","timestamp":"2026-02-09T01:21:20.323Z","userRoles":["user"]}
{"field":"userId","ip":"127.0.0.1","level":"warn","message":"Ownership access denied","method":"GET","path":"/test","resourceUserId":"user456","service":"prediction-market-api","timestamp":"2026-02-09T01:21:20.325Z","userId":"user123"}
{"level":"info","message":"Generated nonce for wallet authentication","nonce":"zmd3tqbtyal","service":"prediction-market-api","timestamp":"2026-02-09T01:21:20.401Z","walletAddress":"0x1234567890123456789012345678901234567890"}
{"level":"info","message":"Wallet authentication successful","service":"prediction-market-api","timestamp":"2026-02-09T01:21:20.420Z","userId":"user-1","walletAddress":"0x0995721789b34cd9a3a5821d5c31ec0b848dc1c5"}
{"level":"info","message":"Created new user from wallet authentication","service":"prediction-market-api","timestamp":"2026-02-09T01:21:20.423Z","userId":"user-new","walletAddress":"0x0995721789b34cd9a3a5821d5c31ec0b848dc1c5"}
{"level":"info","message":"Wallet authentication successful","service":"prediction-market-api","timestamp":"2026-02-09T01:21:20.424Z","userId":"user-new","walletAddress":"0x0995721789b34cd9a3a5821d5c31ec0b848dc1c5"}
{"error":"Invalid or expired nonce","level":"error","message":"Wallet authentication failed","service":"prediction-market-api","timestamp":"2026-02-09T01:21:20.427Z","walletAddress":"0x0995721789b34cd9a3a5821d5c31ec0b848dc1c5"}
{"error":"invalid raw signature length (argument=\"signature\", value=\"0x1234567890abcdef\", code=INVALID_ARGUMENT, version=6.16.0)","level":"error","message":"Wallet authentication failed","service":"prediction-market-api","timestamp":"2026-02-09T01:21:20.434Z","walletAddress":"0x0995721789b34cd9a3a5821d5c31ec0b848dc1c5"}
{"error":"Invalid signature","level":"error","message":"Wallet authentication failed","service":"prediction-market-api","timestamp":"2026-02-09T01:21:20.447Z","walletAddress":"0x0995721789b34cd9a3a5821d5c31ec0b848dc1c5"}
{"error":"invalid token","level":"warn","message":"Token validation failed","service":"prediction-market-api","timestamp":"2026-02-09T01:21:20.450Z"}
{"error":"User not found","level":"warn","message":"Token validation failed","service":"prediction-market-api","timestamp":"2026-02-09T01:21:20.452Z"}
{"level":"info","message":"Token refresh successful","service":"prediction-market-api","timestamp":"2026-02-09T01:21:20.454Z","userId":"user-1","walletAddress":"0x1234567890123456789012345678901234567890"}
{"error":"invalid token","level":"error","message":"Token refresh failed","service":"prediction-market-api","timestamp":"2026-02-09T01:21:20.455Z"}
{"error":"Invalid refresh token","level":"error","message":"Token refresh failed","service":"prediction-market-api","timestamp":"2026-02-09T01:21:20.458Z"}
{"level":"info","message":"Token revoked successfully","service":"prediction-market-api","timestamp":"2026-02-09T01:21:20.459Z","userId":"user-1","walletAddress":"0x1234567890123456789012345678901234567890"}
{"error":"invalid token","level":"warn","message":"Token revocation failed","service":"prediction-market-api","timestamp":"2026-02-09T01:21:20.459Z"}
{"level":"info","message":"Cleared user sessions","service":"prediction-market-api","timestamp":"2026-02-09T01:21:20.460Z","userId":"user-1"}
{"error":"Invalid token","ip":"127.0.0.1","level":"warn","message":"Authentication failed","service":"prediction-market-api","timestamp":"2026-02-09T02:30:18.397Z"}
{"ip":"127.0.0.1","level":"warn","message":"Admin access denied","method":"GET","path":"/test","roles":["user"],"service":"prediction-market-api","timestamp":"2026-02-09T02:30:18.399Z"}
{"ip":"127.0.0.1","level":"warn","message":"Permission denied","method":"GET","path":"/test","requiredPermission":"create_market","roles":["user"],"service":"prediction-market-api","timestamp":"2026-02-09T02:30:18.402Z"}
{"ip":"127.0.0.1","level":"warn","message":"Role access denied","method":"GET","path":"/test","requiredRoles":["moderator","admin"],"service":"prediction-market-api","timestamp":"2026-02-09T02:30:18.405Z","userRoles":["user"]}
{"field":"userId","ip":"127.0.0.1","level":"warn","message":"Ownership access denied","method":"GET","path":"/test","resourceUserId":"user456","service":"prediction-market-api","timestamp":"2026-02-09T02:30:18.407Z","userId":"user123"}
{"error":"Market not found","level":"error","marketId":"nonexistent","message":"Failed to update market","service":"prediction-market-api","timestamp":"2026-02-09T02:41:19.986Z","updaterId":"user123","updates":{}}
{"error":"Cannot read properties of undefined (reading 'ACTIVE')","level":"error","message":"Failed to get market statistics","service":"prediction-market-api","timestamp":"2026-02-09T02:41:19.988Z"}
{"error":"Market not found","level":"error","marketId":"nonexistent","message":"Failed to update market","service":"prediction-market-api","timestamp":"2026-02-09T02:57:09.118Z","updaterId":"user123","updates":{}}
{"error":"Cannot read properties of undefined (reading 'ACTIVE')","level":"error","message":"Failed to get market statistics","service":"prediction-market-api","timestamp":"2026-02-09T02:57:09.121Z"}
{"creatorId":"user123","level":"info","marketId":"market123","message":"Market created successfully","outcomesCount":2,"service":"prediction-market-api","timestamp":"2026-02-09T02:58:48.576Z","title":"Will Bitcoin reach $100k by 2024?","type":"binary"}
{"creatorId":"user123","level":"info","marketId":"market456","message":"Market created successfully","outcomesCount":3,"service":"prediction-market-api","timestamp":"2026-02-09T02:58:48.578Z","title":"Who will win the 2024 election?","type":"multi-outcome"}
{"error":"Cannot read properties of undefined (reading 'RESOLVED')","level":"error","marketId":"market123","message":"Failed to update market","service":"prediction-market-api","timestamp":"2026-02-09T02:58:48.596Z","updaterId":"user123","updates":{"title":"New Title"}}
{"error":"Cannot read properties of undefined (reading 'RESOLVED')","level":"error","marketId":"nonexistent","message":"Failed to update market","service":"prediction-market-api","timestamp":"2026-02-09T02:58:48.597Z","updaterId":"user123","updates":{}}
{"error":"Cannot read properties of undefined (reading 'RESOLVED')","level":"error","marketId":"market123","message":"Failed to update market","service":"prediction-market-api","timestamp":"2026-02-09T02:58:48.608Z","updaterId":"user123","updates":{}}
{"closerId":"user123","error":"Cannot read properties of undefined (reading 'ACTIVE')","level":"error","marketId":"market123","message":"Failed to close market","service":"prediction-market-api","timestamp":"2026-02-09T02:58:48.611Z"}
{"closerId":"user123","error":"Cannot read properties of undefined (reading 'ACTIVE')","level":"error","marketId":"market123","message":"Failed to close market","service":"prediction-market-api","timestamp":"2026-02-09T02:58:48.612Z"}
{"error":"Cannot read properties of undefined (reading 'ACTIVE')","level":"error","message":"Failed to get market statistics","service":"prediction-market-api","timestamp":"2026-02-09T02:58:48.614Z"}
{"creatorId":"user123","level":"info","marketId":"market123","message":"Market created successfully","outcomesCount":2,"service":"prediction-market-api","timestamp":"2026-02-09T03:00:10.854Z","title":"Will Bitcoin reach $100k by 2024?","type":"binary"}
{"creatorId":"user123","level":"info","marketId":"market456","message":"Market created successfully","outcomesCount":3,"service":"prediction-market-api","timestamp":"2026-02-09T03:00:10.860Z","title":"Who will win the 2024 election?","type":"multi-outcome"}
{"level":"info","marketId":"market123","message":"Market updated successfully","service":"prediction-market-api","timestamp":"2026-02-09T03:00:10.876Z","updaterId":"user123","updates":{"title":"New Title"}}
{"error":"Market not found","level":"error","marketId":"nonexistent","message":"Failed to update market","service":"prediction-market-api","timestamp":"2026-02-09T03:00:10.877Z","updaterId":"user123","updates":{}}
{"error":"Cannot update resolved market","level":"error","marketId":"market123","message":"Failed to update market","service":"prediction-market-api","timestamp":"2026-02-09T03:00:10.877Z","updaterId":"user123","updates":{}}
{"closerId":"user123","level":"info","marketId":"market123","message":"Market closed successfully","previousStatus":"ACTIVE","service":"prediction-market-api","timestamp":"2026-02-09T03:00:10.877Z"}
{"closerId":"user123","error":"Market is not active and cannot be closed","level":"error","marketId":"market123","message":"Failed to close market","service":"prediction-market-api","timestamp":"2026-02-09T03:00:10.878Z"}
{"error":"Invalid token","ip":"127.0.0.1","level":"warn","message":"Authentication failed","service":"prediction-market-api","timestamp":"2026-02-09T03:00:24.658Z"}
{"ip":"127.0.0.1","level":"warn","message":"Admin access denied","method":"GET","path":"/test","roles":["user"],"service":"prediction-market-api","timestamp":"2026-02-09T03:00:24.684Z"}
{"ip":"127.0.0.1","level":"warn","message":"Permission denied","method":"GET","path":"/test","requiredPermission":"create_market","roles":["user"],"service":"prediction-market-api","timestamp":"2026-02-09T03:00:24.691Z"}
{"ip":"127.0.0.1","level":"warn","message":"Role access denied","method":"GET","path":"/test","requiredRoles":["moderator","admin"],"service":"prediction-market-api","timestamp":"2026-02-09T03:00:24.698Z","userRoles":["user"]}
{"field":"userId","ip":"127.0.0.1","level":"warn","message":"Ownership access denied","method":"GET","path":"/test","resourceUserId":"user456","service":"prediction-market-api","timestamp":"2026-02-09T03:00:24.700Z","userId":"user123"}
{"creatorId":"user123","level":"info","marketId":"market123","message":"Market created successfully","outcomesCount":2,"service":"prediction-market-api","timestamp":"2026-02-09T03:00:24.787Z","title":"Will Bitcoin reach $100k by 2024?","type":"binary"}
{"creatorId":"user123","level":"info","marketId":"market456","message":"Market created successfully","outcomesCount":3,"service":"prediction-market-api","timestamp":"2026-02-09T03:00:24.812Z","title":"Who will win the 2024 election?","type":"multi-outcome"}
{"level":"info","marketId":"market123","message":"Market updated successfully","service":"prediction-market-api","timestamp":"2026-02-09T03:00:24.832Z","updaterId":"user123","updates":{"title":"New Title"}}
{"error":"Market not found","level":"error","marketId":"nonexistent","message":"Failed to update market","service":"prediction-market-api","timestamp":"2026-02-09T03:00:24.833Z","updaterId":"user123","updates":{}}
{"error":"Cannot update resolved market","level":"error","marketId":"market123","message":"Failed to update market","service":"prediction-market-api","timestamp":"2026-02-09T03:00:24.833Z","updaterId":"user123","updates":{}}
{"closerId":"user123","level":"info","marketId":"market123","message":"Market closed successfully","previousStatus":"ACTIVE","service":"prediction-market-api","timestamp":"2026-02-09T03:00:24.834Z"}
{"closerId":"user123","error":"Market is not active and cannot be closed","level":"error","marketId":"market123","message":"Failed to close market","service":"prediction-market-api","timestamp":"2026-02-09T03:00:24.835Z"}
{"level":"info","message":"Generated nonce for wallet authentication","nonce":"urf8605uwvn","service":"prediction-market-api","timestamp":"2026-02-09T03:00:24.914Z","walletAddress":"0x1234567890123456789012345678901234567890"}
{"level":"info","message":"Wallet authentication successful","service":"prediction-market-api","timestamp":"2026-02-09T03:00:24.941Z","userId":"user-1","walletAddress":"0xab26a9eb302fa965bd934e17960692d8d1105b1a"}
{"level":"info","message":"Created new user from wallet authentication","service":"prediction-market-api","timestamp":"2026-02-09T03:00:24.945Z","userId":"user-new","walletAddress":"0xab26a9eb302fa965bd934e17960692d8d1105b1a"}
{"level":"info","message":"Wallet authentication successful","service":"prediction-market-api","timestamp":"2026-02-09T03:00:24.946Z","userId":"user-new","walletAddress":"0xab26a9eb302fa965bd934e17960692d8d1105b1a"}
{"error":"Invalid or expired nonce","level":"error","message":"Wallet authentication failed","service":"prediction-market-api","timestamp":"2026-02-09T03:00:24.947Z","walletAddress":"0xab26a9eb302fa965bd934e17960692d8d1105b1a"}
{"error":"invalid raw signature length (argument=\"signature\", value=\"0x1234567890abcdef\", code=INVALID_ARGUMENT, version=6.16.0)","level":"error","message":"Wallet authentication failed","service":"prediction-market-api","timestamp":"2026-02-09T03:00:24.955Z","walletAddress":"0xab26a9eb302fa965bd934e17960692d8d1105b1a"}
{"error":"Invalid signature","level":"error","message":"Wallet authentication failed","service":"prediction-market-api","timestamp":"2026-02-09T03:00:24.969Z","walletAddress":"0xab26a9eb302fa965bd934e17960692d8d1105b1a"}
{"error":"invalid token","level":"warn","message":"Token validation failed","service":"prediction-market-api","timestamp":"2026-02-09T03:00:24.971Z"}
{"error":"User not found","level":"warn","message":"Token validation failed","service":"prediction-market-api","timestamp":"2026-02-09T03:00:24.973Z"}
{"level":"info","message":"Token refresh successful","service":"prediction-market-api","timestamp":"2026-02-09T03:00:24.976Z","userId":"user-1","walletAddress":"0x1234567890123456789012345678901234567890"}
{"error":"invalid token","level":"error","message":"Token refresh failed","service":"prediction-market-api","timestamp":"2026-02-09T03:00:24.976Z"}
{"error":"Invalid refresh token","level":"error","message":"Token refresh failed","service":"prediction-market-api","timestamp":"2026-02-09T03:00:24.977Z"}
{"level":"info","message":"Token revoked successfully","service":"prediction-market-api","timestamp":"2026-02-09T03:00:24.978Z","userId":"user-1","walletAddress":"0x1234567890123456789012345678901234567890"}
{"error":"invalid token","level":"warn","message":"Token revocation failed","service":"prediction-market-api","timestamp":"2026-02-09T03:00:24.979Z"}
{"level":"info","message":"Cleared user sessions","service":"prediction-market-api","timestamp":"2026-02-09T03:00:24.980Z","userId":"user-1"}
{"bestAsk":null,"bestBid":null,"existingOrders":0,"level":"info","marketId":"market-1","message":"Order book initialized","outcomeId":"outcome-1","service":"prediction-market-api","timestamp":"2026-02-09T03:06:51.135Z"}
{"bestAsk":0.7,"bestBid":0.6,"existingOrders":2,"level":"info","marketId":"market-1","message":"Order book initialized","outcomeId":"outcome-1","service":"prediction-market-api","timestamp":"2026-02-09T03:06:51.139Z"}
{"bestAsk":null,"bestBid":null,"existingOrders":0,"level":"info","marketId":"market-1","message":"Order book initialized","outcomeId":"outcome-1","service":"prediction-market-api","timestamp":"2026-02-09T03:06:51.149Z"}
{"level":"info","marketId":"market-1","message":"Order placed and processed","orderId":"order-1","outcomeId":"outcome-1","price":0.6,"quantity":100,"service":"prediction-market-api","timestamp":"2026-02-09T03:06:51.150Z","tradesExecuted":0,"type":"BUY","userId":"user-1"}
{"bestAsk":null,"bestBid":null,"existingOrders":0,"level":"info","marketId":"market-1","message":"Order book initialized","outcomeId":"outcome-1","service":"prediction-market-api","timestamp":"2026-02-09T03:06:51.150Z"}
{"level":"info","marketId":"market-1","message":"Order placed and processed","orderId":"order-1","outcomeId":"outcome-1","price":0.7,"quantity":50,"service":"prediction-market-api","timestamp":"2026-02-09T03:06:51.151Z","tradesExecuted":0,"type":"SELL","userId":"user-1"}
{"bestAsk":null,"bestBid":null,"existingOrders":0,"level":"info","marketId":"market-1","message":"Order book initialized","outcomeId":"outcome-1","service":"prediction-market-api","timestamp":"2026-02-09T03:06:51.151Z"}
{"level":"info","marketId":"market-1","message":"Order placed and processed","orderId":"sell-order-1","outcomeId":"outcome-1","price":0.6,"quantity":50,"service":"prediction-market-api","timestamp":"2026-02-09T03:06:51.151Z","tradesExecuted":0,"type":"SELL","userId":"user-1"}
{"level":"info","marketId":"market-1","message":"Order placed and processed","orderId":"buy-order-1","outcomeId":"outcome-1","price":0.6,"quantity":30,"service":"prediction-market-api","timestamp":"2026-02-09T03:06:51.152Z","tradesExecuted":1,"type":"BUY","userId":"user-2"}
{"bestAsk":null,"bestBid":null,"existingOrders":0,"level":"info","marketId":"market-1","message":"Order book initialized","outcomeId":"outcome-1","service":"prediction-market-api","timestamp":"2026-02-09T03:06:51.152Z"}
{"level":"info","marketId":"market-1","message":"Order placed and processed","orderId":"sell-order-1","outcomeId":"outcome-1","price":0.6,"quantity":30,"service":"prediction-market-api","timestamp":"2026-02-09T03:06:51.152Z","tradesExecuted":0,"type":"SELL","userId":"user-1"}
{"level":"info","marketId":"market-1","message":"Order placed and processed","orderId":"buy-order-1","outcomeId":"outcome-1","price":0.6,"quantity":50,"service":"prediction-market-api","timestamp":"2026-02-09T03:06:51.153Z","tradesExecuted":1,"type":"BUY","userId":"user-2"}
{"bestAsk":null,"bestBid":null,"existingOrders":0,"level":"info","marketId":"market-1","message":"Order book initialized","outcomeId":"outcome-1","service":"prediction-market-api","timestamp":"2026-02-09T03:06:51.153Z"}
{"level":"info","marketId":"market-1","message":"Order placed and processed","orderId":"sell-order-1","outcomeId":"outcome-1","price":0.7,"quantity":50,"service":"prediction-market-api","timestamp":"2026-02-09T03:06:51.153Z","tradesExecuted":0,"type":"SELL","userId":"user-1"}
{"level":"info","marketId":"market-1","message":"Order placed and processed","orderId":"buy-order-1","outcomeId":"outcome-1","price":0.7,"quantity":30,"service":"prediction-market-api","timestamp":"2026-02-09T03:06:51.153Z","tradesExecuted":1,"type":"BUY","userId":"user-2"}
{"bestAsk":null,"bestBid":null,"existingOrders":0,"level":"info","marketId":"market-1","message":"Order book initialized","outcomeId":"outcome-1","service":"prediction-market-api","timestamp":"2026-02-09T03:06:51.154Z"}
{"error":"User ID is required","level":"error","message":"Failed to place order","request":{"marketId":"market-1","orderType":"LIMIT","outcomeId":"outcome-1","price":0.6,"quantity":100,"type":"BUY"},"service":"prediction-market-api","timestamp":"2026-02-09T03:06:51.154Z"}
{"error":"Order type must be BUY or SELL","level":"error","message":"Failed to place order","request":{"marketId":"market-1","orderType":"LIMIT","outcomeId":"outcome-1","price":0.6,"quantity":100,"type":"INVALID","userId":"user-1"},"service":"prediction-market-api","timestamp":"2026-02-09T03:06:51.160Z"}
{"error":"Quantity must be greater than 0","level":"error","message":"Failed to place order","request":{"marketId":"market-1","orderType":"LIMIT","outcomeId":"outcome-1","price":0.6,"quantity":0,"type":"BUY","userId":"user-1"},"service":"prediction-market-api","timestamp":"2026-02-09T03:06:51.160Z"}
{"error":"Price must be between 0.01 and 0.99","level":"error","message":"Failed to place order","request":{"marketId":"market-1","orderType":"LIMIT","outcomeId":"outcome-1","price":1.5,"quantity":100,"type":"BUY","userId":"user-1"},"service":"prediction-market-api","timestamp":"2026-02-09T03:06:51.161Z"}
{"bestAsk":null,"bestBid":null,"existingOrders":0,"level":"info","marketId":"market-1","message":"Order book initialized","outcomeId":"outcome-1","service":"prediction-market-api","timestamp":"2026-02-09T03:06:51.161Z"}
{"level":"info","marketId":"market-1","message":"Order placed and processed","orderId":"order-1","outcomeId":"outcome-1","price":0.6,"quantity":100,"service":"prediction-market-api","timestamp":"2026-02-09T03:06:51.161Z","tradesExecuted":0,"type":"BUY","userId":"user-1"}
{"level":"info","marketId":"market-1","message":"Order cancelled","orderId":"order-1","outcomeId":"outcome-1","service":"prediction-market-api","timestamp":"2026-02-09T03:06:51.161Z","userId":"user-1"}
{"bestAsk":null,"bestBid":null,"existingOrders":0,"level":"info","marketId":"market-1","message":"Order book initialized","outcomeId":"outcome-1","service":"prediction-market-api","timestamp":"2026-02-09T03:06:51.162Z"}
{"error":"Unauthorized to cancel this order","level":"error","message":"Failed to cancel order","orderId":"order-1","service":"prediction-market-api","timestamp":"2026-02-09T03:06:51.162Z","userId":"user-2"}
{"bestAsk":null,"bestBid":null,"existingOrders":0,"level":"info","marketId":"market-1","message":"Order book initialized","outcomeId":"outcome-1","service":"prediction-market-api","timestamp":"2026-02-09T03:06:51.162Z"}
{"error":"Order cannot be cancelled","level":"error","message":"Failed to cancel order","orderId":"order-1","service":"prediction-market-api","timestamp":"2026-02-09T03:06:51.163Z","userId":"user-1"}
{"bestAsk":null,"bestBid":null,"existingOrders":0,"level":"info","marketId":"market-1","message":"Order book initialized","outcomeId":"outcome-1","service":"prediction-market-api","timestamp":"2026-02-09T03:06:51.163Z"}
{"error":"Order not found","level":"error","message":"Failed to cancel order","orderId":"non-existent","service":"prediction-market-api","timestamp":"2026-02-09T03:06:51.163Z","userId":"user-1"}
{"bestAsk":null,"bestBid":null,"existingOrders":0,"level":"info","marketId":"market-1","message":"Order book initialized","outcomeId":"outcome-1","service":"prediction-market-api","timestamp":"2026-02-09T03:06:51.163Z"}
{"bestAsk":null,"bestBid":null,"existingOrders":0,"level":"info","marketId":"market-1","message":"Order book initialized","outcomeId":"outcome-1","service":"prediction-market-api","timestamp":"2026-02-09T03:06:51.165Z"}
{"level":"info","marketId":"market-1","message":"Order placed and processed","orderId":"order-1","outcomeId":"outcome-1","price":0.6,"quantity":100,"service":"prediction-market-api","timestamp":"2026-02-09T03:06:51.166Z","tradesExecuted":0,"type":"BUY","userId":"user-1"}
{"level":"info","marketId":"market-1","message":"Order placed and processed","orderId":"order-2","outcomeId":"outcome-1","price":0.55,"quantity":50,"service":"prediction-market-api","timestamp":"2026-02-09T03:06:51.166Z","tradesExecuted":0,"type":"BUY","userId":"user-1"}
{"level":"info","marketId":"market-1","message":"Order placed and processed","orderId":"order-3","outcomeId":"outcome-1","price":0.65,"quantity":75,"service":"prediction-market-api","timestamp":"2026-02-09T03:06:51.166Z","tradesExecuted":0,"type":"SELL","userId":"user-2"}
{"bestAsk":null,"bestBid":null,"existingOrders":0,"level":"info","marketId":"market-1","message":"Order book initialized","outcomeId":"outcome-1","service":"prediction-market-api","timestamp":"2026-02-09T03:06:51.166Z"}
{"level":"info","marketId":"market-1","message":"Order placed and processed","orderId":"order-1","outcomeId":"outcome-1","price":0.5,"quantity":10,"service":"prediction-market-api","timestamp":"2026-02-09T03:06:51.166Z","tradesExecuted":0,"type":"BUY","userId":"user-1"}
{"level":"info","marketId":"market-1","message":"Order placed and processed","orderId":"order-2","outcomeId":"outcome-1","price":0.49,"quantity":10,"service":"prediction-market-api","timestamp":"2026-02-09T03:06:51.167Z","tradesExecuted":0,"type":"BUY","userId":"user-1"}
{"level":"info","marketId":"market-1","message":"Order placed and processed","orderId":"order-3","outcomeId":"outcome-1","price":0.48,"quantity":10,"service":"prediction-market-api","timestamp":"2026-02-09T03:06:51.167Z","tradesExecuted":0,"type":"BUY","userId":"user-1"}
{"level":"info","marketId":"market-1","message":"Order placed and processed","orderId":"order-4","outcomeId":"outcome-1","price":0.47,"quantity":10,"service":"prediction-market-api","timestamp":"2026-02-09T03:06:51.167Z","tradesExecuted":0,"type":"BUY","userId":"user-1"}
{"level":"info","marketId":"market-1","message":"Order placed and processed","orderId":"order-5","outcomeId":"outcome-1","price":0.46,"quantity":10,"service":"prediction-market-api","timestamp":"2026-02-09T03:06:51.167Z","tradesExecuted":0,"type":"BUY","userId":"user-1"}
{"level":"info","marketId":"market-1","message":"Order placed and processed","orderId":"order-6","outcomeId":"outcome-1","price":0.45,"quantity":10,"service":"prediction-market-api","timestamp":"2026-02-09T03:06:51.167Z","tradesExecuted":0,"type":"BUY","userId":"user-1"}
{"level":"info","marketId":"market-1","message":"Order placed and processed","orderId":"order-7","outcomeId":"outcome-1","price":0.44,"quantity":10,"service":"prediction-market-api","timestamp":"2026-02-09T03:06:51.167Z","tradesExecuted":0,"type":"BUY","userId":"user-1"}
{"level":"info","marketId":"market-1","message":"Order placed and processed","orderId":"order-8","outcomeId":"outcome-1","price":0.43,"quantity":10,"service":"prediction-market-api","timestamp":"2026-02-09T03:06:51.167Z","tradesExecuted":0,"type":"BUY","userId":"user-1"}
{"level":"info","marketId":"market-1","message":"Order placed and processed","orderId":"order-9","outcomeId":"outcome-1","price":0.42,"quantity":10,"service":"prediction-market-api","timestamp":"2026-02-09T03:06:51.167Z","tradesExecuted":0,"type":"BUY","userId":"user-1"}
{"level":"info","marketId":"market-1","message":"Order placed and processed","orderId":"order-10","outcomeId":"outcome-1","price":0.41000000000000003,"quantity":10,"service":"prediction-market-api","timestamp":"2026-02-09T03:06:51.167Z","tradesExecuted":0,"type":"BUY","userId":"user-1"}
{"level":"info","marketId":"market-1","message":"Order placed and processed","orderId":"order-11","outcomeId":"outcome-1","price":0.4,"quantity":10,"service":"prediction-market-api","timestamp":"2026-02-09T03:06:51.167Z","tradesExecuted":0,"type":"BUY","userId":"user-1"}
{"level":"info","marketId":"market-1","message":"Order placed and processed","orderId":"order-12","outcomeId":"outcome-1","price":0.39,"quantity":10,"service":"prediction-market-api","timestamp":"2026-02-09T03:06:51.167Z","tradesExecuted":0,"type":"BUY","userId":"user-1"}
{"level":"info","marketId":"market-1","message":"Order placed and processed","orderId":"order-13","outcomeId":"outcome-1","price":0.38,"quantity":10,"service":"prediction-market-api","timestamp":"2026-02-09T03:06:51.167Z","tradesExecuted":0,"type":"BUY","userId":"user-1"}
{"level":"info","marketId":"market-1","message":"Order placed and processed","orderId":"order-14","outcomeId":"outcome-1","price":0.37,"quantity":10,"service":"prediction-market-api","timestamp":"2026-02-09T03:06:51.167Z","tradesExecuted":0,"type":"BUY","userId":"user-1"}
{"level":"info","marketId":"market-1","message":"Order placed and processed","orderId":"order-15","outcomeId":"outcome-1","price":0.36,"quantity":10,"service":"prediction-market-api","timestamp":"2026-02-09T03:06:51.167Z","tradesExecuted":0,"type":"BUY","userId":"user-1"}
{"bestAsk":null,"bestBid":null,"existingOrders":0,"level":"info","marketId":"market-1","message":"Order book initialized","outcomeId":"outcome-1","service":"prediction-market-api","timestamp":"2026-02-09T03:06:51.167Z"}
{"level":"info","marketId":"market-1","message":"Order placed and processed","orderId":"order-1","outcomeId":"outcome-1","price":0.55,"quantity":100,"service":"prediction-market-api","timestamp":"2026-02-09T03:06:51.168Z","tradesExecuted":0,"type":"BUY","userId":"user-1"}
{"level":"info","marketId":"market-1","message":"Order placed and processed","orderId":"order-2","outcomeId":"outcome-1","price":0.6,"quantity":100,"service":"prediction-market-api","timestamp":"2026-02-09T03:06:51.168Z","tradesExecuted":0,"type":"BUY","userId":"user-2"}
{"level":"info","marketId":"market-1","message":"Order placed and processed","orderId":"order-3","outcomeId":"outcome-1","price":0.5,"quantity":100,"service":"prediction-market-api","timestamp":"2026-02-09T03:06:51.168Z","tradesExecuted":0,"type":"BUY","userId":"user-1"}
{"bestAsk":null,"bestBid":null,"existingOrders":0,"level":"info","marketId":"market-1","message":"Order book initialized","outcomeId":"outcome-1","service":"prediction-market-api","timestamp":"2026-02-09T03:06:51.168Z"}
{"level":"info","marketId":"market-1","message":"Order placed and processed","orderId":"order-1","outcomeId":"outcome-1","price":0.6,"quantity":100,"service":"prediction-market-api","timestamp":"2026-02-09T03:06:51.168Z","tradesExecuted":0,"type":"BUY","userId":"user-1"}
{"level":"info","marketId":"market-1","message":"Order placed and processed","orderId":"order-2","outcomeId":"outcome-1","price":0.6,"quantity":100,"service":"prediction-market-api","timestamp":"2026-02-09T03:06:51.168Z","tradesExecuted":0,"type":"BUY","userId":"user-2"}
{"level":"info","marketId":"market-1","message":"Order placed and processed","orderId":"order-3","outcomeId":"outcome-1","price":0.6,"quantity":100,"service":"prediction-market-api","timestamp":"2026-02-09T03:06:51.168Z","tradesExecuted":0,"type":"BUY","userId":"user-1"}
{"bestAsk":null,"bestBid":null,"existingOrders":0,"level":"info","marketId":"market-1","message":"Order book initialized","outcomeId":"outcome-1","service":"prediction-market-api","timestamp":"2026-02-09T03:06:51.169Z"}
{"level":"info","marketId":"market-1","message":"Order placed and processed","orderId":"sell-order-1","outcomeId":"outcome-1","price":0.6,"quantity":100,"service":"prediction-market-api","timestamp":"2026-02-09T03:06:51.169Z","tradesExecuted":0,"type":"SELL","userId":"user-1"}
{"level":"info","marketId":"market-1","message":"Order placed and processed","orderId":"buy-order-1","outcomeId":"outcome-1","price":0.6,"quantity":50,"service":"prediction-market-api","timestamp":"2026-02-09T03:06:51.169Z","tradesExecuted":1,"type":"BUY","userId":"user-2"}
{"bestAsk":null,"bestBid":null,"existingOrders":0,"level":"info","marketId":"market-1","message":"Order book initialized","outcomeId":"outcome-1","service":"prediction-market-api","timestamp":"2026-02-09T03:07:19.376Z"}
{"bestAsk":0.7,"bestBid":0.6,"existingOrders":2,"level":"info","marketId":"market-1","message":"Order book initialized","outcomeId":"outcome-1","service":"prediction-market-api","timestamp":"2026-02-09T03:07:19.380Z"}
{"bestAsk":null,"bestBid":null,"existingOrders":0,"level":"info","marketId":"market-1","message":"Order book initialized","outcomeId":"outcome-1","service":"prediction-market-api","timestamp":"2026-02-09T03:07:19.381Z"}
{"level":"info","marketId":"market-1","message":"Order placed and processed","orderId":"order-1","outcomeId":"outcome-1","price":0.6,"quantity":100,"service":"prediction-market-api","timestamp":"2026-02-09T03:07:19.381Z","tradesExecuted":0,"type":"BUY","userId":"user-1"}
{"bestAsk":null,"bestBid":null,"existingOrders":0,"level":"info","marketId":"market-1","message":"Order book initialized","outcomeId":"outcome-1","service":"prediction-market-api","timestamp":"2026-02-09T03:07:19.382Z"}
{"level":"info","marketId":"market-1","message":"Order placed and processed","orderId":"order-1","outcomeId":"outcome-1","price":0.7,"quantity":50,"service":"prediction-market-api","timestamp":"2026-02-09T03:07:19.382Z","tradesExecuted":0,"type":"SELL","userId":"user-1"}
{"bestAsk":null,"bestBid":null,"existingOrders":0,"level":"info","marketId":"market-1","message":"Order book initialized","outcomeId":"outcome-1","service":"prediction-market-api","timestamp":"2026-02-09T03:07:19.382Z"}
{"level":"info","marketId":"market-1","message":"Order placed and processed","orderId":"sell-order-1","outcomeId":"outcome-1","price":0.6,"quantity":50,"service":"prediction-market-api","timestamp":"2026-02-09T03:07:19.382Z","tradesExecuted":0,"type":"SELL","userId":"user-1"}
{"level":"info","marketId":"market-1","message":"Order placed and processed","orderId":"buy-order-1","outcomeId":"outcome-1","price":0.6,"quantity":30,"service":"prediction-market-api","timestamp":"2026-02-09T03:07:19.383Z","tradesExecuted":1,"type":"BUY","userId":"user-2"}
{"bestAsk":null,"bestBid":null,"existingOrders":0,"level":"info","marketId":"market-1","message":"Order book initialized","outcomeId":"outcome-1","service":"prediction-market-api","timestamp":"2026-02-09T03:07:19.384Z"}
{"level":"info","marketId":"market-1","message":"Order placed and processed","orderId":"sell-order-1","outcomeId":"outcome-1","price":0.6,"quantity":30,"service":"prediction-market-api","timestamp":"2026-02-09T03:07:19.384Z","tradesExecuted":0,"type":"SELL","userId":"user-1"}
{"level":"info","marketId":"market-1","message":"Order placed and processed","orderId":"buy-order-1","outcomeId":"outcome-1","price":0.6,"quantity":50,"service":"prediction-market-api","timestamp":"2026-02-09T03:07:19.384Z","tradesExecuted":1,"type":"BUY","userId":"user-2"}
{"bestAsk":null,"bestBid":null,"existingOrders":0,"level":"info","marketId":"market-1","message":"Order book initialized","outcomeId":"outcome-1","service":"prediction-market-api","timestamp":"2026-02-09T03:07:19.384Z"}
{"level":"info","marketId":"market-1","message":"Order placed and processed","orderId":"sell-order-1","outcomeId":"outcome-1","price":0.7,"quantity":50,"service":"prediction-market-api","timestamp":"2026-02-09T03:07:19.385Z","tradesExecuted":0,"type":"SELL","userId":"user-1"}
{"level":"info","marketId":"market-1","message":"Order placed and processed","orderId":"buy-order-1","outcomeId":"outcome-1","price":0.7,"quantity":30,"service":"prediction-market-api","timestamp":"2026-02-09T03:07:19.385Z","tradesExecuted":1,"type":"BUY","userId":"user-2"}
{"bestAsk":null,"bestBid":null,"existingOrders":0,"level":"info","marketId":"market-1","message":"Order book initialized","outcomeId":"outcome-1","service":"prediction-market-api","timestamp":"2026-02-09T03:07:19.385Z"}
{"error":"User ID is required","level":"error","message":"Failed to place order","request":{"marketId":"market-1","orderType":"LIMIT","outcomeId":"outcome-1","price":0.6,"quantity":100,"type":"BUY"},"service":"prediction-market-api","timestamp":"2026-02-09T03:07:19.385Z"}
{"error":"Order type must be BUY or SELL","level":"error","message":"Failed to place order","request":{"marketId":"market-1","orderType":"LIMIT","outcomeId":"outcome-1","price":0.6,"quantity":100,"type":"INVALID","userId":"user-1"},"service":"prediction-market-api","timestamp":"2026-02-09T03:07:19.397Z"}
{"error":"Quantity must be greater than 0","level":"error","message":"Failed to place order","request":{"marketId":"market-1","orderType":"LIMIT","outcomeId":"outcome-1","price":0.6,"quantity":0,"type":"BUY","userId":"user-1"},"service":"prediction-market-api","timestamp":"2026-02-09T03:07:19.397Z"}
{"error":"Price must be between 0.01 and 0.99","level":"error","message":"Failed to place order","request":{"marketId":"market-1","orderType":"LIMIT","outcomeId":"outcome-1","price":1.5,"quantity":100,"type":"BUY","userId":"user-1"},"service":"prediction-market-api","timestamp":"2026-02-09T03:07:19.398Z"}
{"bestAsk":null,"bestBid":null,"existingOrders":0,"level":"info","marketId":"market-1","message":"Order book initialized","outcomeId":"outcome-1","service":"prediction-market-api","timestamp":"2026-02-09T03:07:19.398Z"}
{"level":"info","marketId":"market-1","message":"Order placed and processed","orderId":"order-1","outcomeId":"outcome-1","price":0.6,"quantity":100,"service":"prediction-market-api","timestamp":"2026-02-09T03:07:19.398Z","tradesExecuted":0,"type":"BUY","userId":"user-1"}
{"level":"info","marketId":"market-1","message":"Order cancelled","orderId":"order-1","outcomeId":"outcome-1","service":"prediction-market-api","timestamp":"2026-02-09T03:07:19.398Z","userId":"user-1"}
{"bestAsk":null,"bestBid":null,"existingOrders":0,"level":"info","marketId":"market-1","message":"Order book initialized","outcomeId":"outcome-1","service":"prediction-market-api","timestamp":"2026-02-09T03:07:19.399Z"}
{"error":"Unauthorized to cancel this order","level":"error","message":"Failed to cancel order","orderId":"order-1","service":"prediction-market-api","timestamp":"2026-02-09T03:07:19.399Z","userId":"user-2"}
{"bestAsk":null,"bestBid":null,"existingOrders":0,"level":"info","marketId":"market-1","message":"Order book initialized","outcomeId":"outcome-1","service":"prediction-market-api","timestamp":"2026-02-09T03:07:19.399Z"}
{"error":"Order cannot be cancelled","level":"error","message":"Failed to cancel order","orderId":"order-1","service":"prediction-market-api","timestamp":"2026-02-09T03:07:19.400Z","userId":"user-1"}
{"bestAsk":null,"bestBid":null,"existingOrders":0,"level":"info","marketId":"market-1","message":"Order book initialized","outcomeId":"outcome-1","service":"prediction-market-api","timestamp":"2026-02-09T03:07:19.400Z"}
{"error":"Order not found","level":"error","message":"Failed to cancel order","orderId":"non-existent","service":"prediction-market-api","timestamp":"2026-02-09T03:07:19.400Z","userId":"user-1"}
{"bestAsk":null,"bestBid":null,"existingOrders":0,"level":"info","marketId":"market-1","message":"Order book initialized","outcomeId":"outcome-1","service":"prediction-market-api","timestamp":"2026-02-09T03:07:19.400Z"}
{"bestAsk":null,"bestBid":null,"existingOrders":0,"level":"info","marketId":"market-1","message":"Order book initialized","outcomeId":"outcome-1","service":"prediction-market-api","timestamp":"2026-02-09T03:07:19.400Z"}
{"level":"info","marketId":"market-1","message":"Order placed and processed","orderId":"order-1","outcomeId":"outcome-1","price":0.6,"quantity":100,"service":"prediction-market-api","timestamp":"2026-02-09T03:07:19.400Z","tradesExecuted":0,"type":"BUY","userId":"user-1"}
{"level":"info","marketId":"market-1","message":"Order placed and processed","orderId":"order-2","outcomeId":"outcome-1","price":0.55,"quantity":50,"service":"prediction-market-api","timestamp":"2026-02-09T03:07:19.400Z","tradesExecuted":0,"type":"BUY","userId":"user-1"}
{"level":"info","marketId":"market-1","message":"Order placed and processed","orderId":"order-3","outcomeId":"outcome-1","price":0.65,"quantity":75,"service":"prediction-market-api","timestamp":"2026-02-09T03:07:19.401Z","tradesExecuted":0,"type":"SELL","userId":"user-2"}
{"bestAsk":null,"bestBid":null,"existingOrders":0,"level":"info","marketId":"market-1","message":"Order book initialized","outcomeId":"outcome-1","service":"prediction-market-api","timestamp":"2026-02-09T03:07:19.401Z"}
{"level":"info","marketId":"market-1","message":"Order placed and processed","orderId":"order-1","outcomeId":"outcome-1","price":0.5,"quantity":10,"service":"prediction-market-api","timestamp":"2026-02-09T03:07:19.403Z","tradesExecuted":0,"type":"BUY","userId":"user-1"}
{"level":"info","marketId":"market-1","message":"Order placed and processed","orderId":"order-2","outcomeId":"outcome-1","price":0.49,"quantity":10,"service":"prediction-market-api","timestamp":"2026-02-09T03:07:19.403Z","tradesExecuted":0,"type":"BUY","userId":"user-1"}
{"level":"info","marketId":"market-1","message":"Order placed and processed","orderId":"order-3","outcomeId":"outcome-1","price":0.48,"quantity":10,"service":"prediction-market-api","timestamp":"2026-02-09T03:07:19.403Z","tradesExecuted":0,"type":"BUY","userId":"user-1"}
{"level":"info","marketId":"market-1","message":"Order placed and processed","orderId":"order-4","outcomeId":"outcome-1","price":0.47,"quantity":10,"service":"prediction-market-api","timestamp":"2026-02-09T03:07:19.403Z","tradesExecuted":0,"type":"BUY","userId":"user-1"}
{"level":"info","marketId":"market-1","message":"Order placed and processed","orderId":"order-5","outcomeId":"outcome-1","price":0.46,"quantity":10,"service":"prediction-market-api","timestamp":"2026-02-09T03:07:19.403Z","tradesExecuted":0,"type":"BUY","userId":"user-1"}
{"level":"info","marketId":"market-1","message":"Order placed and processed","orderId":"order-6","outcomeId":"outcome-1","price":0.45,"quantity":10,"service":"prediction-market-api","timestamp":"2026-02-09T03:07:19.403Z","tradesExecuted":0,"type":"BUY","userId":"user-1"}
{"level":"info","marketId":"market-1","message":"Order placed and processed","orderId":"order-7","outcomeId":"outcome-1","price":0.44,"quantity":10,"service":"prediction-market-api","timestamp":"2026-02-09T03:07:19.403Z","tradesExecuted":0,"type":"BUY","userId":"user-1"}
{"level":"info","marketId":"market-1","message":"Order placed and processed","orderId":"order-8","outcomeId":"outcome-1","price":0.43,"quantity":10,"service":"prediction-market-api","timestamp":"2026-02-09T03:07:19.403Z","tradesExecuted":0,"type":"BUY","userId":"user-1"}
{"level":"info","marketId":"market-1","message":"Order placed and processed","orderId":"order-9","outcomeId":"outcome-1","price":0.42,"quantity":10,"service":"prediction-market-api","timestamp":"2026-02-09T03:07:19.403Z","tradesExecuted":0,"type":"BUY","userId":"user-1"}
{"level":"info","marketId":"market-1","message":"Order placed and processed","orderId":"order-10","outcomeId":"outcome-1","price":0.41000000000000003,"quantity":10,"service":"prediction-market-api","timestamp":"2026-02-09T03:07:19.404Z","tradesExecuted":0,"type":"BUY","userId":"user-1"}
{"level":"info","marketId":"market-1","message":"Order placed and processed","orderId":"order-11","outcomeId":"outcome-1","price":0.4,"quantity":10,"service":"prediction-market-api","timestamp":"2026-02-09T03:07:19.404Z","tradesExecuted":0,"type":"BUY","userId":"user-1"}
{"level":"info","marketId":"market-1","message":"Order placed and processed","orderId":"order-12","outcomeId":"outcome-1","price":0.39,"quantity":10,"service":"prediction-market-api","timestamp":"2026-02-09T03:07:19.404Z","tradesExecuted":0,"type":"BUY","userId":"user-1"}
{"level":"info","marketId":"market-1","message":"Order placed and processed","orderId":"order-13","outcomeId":"outcome-1","price":0.38,"quantity":10,"service":"prediction-market-api","timestamp":"2026-02-09T03:07:19.404Z","tradesExecuted":0,"type":"BUY","userId":"user-1"}
{"level":"info","marketId":"market-1","message":"Order placed and processed","orderId":"order-14","outcomeId":"outcome-1","price":0.37,"quantity":10,"service":"prediction-market-api","timestamp":"2026-02-09T03:07:19.404Z","tradesExecuted":0,"type":"BUY","userId":"user-1"}
{"level":"info","marketId":"market-1","message":"Order placed and processed","orderId":"order-15","outcomeId":"outcome-1","price":0.36,"quantity":10,"service":"prediction-market-api","timestamp":"2026-02-09T03:07:19.404Z","tradesExecuted":0,"type":"BUY","userId":"user-1"}
{"bestAsk":null,"bestBid":null,"existingOrders":0,"level":"info","marketId":"market-1","message":"Order book initialized","outcomeId":"outcome-1","service":"prediction-market-api","timestamp":"2026-02-09T03:07:19.404Z"}
{"level":"info","marketId":"market-1","message":"Order placed and processed","orderId":"order-1","outcomeId":"outcome-1","price":0.55,"quantity":100,"service":"prediction-market-api","timestamp":"2026-02-09T03:07:19.405Z","tradesExecuted":0,"type":"BUY","userId":"user-1"}
{"level":"info","marketId":"market-1","message":"Order placed and processed","orderId":"order-2","outcomeId":"outcome-1","price":0.6,"quantity":100,"service":"prediction-market-api","timestamp":"2026-02-09T03:07:19.405Z","tradesExecuted":0,"type":"BUY","userId":"user-2"}
{"level":"info","marketId":"market-1","message":"Order placed and processed","orderId":"order-3","outcomeId":"outcome-1","price":0.5,"quantity":100,"service":"prediction-market-api","timestamp":"2026-02-09T03:07:19.405Z","tradesExecuted":0,"type":"BUY","userId":"user-1"}
{"bestAsk":null,"bestBid":null,"existingOrders":0,"level":"info","marketId":"market-1","message":"Order book initialized","outcomeId":"outcome-1","service":"prediction-market-api","timestamp":"2026-02-09T03:07:19.405Z"}
{"level":"info","marketId":"market-1","message":"Order placed and processed","orderId":"order-1","outcomeId":"outcome-1","price":0.6,"quantity":100,"service":"prediction-market-api","timestamp":"2026-02-09T03:07:19.405Z","tradesExecuted":0,"type":"BUY","userId":"user-1"}
{"level":"info","marketId":"market-1","message":"Order placed and processed","orderId":"order-2","outcomeId":"outcome-1","price":0.6,"quantity":100,"service":"prediction-market-api","timestamp":"2026-02-09T03:07:19.406Z","tradesExecuted":0,"type":"BUY","userId":"user-2"}
{"level":"info","marketId":"market-1","message":"Order placed and processed","orderId":"order-3","outcomeId":"outcome-1","price":0.6,"quantity":100,"service":"prediction-market-api","timestamp":"2026-02-09T03:07:19.406Z","tradesExecuted":0,"type":"BUY","userId":"user-1"}
{"bestAsk":null,"bestBid":null,"existingOrders":0,"level":"info","marketId":"market-1","message":"Order book initialized","outcomeId":"outcome-1","service":"prediction-market-api","timestamp":"2026-02-09T03:07:19.407Z"}
{"level":"info","marketId":"market-1","message":"Order placed and processed","orderId":"sell-order-1","outcomeId":"outcome-1","price":0.6,"quantity":100,"service":"prediction-market-api","timestamp":"2026-02-09T03:07:19.407Z","tradesExecuted":0,"type":"SELL","userId":"user-1"}
{"level":"info","marketId":"market-1","message":"Order placed and processed","orderId":"buy-order-1","outcomeId":"outcome-1","price":0.6,"quantity":50,"service":"prediction-market-api","timestamp":"2026-02-09T03:07:19.407Z","tradesExecuted":1,"type":"BUY","userId":"user-2"}
{"bestAsk":null,"bestBid":null,"existingOrders":0,"level":"info","marketId":"market-1","message":"Order book initialized","outcomeId":"outcome-1","service":"prediction-market-api","timestamp":"2026-02-09T03:08:38.278Z"}
{"bestAsk":0.7,"bestBid":0.6,"existingOrders":2,"level":"info","marketId":"market-1","message":"Order book initialized","outcomeId":"outcome-1","service":"prediction-market-api","timestamp":"2026-02-09T03:08:38.282Z"}
{"bestAsk":null,"bestBid":null,"existingOrders":0,"level":"info","marketId":"market-1","message":"Order book initialized","outcomeId":"outcome-1","service":"prediction-market-api","timestamp":"2026-02-09T03:08:38.283Z"}
{"level":"info","marketId":"market-1","message":"Order placed and processed","orderId":"order-1","outcomeId":"outcome-1","price":0.6,"quantity":100,"service":"prediction-market-api","timestamp":"2026-02-09T03:08:38.283Z","tradesExecuted":0,"type":"BUY","userId":"user-1"}
{"bestAsk":null,"bestBid":null,"existingOrders":0,"level":"info","marketId":"market-1","message":"Order book initialized","outcomeId":"outcome-1","service":"prediction-market-api","timestamp":"2026-02-09T03:08:38.284Z"}
{"level":"info","marketId":"market-1","message":"Order placed and processed","orderId":"order-1","outcomeId":"outcome-1","price":0.7,"quantity":50,"service":"prediction-market-api","timestamp":"2026-02-09T03:08:38.284Z","tradesExecuted":0,"type":"SELL","userId":"user-1"}
{"bestAsk":null,"bestBid":null,"existingOrders":0,"level":"info","marketId":"market-1","message":"Order book initialized","outcomeId":"outcome-1","service":"prediction-market-api","timestamp":"2026-02-09T03:08:38.284Z"}
{"level":"info","marketId":"market-1","message":"Order placed and processed","orderId":"sell-order-1","outcomeId":"outcome-1","price":0.6,"quantity":50,"service":"prediction-market-api","timestamp":"2026-02-09T03:08:38.284Z","tradesExecuted":0,"type":"SELL","userId":"user-1"}
{"level":"info","marketId":"market-1","message":"Order placed and processed","orderId":"buy-order-1","outcomeId":"outcome-1","price":0.6,"quantity":30,"service":"prediction-market-api","timestamp":"2026-02-09T03:08:38.285Z","tradesExecuted":1,"type":"BUY","userId":"user-2"}
{"bestAsk":null,"bestBid":null,"existingOrders":0,"level":"info","marketId":"market-1","message":"Order book initialized","outcomeId":"outcome-1","service":"prediction-market-api","timestamp":"2026-02-09T03:08:38.285Z"}
{"level":"info","marketId":"market-1","message":"Order placed and processed","orderId":"sell-order-1","outcomeId":"outcome-1","price":0.6,"quantity":30,"service":"prediction-market-api","timestamp":"2026-02-09T03:08:38.285Z","tradesExecuted":0,"type":"SELL","userId":"user-1"}
{"level":"info","marketId":"market-1","message":"Order placed and processed","orderId":"buy-order-1","outcomeId":"outcome-1","price":0.6,"quantity":50,"service":"prediction-market-api","timestamp":"2026-02-09T03:08:38.286Z","tradesExecuted":1,"type":"BUY","userId":"user-2"}
{"bestAsk":null,"bestBid":null,"existingOrders":0,"level":"info","marketId":"market-1","message":"Order book initialized","outcomeId":"outcome-1","service":"prediction-market-api","timestamp":"2026-02-09T03:08:38.286Z"}
{"level":"info","marketId":"market-1","message":"Order placed and processed","orderId":"sell-order-1","outcomeId":"outcome-1","price":0.7,"quantity":50,"service":"prediction-market-api","timestamp":"2026-02-09T03:08:38.286Z","tradesExecuted":0,"type":"SELL","userId":"user-1"}
{"level":"info","marketId":"market-1","message":"Order placed and processed","orderId":"buy-order-1","outcomeId":"outcome-1","price":0.7,"quantity":30,"service":"prediction-market-api","timestamp":"2026-02-09T03:08:38.286Z","tradesExecuted":1,"type":"BUY","userId":"user-2"}
{"bestAsk":null,"bestBid":null,"existingOrders":0,"level":"info","marketId":"market-1","message":"Order book initialized","outcomeId":"outcome-1","service":"prediction-market-api","timestamp":"2026-02-09T03:08:38.287Z"}
{"error":"User ID is required","level":"error","message":"Failed to place order","request":{"marketId":"market-1","orderType":"LIMIT","outcomeId":"outcome-1","price":0.6,"quantity":100,"type":"BUY"},"service":"prediction-market-api","timestamp":"2026-02-09T03:08:38.287Z"}
{"error":"Order type must be BUY or SELL","level":"error","message":"Failed to place order","request":{"marketId":"market-1","orderType":"LIMIT","outcomeId":"outcome-1","price":0.6,"quantity":100,"type":"INVALID","userId":"user-1"},"service":"prediction-market-api","timestamp":"2026-02-09T03:08:38.299Z"}
{"error":"Quantity must be greater than 0","level":"error","message":"Failed to place order","request":{"marketId":"market-1","orderType":"LIMIT","outcomeId":"outcome-1","price":0.6,"quantity":0,"type":"BUY","userId":"user-1"},"service":"prediction-market-api","timestamp":"2026-02-09T03:08:38.299Z"}
{"error":"Price must be between 0.01 and 0.99","level":"error","message":"Failed to place order","request":{"marketId":"market-1","orderType":"LIMIT","outcomeId":"outcome-1","price":1.5,"quantity":100,"type":"BUY","userId":"user-1"},"service":"prediction-market-api","timestamp":"2026-02-09T03:08:38.299Z"}
{"bestAsk":null,"bestBid":null,"existingOrders":0,"level":"info","marketId":"market-1","message":"Order book initialized","outcomeId":"outcome-1","service":"prediction-market-api","timestamp":"2026-02-09T03:08:38.300Z"}
{"level":"info","marketId":"market-1","message":"Order placed and processed","orderId":"order-1","outcomeId":"outcome-1","price":0.6,"quantity":100,"service":"prediction-market-api","timestamp":"2026-02-09T03:08:38.300Z","tradesExecuted":0,"type":"BUY","userId":"user-1"}
{"level":"info","marketId":"market-1","message":"Order cancelled","orderId":"order-1","outcomeId":"outcome-1","service":"prediction-market-api","timestamp":"2026-02-09T03:08:38.300Z","userId":"user-1"}
{"bestAsk":null,"bestBid":null,"existingOrders":0,"level":"info","marketId":"market-1","message":"Order book initialized","outcomeId":"outcome-1","service":"prediction-market-api","timestamp":"2026-02-09T03:08:38.301Z"}
{"error":"Unauthorized to cancel this order","level":"error","message":"Failed to cancel order","orderId":"order-1","service":"prediction-market-api","timestamp":"2026-02-09T03:08:38.301Z","userId":"user-2"}
{"bestAsk":null,"bestBid":null,"existingOrders":0,"level":"info","marketId":"market-1","message":"Order book initialized","outcomeId":"outcome-1","service":"prediction-market-api","timestamp":"2026-02-09T03:08:38.301Z"}
{"error":"Order cannot be cancelled","level":"error","message":"Failed to cancel order","orderId":"order-1","service":"prediction-market-api","timestamp":"2026-02-09T03:08:38.301Z","userId":"user-1"}
{"bestAsk":null,"bestBid":null,"existingOrders":0,"level":"info","marketId":"market-1","message":"Order book initialized","outcomeId":"outcome-1","service":"prediction-market-api","timestamp":"2026-02-09T03:08:38.301Z"}
{"error":"Order not found","level":"error","message":"Failed to cancel order","orderId":"non-existent","service":"prediction-market-api","timestamp":"2026-02-09T03:08:38.301Z","userId":"user-1"}
{"bestAsk":null,"bestBid":null,"existingOrders":0,"level":"info","marketId":"market-1","message":"Order book initialized","outcomeId":"outcome-1","service":"prediction-market-api","timestamp":"2026-02-09T03:08:38.302Z"}
{"bestAsk":null,"bestBid":null,"existingOrders":0,"level":"info","marketId":"market-1","message":"Order book initialized","outcomeId":"outcome-1","service":"prediction-market-api","timestamp":"2026-02-09T03:08:38.303Z"}
{"level":"info","marketId":"market-1","message":"Order placed and processed","orderId":"order-1","outcomeId":"outcome-1","price":0.6,"quantity":100,"service":"prediction-market-api","timestamp":"2026-02-09T03:08:38.304Z","tradesExecuted":0,"type":"BUY","userId":"user-1"}
{"level":"info","marketId":"market-1","message":"Order placed and processed","orderId":"order-2","outcomeId":"outcome-1","price":0.55,"quantity":50,"service":"prediction-market-api","timestamp":"2026-02-09T03:08:38.304Z","tradesExecuted":0,"type":"BUY","userId":"user-1"}
{"level":"info","marketId":"market-1","message":"Order placed and processed","orderId":"order-3","outcomeId":"outcome-1","price":0.65,"quantity":75,"service":"prediction-market-api","timestamp":"2026-02-09T03:08:38.304Z","tradesExecuted":0,"type":"SELL","userId":"user-2"}
{"bestAsk":null,"bestBid":null,"existingOrders":0,"level":"info","marketId":"market-1","message":"Order book initialized","outcomeId":"outcome-1","service":"prediction-market-api","timestamp":"2026-02-09T03:08:38.305Z"}
{"level":"info","marketId":"market-1","message":"Order placed and processed","orderId":"order-1","outcomeId":"outcome-1","price":0.5,"quantity":10,"service":"prediction-market-api","timestamp":"2026-02-09T03:08:38.305Z","tradesExecuted":0,"type":"BUY","userId":"user-1"}
{"level":"info","marketId":"market-1","message":"Order placed and processed","orderId":"order-2","outcomeId":"outcome-1","price":0.49,"quantity":10,"service":"prediction-market-api","timestamp":"2026-02-09T03:08:38.305Z","tradesExecuted":0,"type":"BUY","userId":"user-1"}
{"level":"info","marketId":"market-1","message":"Order placed and processed","orderId":"order-3","outcomeId":"outcome-1","price":0.48,"quantity":10,"service":"prediction-market-api","timestamp":"2026-02-09T03:08:38.305Z","tradesExecuted":0,"type":"BUY","userId":"user-1"}
{"level":"info","marketId":"market-1","message":"Order placed and processed","orderId":"order-4","outcomeId":"outcome-1","price":0.47,"quantity":10,"service":"prediction-market-api","timestamp":"2026-02-09T03:08:38.305Z","tradesExecuted":0,"type":"BUY","userId":"user-1"}
{"level":"info","marketId":"market-1","message":"Order placed and processed","orderId":"order-5","outcomeId":"outcome-1","price":0.46,"quantity":10,"service":"prediction-market-api","timestamp":"2026-02-09T03:08:38.305Z","tradesExecuted":0,"type":"BUY","userId":"user-1"}
{"level":"info","marketId":"market-1","message":"Order placed and processed","orderId":"order-6","outcomeId":"outcome-1","price":0.45,"quantity":10,"service":"prediction-market-api","timestamp":"2026-02-09T03:08:38.305Z","tradesExecuted":0,"type":"BUY","userId":"user-1"}
{"level":"info","marketId":"market-1","message":"Order placed and processed","orderId":"order-7","outcomeId":"outcome-1","price":0.44,"quantity":10,"service":"prediction-market-api","timestamp":"2026-02-09T03:08:38.305Z","tradesExecuted":0,"type":"BUY","userId":"user-1"}
{"level":"info","marketId":"market-1","message":"Order placed and processed","orderId":"order-8","outcomeId":"outcome-1","price":0.43,"quantity":10,"service":"prediction-market-api","timestamp":"2026-02-09T03:08:38.305Z","tradesExecuted":0,"type":"BUY","userId":"user-1"}
{"level":"info","marketId":"market-1","message":"Order placed and processed","orderId":"order-9","outcomeId":"outcome-1","price":0.42,"quantity":10,"service":"prediction-market-api","timestamp":"2026-02-09T03:08:38.305Z","tradesExecuted":0,"type":"BUY","userId":"user-1"}
{"level":"info","marketId":"market-1","message":"Order placed and processed","orderId":"order-10","outcomeId":"outcome-1","price":0.41000000000000003,"quantity":10,"service":"prediction-market-api","timestamp":"2026-02-09T03:08:38.305Z","tradesExecuted":0,"type":"BUY","userId":"user-1"}
{"level":"info","marketId":"market-1","message":"Order placed and processed","orderId":"order-11","outcomeId":"outcome-1","price":0.4,"quantity":10,"service":"prediction-market-api","timestamp":"2026-02-09T03:08:38.305Z","tradesExecuted":0,"type":"BUY","userId":"user-1"}
{"level":"info","marketId":"market-1","message":"Order placed and processed","orderId":"order-12","outcomeId":"outcome-1","price":0.39,"quantity":10,"service":"prediction-market-api","timestamp":"2026-02-09T03:08:38.305Z","tradesExecuted":0,"type":"BUY","userId":"user-1"}
{"level":"info","marketId":"market-1","message":"Order placed and processed","orderId":"order-13","outcomeId":"outcome-1","price":0.38,"quantity":10,"service":"prediction-market-api","timestamp":"2026-02-09T03:08:38.305Z","tradesExecuted":0,"type":"BUY","userId":"user-1"}
{"level":"info","marketId":"market-1","message":"Order placed and processed","orderId":"order-14","outcomeId":"outcome-1","price":0.37,"quantity":10,"service":"prediction-market-api","timestamp":"2026-02-09T03:08:38.305Z","tradesExecuted":0,"type":"BUY","userId":"user-1"}
{"level":"info","marketId":"market-1","message":"Order placed and processed","orderId":"order-15","outcomeId":"outcome-1","price":0.36,"quantity":10,"service":"prediction-market-api","timestamp":"2026-02-09T03:08:38.306Z","tradesExecuted":0,"type":"BUY","userId":"user-1"}
{"bestAsk":null,"bestBid":null,"existingOrders":0,"level":"info","marketId":"market-1","message":"Order book initialized","outcomeId":"outcome-1","service":"prediction-market-api","timestamp":"2026-02-09T03:08:38.306Z"}
{"level":"info","marketId":"market-1","message":"Order placed and processed","orderId":"order-1","outcomeId":"outcome-1","price":0.55,"quantity":100,"service":"prediction-market-api","timestamp":"2026-02-09T03:08:38.306Z","tradesExecuted":0,"type":"BUY","userId":"user-1"}
{"level":"info","marketId":"market-1","message":"Order placed and processed","orderId":"order-2","outcomeId":"outcome-1","price":0.6,"quantity":100,"service":"prediction-market-api","timestamp":"2026-02-09T03:08:38.306Z","tradesExecuted":0,"type":"BUY","userId":"user-2"}
{"level":"info","marketId":"market-1","message":"Order placed and processed","orderId":"order-3","outcomeId":"outcome-1","price":0.5,"quantity":100,"service":"prediction-market-api","timestamp":"2026-02-09T03:08:38.306Z","tradesExecuted":0,"type":"BUY","userId":"user-1"}
{"bestAsk":null,"bestBid":null,"existingOrders":0,"level":"info","marketId":"market-1","message":"Order book initialized","outcomeId":"outcome-1","service":"prediction-market-api","timestamp":"2026-02-09T03:08:38.306Z"}
{"level":"info","marketId":"market-1","message":"Order placed and processed","orderId":"order-1","outcomeId":"outcome-1","price":0.6,"quantity":100,"service":"prediction-market-api","timestamp":"2026-02-09T03:08:38.306Z","tradesExecuted":0,"type":"BUY","userId":"user-1"}
{"level":"info","marketId":"market-1","message":"Order placed and processed","orderId":"order-2","outcomeId":"outcome-1","price":0.6,"quantity":100,"service":"prediction-market-api","timestamp":"2026-02-09T03:08:38.306Z","tradesExecuted":0,"type":"BUY","userId":"user-2"}
{"level":"info","marketId":"market-1","message":"Order placed and processed","orderId":"order-3","outcomeId":"outcome-1","price":0.6,"quantity":100,"service":"prediction-market-api","timestamp":"2026-02-09T03:08:38.306Z","tradesExecuted":0,"type":"BUY","userId":"user-1"}
{"bestAsk":null,"bestBid":null,"existingOrders":0,"level":"info","marketId":"market-1","message":"Order book initialized","outcomeId":"outcome-1","service":"prediction-market-api","timestamp":"2026-02-09T03:08:38.307Z"}
{"level":"info","marketId":"market-1","message":"Order placed and processed","orderId":"sell-order-1","outcomeId":"outcome-1","price":0.6,"quantity":100,"service":"prediction-market-api","timestamp":"2026-02-09T03:08:38.307Z","tradesExecuted":0,"type":"SELL","userId":"user-1"}
{"level":"info","marketId":"market-1","message":"Order placed and processed","orderId":"buy-order-1","outcomeId":"outcome-1","price":0.6,"quantity":50,"service":"prediction-market-api","timestamp":"2026-02-09T03:08:38.307Z","tradesExecuted":1,"type":"BUY","userId":"user-2"}
{"error":"Cannot create position with negative or zero quantity","level":"error","message":"Failed to execute trade","request":{"buyOrderId":"buy-order-1","buyerFee":0.12,"buyerId":"buyer-1","marketId":"market-1","outcomeId":"outcome-1","price":0.6,"quantity":100,"sellOrderId":"sell-order-1","sellerFee":0.12,"sellerId":"seller-1","totalValue":60},"service":"prediction-market-api","timestamp":"2026-02-09T03:12:13.055Z"}
{"error":"Cannot create position with negative or zero quantity","level":"error","message":"Failed to execute trade","request":{"buyOrderId":"buy-order-1","buyerFee":0.12,"buyerId":"buyer-1","marketId":"market-1","outcomeId":"outcome-1","price":0.6,"quantity":100,"sellOrderId":"sell-order-1","sellerFee":0.12,"sellerId":"seller-1","totalValue":60},"service":"prediction-market-api","timestamp":"2026-02-09T03:12:13.069Z"}
{"error":"Market ID and Outcome ID are required","level":"error","message":"Failed to execute trade","request":{"buyOrderId":"buy-order-1","buyerFee":0.12,"buyerId":"buyer-1","marketId":"","outcomeId":"outcome-1","price":0.6,"quantity":100,"sellOrderId":"sell-order-1","sellerFee":0.12,"sellerId":"seller-1","totalValue":60},"service":"prediction-market-api","timestamp":"2026-02-09T03:12:13.071Z"}
{"error":"Buyer ID and Seller ID are required","level":"error","message":"Failed to execute trade","request":{"buyOrderId":"buy-order-1","buyerFee":0.12,"buyerId":"","marketId":"market-1","outcomeId":"outcome-1","price":0.6,"quantity":100,"sellOrderId":"sell-order-1","sellerFee":0.12,"sellerId":"seller-1","totalValue":60},"service":"prediction-market-api","timestamp":"2026-02-09T03:12:13.071Z"}
{"error":"Quantity must be greater than 0","level":"error","message":"Failed to execute trade","request":{"buyOrderId":"buy-order-1","buyerFee":0.12,"buyerId":"buyer-1","marketId":"market-1","outcomeId":"outcome-1","price":0.6,"quantity":0,"sellOrderId":"sell-order-1","sellerFee":0.12,"sellerId":"seller-1","totalValue":60},"service":"prediction-market-api","timestamp":"2026-02-09T03:12:13.072Z"}
{"error":"Price must be between 0 and 1","level":"error","message":"Failed to execute trade","request":{"buyOrderId":"buy-order-1","buyerFee":0.12,"buyerId":"buyer-1","marketId":"market-1","outcomeId":"outcome-1","price":1.5,"quantity":100,"sellOrderId":"sell-order-1","sellerFee":0.12,"sellerId":"seller-1","totalValue":60},"service":"prediction-market-api","timestamp":"2026-02-09T03:12:13.072Z"}
{"error":"Total value must be greater than 0","level":"error","message":"Failed to execute trade","request":{"buyOrderId":"buy-order-1","buyerFee":0.12,"buyerId":"buyer-1","marketId":"market-1","outcomeId":"outcome-1","price":0.6,"quantity":100,"sellOrderId":"sell-order-1","sellerFee":0.12,"sellerId":"seller-1","totalValue":-10},"service":"prediction-market-api","timestamp":"2026-02-09T03:12:13.072Z"}
{"error":"Cannot create position with negative or zero quantity","level":"error","message":"Failed to execute trade","request":{"buyOrderId":"buy-order-1","buyerFee":0.12,"buyerId":"buyer-1","marketId":"market-1","outcomeId":"outcome-1","price":0.6,"quantity":100,"sellOrderId":"sell-order-1","sellerFee":0.12,"sellerId":"seller-1","totalValue":60},"service":"prediction-market-api","timestamp":"2026-02-09T03:12:13.073Z"}
{"error":"Market is not active","level":"error","message":"Failed to execute trade","request":{"buyOrderId":"buy-order-1","buyerFee":0.12,"buyerId":"buyer-1","marketId":"market-1","outcomeId":"outcome-1","price":0.6,"quantity":100,"sellOrderId":"sell-order-1","sellerFee":0.12,"sellerId":"seller-1","totalValue":60},"service":"prediction-market-api","timestamp":"2026-02-09T03:12:13.086Z"}
{"error":"Buyer not found","level":"error","message":"Failed to execute trade","request":{"buyOrderId":"buy-order-1","buyerFee":0.12,"buyerId":"buyer-1","marketId":"market-1","outcomeId":"outcome-1","price":0.6,"quantity":100,"sellOrderId":"sell-order-1","sellerFee":0.12,"sellerId":"seller-1","totalValue":60},"service":"prediction-market-api","timestamp":"2026-02-09T03:12:13.088Z"}
{"level":"info","marketId":"market-1","message":"Multiple trades executed successfully","outcomeId":"outcome-1","service":"prediction-market-api","timestamp":"2026-02-09T03:12:13.101Z","totalVolume":46.25,"tradesCount":2}
{"buyerId":"buyer-1","level":"info","marketId":"market-1","message":"Trade executed successfully","outcomeId":"outcome-1","price":0.6,"quantity":100,"sellerId":"seller-1","service":"prediction-market-api","timestamp":"2026-02-09T03:14:23.412Z","totalValue":60,"tradeId":"trade-1"}
{"buyerId":"buyer-1","level":"info","marketId":"market-1","message":"Trade executed successfully","outcomeId":"outcome-1","price":0.6,"quantity":100,"sellerId":"seller-1","service":"prediction-market-api","timestamp":"2026-02-09T03:14:23.416Z","totalValue":60,"tradeId":"trade-1"}
{"error":"Market ID and Outcome ID are required","level":"error","message":"Failed to execute trade","request":{"buyOrderId":"buy-order-1","buyerFee":0.12,"buyerId":"buyer-1","marketId":"","outcomeId":"outcome-1","price":0.6,"quantity":100,"sellOrderId":"sell-order-1","sellerFee":0.12,"sellerId":"seller-1","totalValue":60},"service":"prediction-market-api","timestamp":"2026-02-09T03:14:23.416Z"}
{"error":"Buyer ID and Seller ID are required","level":"error","message":"Failed to execute trade","request":{"buyOrderId":"buy-order-1","buyerFee":0.12,"buyerId":"","marketId":"market-1","outcomeId":"outcome-1","price":0.6,"quantity":100,"sellOrderId":"sell-order-1","sellerFee":0.12,"sellerId":"seller-1","totalValue":60},"service":"prediction-market-api","timestamp":"2026-02-09T03:14:23.428Z"}
{"error":"Quantity must be greater than 0","level":"error","message":"Failed to execute trade","request":{"buyOrderId":"buy-order-1","buyerFee":0.12,"buyerId":"buyer-1","marketId":"market-1","outcomeId":"outcome-1","price":0.6,"quantity":0,"sellOrderId":"sell-order-1","sellerFee":0.12,"sellerId":"seller-1","totalValue":60},"service":"prediction-market-api","timestamp":"2026-02-09T03:14:23.429Z"}
{"error":"Price must be between 0 and 1","level":"error","message":"Failed to execute trade","request":{"buyOrderId":"buy-order-1","buyerFee":0.12,"buyerId":"buyer-1","marketId":"market-1","outcomeId":"outcome-1","price":1.5,"quantity":100,"sellOrderId":"sell-order-1","sellerFee":0.12,"sellerId":"seller-1","totalValue":60},"service":"prediction-market-api","timestamp":"2026-02-09T03:14:23.429Z"}
{"error":"Total value must be greater than 0","level":"error","message":"Failed to execute trade","request":{"buyOrderId":"buy-order-1","buyerFee":0.12,"buyerId":"buyer-1","marketId":"market-1","outcomeId":"outcome-1","price":0.6,"quantity":100,"sellOrderId":"sell-order-1","sellerFee":0.12,"sellerId":"seller-1","totalValue":-10},"service":"prediction-market-api","timestamp":"2026-02-09T03:14:23.429Z"}
{"buyerId":"buyer-1","level":"info","marketId":"market-1","message":"Trade executed successfully","outcomeId":"outcome-1","price":0.6,"quantity":100,"sellerId":"seller-1","service":"prediction-market-api","timestamp":"2026-02-09T03:14:23.430Z","totalValue":60,"tradeId":"trade-1"}
{"error":"Market is not active","level":"error","message":"Failed to execute trade","request":{"buyOrderId":"buy-order-1","buyerFee":0.12,"buyerId":"buyer-1","marketId":"market-1","outcomeId":"outcome-1","price":0.6,"quantity":100,"sellOrderId":"sell-order-1","sellerFee":0.12,"sellerId":"seller-1","totalValue":60},"service":"prediction-market-api","timestamp":"2026-02-09T03:14:23.431Z"}
{"error":"Buyer not found","level":"error","message":"Failed to execute trade","request":{"buyOrderId":"buy-order-1","buyerFee":0.12,"buyerId":"buyer-1","marketId":"market-1","outcomeId":"outcome-1","price":0.6,"quantity":100,"sellOrderId":"sell-order-1","sellerFee":0.12,"sellerId":"seller-1","totalValue":60},"service":"prediction-market-api","timestamp":"2026-02-09T03:14:23.432Z"}
{"level":"info","marketId":"market-1","message":"Multiple trades executed successfully","outcomeId":"outcome-1","service":"prediction-market-api","timestamp":"2026-02-09T03:14:23.449Z","totalVolume":46.25,"tradesCount":2}
{"buyerId":"buyer-1","level":"info","marketId":"market-1","message":"Trade executed successfully","outcomeId":"outcome-1","price":0.6,"quantity":100,"sellerId":"seller-1","service":"prediction-market-api","timestamp":"2026-02-09T03:14:58.313Z","totalValue":60,"tradeId":"trade-1"}
{"buyerId":"buyer-1","level":"info","marketId":"market-1","message":"Trade executed successfully","outcomeId":"outcome-1","price":0.6,"quantity":100,"sellerId":"seller-1","service":"prediction-market-api","timestamp":"2026-02-09T03:14:58.317Z","totalValue":60,"tradeId":"trade-1"}
{"error":"Market ID and Outcome ID are required","level":"error","message":"Failed to execute trade","request":{"buyOrderId":"buy-order-1","buyerFee":0.12,"buyerId":"buyer-1","marketId":"","outcomeId":"outcome-1","price":0.6,"quantity":100,"sellOrderId":"sell-order-1","sellerFee":0.12,"sellerId":"seller-1","totalValue":60},"service":"prediction-market-api","timestamp":"2026-02-09T03:14:58.318Z"}
{"error":"Buyer ID and Seller ID are required","level":"error","message":"Failed to execute trade","request":{"buyOrderId":"buy-order-1","buyerFee":0.12,"buyerId":"","marketId":"market-1","outcomeId":"outcome-1","price":0.6,"quantity":100,"sellOrderId":"sell-order-1","sellerFee":0.12,"sellerId":"seller-1","totalValue":60},"service":"prediction-market-api","timestamp":"2026-02-09T03:14:58.333Z"}
{"error":"Quantity must be greater than 0","level":"error","message":"Failed to execute trade","request":{"buyOrderId":"buy-order-1","buyerFee":0.12,"buyerId":"buyer-1","marketId":"market-1","outcomeId":"outcome-1","price":0.6,"quantity":0,"sellOrderId":"sell-order-1","sellerFee":0.12,"sellerId":"seller-1","totalValue":60},"service":"prediction-market-api","timestamp":"2026-02-09T03:14:58.333Z"}
{"error":"Price must be between 0 and 1","level":"error","message":"Failed to execute trade","request":{"buyOrderId":"buy-order-1","buyerFee":0.12,"buyerId":"buyer-1","marketId":"market-1","outcomeId":"outcome-1","price":1.5,"quantity":100,"sellOrderId":"sell-order-1","sellerFee":0.12,"sellerId":"seller-1","totalValue":60},"service":"prediction-market-api","timestamp":"2026-02-09T03:14:58.333Z"}
{"error":"Total value must be greater than 0","level":"error","message":"Failed to execute trade","request":{"buyOrderId":"buy-order-1","buyerFee":0.12,"buyerId":"buyer-1","marketId":"market-1","outcomeId":"outcome-1","price":0.6,"quantity":100,"sellOrderId":"sell-order-1","sellerFee":0.12,"sellerId":"seller-1","totalValue":-10},"service":"prediction-market-api","timestamp":"2026-02-09T03:14:58.334Z"}
{"buyerId":"buyer-1","level":"info","marketId":"market-1","message":"Trade executed successfully","outcomeId":"outcome-1","price":0.6,"quantity":100,"sellerId":"seller-1","service":"prediction-market-api","timestamp":"2026-02-09T03:14:58.334Z","totalValue":60,"tradeId":"trade-1"}
{"error":"Market is not active","level":"error","message":"Failed to execute trade","request":{"buyOrderId":"buy-order-1","buyerFee":0.12,"buyerId":"buyer-1","marketId":"market-1","outcomeId":"outcome-1","price":0.6,"quantity":100,"sellOrderId":"sell-order-1","sellerFee":0.12,"sellerId":"seller-1","totalValue":60},"service":"prediction-market-api","timestamp":"2026-02-09T03:14:58.336Z"}
{"error":"Buyer not found","level":"error","message":"Failed to execute trade","request":{"buyOrderId":"buy-order-1","buyerFee":0.12,"buyerId":"buyer-1","marketId":"market-1","outcomeId":"outcome-1","price":0.6,"quantity":100,"sellOrderId":"sell-order-1","sellerFee":0.12,"sellerId":"seller-1","totalValue":60},"service":"prediction-market-api","timestamp":"2026-02-09T03:14:58.336Z"}
{"level":"info","marketId":"market-1","message":"Multiple trades executed successfully","outcomeId":"outcome-1","service":"prediction-market-api","timestamp":"2026-02-09T03:14:58.352Z","totalVolume":46.25,"tradesCount":2}
{"buyerId":"buyer-1","level":"info","marketId":"market-1","message":"Trade executed successfully","outcomeId":"outcome-1","price":0.6,"quantity":100,"sellerId":"seller-1","service":"prediction-market-api","timestamp":"2026-02-09T03:15:47.502Z","totalValue":60,"tradeId":"trade-1"}
{"buyerId":"buyer-1","level":"info","marketId":"market-1","message":"Trade executed successfully","outcomeId":"outcome-1","price":0.6,"quantity":100,"sellerId":"seller-1","service":"prediction-market-api","timestamp":"2026-02-09T03:15:47.506Z","totalValue":60,"tradeId":"trade-1"}
{"error":"Market ID and Outcome ID are required","level":"error","message":"Failed to execute trade","request":{"buyOrderId":"buy-order-1","buyerFee":0.12,"buyerId":"buyer-1","marketId":"","outcomeId":"outcome-1","price":0.6,"quantity":100,"sellOrderId":"sell-order-1","sellerFee":0.12,"sellerId":"seller-1","totalValue":60},"service":"prediction-market-api","timestamp":"2026-02-09T03:15:47.507Z"}
{"error":"Buyer ID and Seller ID are required","level":"error","message":"Failed to execute trade","request":{"buyOrderId":"buy-order-1","buyerFee":0.12,"buyerId":"","marketId":"market-1","outcomeId":"outcome-1","price":0.6,"quantity":100,"sellOrderId":"sell-order-1","sellerFee":0.12,"sellerId":"seller-1","totalValue":60},"service":"prediction-market-api","timestamp":"2026-02-09T03:15:47.518Z"}
{"error":"Quantity must be greater than 0","level":"error","message":"Failed to execute trade","request":{"buyOrderId":"buy-order-1","buyerFee":0.12,"buyerId":"buyer-1","marketId":"market-1","outcomeId":"outcome-1","price":0.6,"quantity":0,"sellOrderId":"sell-order-1","sellerFee":0.12,"sellerId":"seller-1","totalValue":60},"service":"prediction-market-api","timestamp":"2026-02-09T03:15:47.519Z"}
{"error":"Price must be between 0 and 1","level":"error","message":"Failed to execute trade","request":{"buyOrderId":"buy-order-1","buyerFee":0.12,"buyerId":"buyer-1","marketId":"market-1","outcomeId":"outcome-1","price":1.5,"quantity":100,"sellOrderId":"sell-order-1","sellerFee":0.12,"sellerId":"seller-1","totalValue":60},"service":"prediction-market-api","timestamp":"2026-02-09T03:15:47.519Z"}
{"error":"Total value must be greater than 0","level":"error","message":"Failed to execute trade","request":{"buyOrderId":"buy-order-1","buyerFee":0.12,"buyerId":"buyer-1","marketId":"market-1","outcomeId":"outcome-1","price":0.6,"quantity":100,"sellOrderId":"sell-order-1","sellerFee":0.12,"sellerId":"seller-1","totalValue":-10},"service":"prediction-market-api","timestamp":"2026-02-09T03:15:47.519Z"}
{"error":"Buyer not found","level":"error","message":"Failed to execute trade","request":{"buyOrderId":"buy-order-1","buyerFee":0.12,"buyerId":"buyer-1","marketId":"market-1","outcomeId":"outcome-1","price":0.6,"quantity":100,"sellOrderId":"sell-order-1","sellerFee":0.12,"sellerId":"seller-1","totalValue":60},"service":"prediction-market-api","timestamp":"2026-02-09T03:15:47.520Z"}
{"error":"Market is not active","level":"error","message":"Failed to execute trade","request":{"buyOrderId":"buy-order-1","buyerFee":0.12,"buyerId":"buyer-1","marketId":"market-1","outcomeId":"outcome-1","price":0.6,"quantity":100,"sellOrderId":"sell-order-1","sellerFee":0.12,"sellerId":"seller-1","totalValue":60},"service":"prediction-market-api","timestamp":"2026-02-09T03:15:47.520Z"}
{"buyerId":"buyer-1","level":"info","marketId":"market-1","message":"Trade executed successfully","outcomeId":"outcome-1","price":0.6,"quantity":100,"sellerId":"seller-1","service":"prediction-market-api","timestamp":"2026-02-09T03:15:47.521Z","totalValue":60,"tradeId":"trade-1"}
{"error":"User not found","level":"error","message":"Failed to get user balance","service":"prediction-market-api","timestamp":"2026-02-09T03:15:47.525Z","userId":"non-existent"}
{"level":"info","marketId":"market-1","message":"Multiple trades executed successfully","outcomeId":"outcome-1","service":"prediction-market-api","timestamp":"2026-02-09T03:15:47.528Z","totalVolume":46.25,"tradesCount":2}
{"buyerId":"buyer-1","level":"info","marketId":"market-1","message":"Trade executed successfully","outcomeId":"outcome-1","price":0.6,"quantity":100,"sellerId":"seller-1","service":"prediction-market-api","timestamp":"2026-02-09T03:16:10.884Z","totalValue":60,"tradeId":"trade-1"}
{"buyerId":"buyer-1","level":"info","marketId":"market-1","message":"Trade executed successfully","outcomeId":"outcome-1","price":0.6,"quantity":100,"sellerId":"seller-1","service":"prediction-market-api","timestamp":"2026-02-09T03:16:10.888Z","totalValue":60,"tradeId":"trade-1"}
{"error":"Market ID and Outcome ID are required","level":"error","message":"Failed to execute trade","request":{"buyOrderId":"buy-order-1","buyerFee":0.12,"buyerId":"buyer-1","marketId":"","outcomeId":"outcome-1","price":0.6,"quantity":100,"sellOrderId":"sell-order-1","sellerFee":0.12,"sellerId":"seller-1","totalValue":60},"service":"prediction-market-api","timestamp":"2026-02-09T03:16:10.889Z"}
{"error":"Buyer ID and Seller ID are required","level":"error","message":"Failed to execute trade","request":{"buyOrderId":"buy-order-1","buyerFee":0.12,"buyerId":"","marketId":"market-1","outcomeId":"outcome-1","price":0.6,"quantity":100,"sellOrderId":"sell-order-1","sellerFee":0.12,"sellerId":"seller-1","totalValue":60},"service":"prediction-market-api","timestamp":"2026-02-09T03:16:10.900Z"}
{"error":"Quantity must be greater than 0","level":"error","message":"Failed to execute trade","request":{"buyOrderId":"buy-order-1","buyerFee":0.12,"buyerId":"buyer-1","marketId":"market-1","outcomeId":"outcome-1","price":0.6,"quantity":0,"sellOrderId":"sell-order-1","sellerFee":0.12,"sellerId":"seller-1","totalValue":60},"service":"prediction-market-api","timestamp":"2026-02-09T03:16:10.901Z"}
{"error":"Price must be between 0 and 1","level":"error","message":"Failed to execute trade","request":{"buyOrderId":"buy-order-1","buyerFee":0.12,"buyerId":"buyer-1","marketId":"market-1","outcomeId":"outcome-1","price":1.5,"quantity":100,"sellOrderId":"sell-order-1","sellerFee":0.12,"sellerId":"seller-1","totalValue":60},"service":"prediction-market-api","timestamp":"2026-02-09T03:16:10.901Z"}
{"error":"Total value must be greater than 0","level":"error","message":"Failed to execute trade","request":{"buyOrderId":"buy-order-1","buyerFee":0.12,"buyerId":"buyer-1","marketId":"market-1","outcomeId":"outcome-1","price":0.6,"quantity":100,"sellOrderId":"sell-order-1","sellerFee":0.12,"sellerId":"seller-1","totalValue":-10},"service":"prediction-market-api","timestamp":"2026-02-09T03:16:10.901Z"}
{"error":"Buyer not found","level":"error","message":"Failed to execute trade","request":{"buyOrderId":"buy-order-1","buyerFee":0.12,"buyerId":"buyer-1","marketId":"market-1","outcomeId":"outcome-1","price":0.6,"quantity":100,"sellOrderId":"sell-order-1","sellerFee":0.12,"sellerId":"seller-1","totalValue":60},"service":"prediction-market-api","timestamp":"2026-02-09T03:16:10.902Z"}
{"error":"Market is not active","level":"error","message":"Failed to execute trade","request":{"buyOrderId":"buy-order-1","buyerFee":0.12,"buyerId":"buyer-1","marketId":"market-1","outcomeId":"outcome-1","price":0.6,"quantity":100,"sellOrderId":"sell-order-1","sellerFee":0.12,"sellerId":"seller-1","totalValue":60},"service":"prediction-market-api","timestamp":"2026-02-09T03:16:10.902Z"}
{"buyerId":"buyer-1","level":"info","marketId":"market-1","message":"Trade executed successfully","outcomeId":"outcome-1","price":0.6,"quantity":100,"sellerId":"seller-1","service":"prediction-market-api","timestamp":"2026-02-09T03:16:10.903Z","totalValue":60,"tradeId":"trade-1"}
{"error":"User not found","level":"error","message":"Failed to get user balance","service":"prediction-market-api","timestamp":"2026-02-09T03:16:10.905Z","userId":"non-existent"}
{"level":"info","marketId":"market-1","message":"Multiple trades executed successfully","outcomeId":"outcome-1","service":"prediction-market-api","timestamp":"2026-02-09T03:16:10.910Z","totalVolume":46.25,"tradesCount":2}
{"error":"Order ownership mismatch","level":"error","message":"Failed to execute trade","request":{"buyOrderId":"buy-order-1","buyerFee":0.12,"buyerId":"buyer-1","marketId":"market-1","outcomeId":"outcome-1","price":0.6,"quantity":100,"sellOrderId":"sell-order-1","sellerFee":0.12,"sellerId":"seller-1","totalValue":60},"service":"prediction-market-api","timestamp":"2026-02-09T03:17:02.632Z"}
{"error":"Invalid token","ip":"127.0.0.1","level":"warn","message":"Authentication failed","service":"prediction-market-api","timestamp":"2026-02-09T03:49:45.603Z"}
{"ip":"127.0.0.1","level":"warn","message":"Admin access denied","method":"GET","path":"/test","roles":["user"],"service":"prediction-market-api","timestamp":"2026-02-09T03:49:45.646Z"}
{"ip":"127.0.0.1","level":"warn","message":"Permission denied","method":"GET","path":"/test","requiredPermission":"create_market","roles":["user"],"service":"prediction-market-api","timestamp":"2026-02-09T03:49:45.652Z"}
{"ip":"127.0.0.1","level":"warn","message":"Role access denied","method":"GET","path":"/test","requiredRoles":["moderator","admin"],"service":"prediction-market-api","timestamp":"2026-02-09T03:49:45.661Z","userRoles":["user"]}
{"field":"userId","ip":"127.0.0.1","level":"warn","message":"Ownership access denied","method":"GET","path":"/test","resourceUserId":"user456","service":"prediction-market-api","timestamp":"2026-02-09T03:49:45.674Z","userId":"user123"}
{"buyerId":"buyer-1","level":"info","marketId":"market-1","message":"Trade executed successfully","outcomeId":"outcome-1","price":0.6,"quantity":100,"sellerId":"seller-1","service":"prediction-market-api","timestamp":"2026-02-09T03:49:45.841Z","totalValue":60,"tradeId":"trade-1"}
{"buyerId":"buyer-1","level":"info","marketId":"market-1","message":"Trade executed successfully","outcomeId":"outcome-1","price":0.6,"quantity":100,"sellerId":"seller-1","service":"prediction-market-api","timestamp":"2026-02-09T03:49:45.870Z","totalValue":60,"tradeId":"trade-1"}
{"error":"Market ID and Outcome ID are required","level":"error","message":"Failed to execute trade","request":{"buyOrderId":"buy-order-1","buyerFee":0.12,"buyerId":"buyer-1","marketId":"","outcomeId":"outcome-1","price":0.6,"quantity":100,"sellOrderId":"sell-order-1","sellerFee":0.12,"sellerId":"seller-1","totalValue":60},"service":"prediction-market-api","timestamp":"2026-02-09T03:49:45.871Z"}
{"error":"Buyer ID and Seller ID are required","level":"error","message":"Failed to execute trade","request":{"buyOrderId":"buy-order-1","buyerFee":0.12,"buyerId":"","marketId":"market-1","outcomeId":"outcome-1","price":0.6,"quantity":100,"sellOrderId":"sell-order-1","sellerFee":0.12,"sellerId":"seller-1","totalValue":60},"service":"prediction-market-api","timestamp":"2026-02-09T03:49:45.888Z"}
{"error":"Quantity must be greater than 0","level":"error","message":"Failed to execute trade","request":{"buyOrderId":"buy-order-1","buyerFee":0.12,"buyerId":"buyer-1","marketId":"market-1","outcomeId":"outcome-1","price":0.6,"quantity":0,"sellOrderId":"sell-order-1","sellerFee":0.12,"sellerId":"seller-1","totalValue":60},"service":"prediction-market-api","timestamp":"2026-02-09T03:49:45.889Z"}
{"error":"Price must be between 0 and 1","level":"error","message":"Failed to execute trade","request":{"buyOrderId":"buy-order-1","buyerFee":0.12,"buyerId":"buyer-1","marketId":"market-1","outcomeId":"outcome-1","price":1.5,"quantity":100,"sellOrderId":"sell-order-1","sellerFee":0.12,"sellerId":"seller-1","totalValue":60},"service":"prediction-market-api","timestamp":"2026-02-09T03:49:45.891Z"}
{"error":"Total value must be greater than 0","level":"error","message":"Failed to execute trade","request":{"buyOrderId":"buy-order-1","buyerFee":0.12,"buyerId":"buyer-1","marketId":"market-1","outcomeId":"outcome-1","price":0.6,"quantity":100,"sellOrderId":"sell-order-1","sellerFee":0.12,"sellerId":"seller-1","totalValue":-10},"service":"prediction-market-api","timestamp":"2026-02-09T03:49:45.894Z"}
{"error":"Buyer not found","level":"error","message":"Failed to execute trade","request":{"buyOrderId":"buy-order-1","buyerFee":0.12,"buyerId":"buyer-1","marketId":"market-1","outcomeId":"outcome-1","price":0.6,"quantity":100,"sellOrderId":"sell-order-1","sellerFee":0.12,"sellerId":"seller-1","totalValue":60},"service":"prediction-market-api","timestamp":"2026-02-09T03:49:45.895Z"}
{"error":"Market is not active","level":"error","message":"Failed to execute trade","request":{"buyOrderId":"buy-order-1","buyerFee":0.12,"buyerId":"buyer-1","marketId":"market-1","outcomeId":"outcome-1","price":0.6,"quantity":100,"sellOrderId":"sell-order-1","sellerFee":0.12,"sellerId":"seller-1","totalValue":60},"service":"prediction-market-api","timestamp":"2026-02-09T03:49:45.897Z"}
{"buyerId":"buyer-1","level":"info","marketId":"market-1","message":"Trade executed successfully","outcomeId":"outcome-1","price":0.6,"quantity":100,"sellerId":"seller-1","service":"prediction-market-api","timestamp":"2026-02-09T03:49:45.899Z","totalValue":60,"tradeId":"trade-1"}
{"error":"User not found","level":"error","message":"Failed to get user balance","service":"prediction-market-api","timestamp":"2026-02-09T03:49:45.903Z","userId":"non-existent"}
{"level":"info","marketId":"market-1","message":"Multiple trades executed successfully","outcomeId":"outcome-1","service":"prediction-market-api","timestamp":"2026-02-09T03:49:45.917Z","totalVolume":46.25,"tradesCount":2}
{"bestAsk":null,"bestBid":null,"existingOrders":0,"level":"info","marketId":"market-1","message":"Order book initialized","outcomeId":"outcome-1","service":"prediction-market-api","timestamp":"2026-02-09T03:49:45.838Z"}
{"bestAsk":0.7,"bestBid":0.6,"existingOrders":2,"level":"info","marketId":"market-1","message":"Order book initialized","outcomeId":"outcome-1","service":"prediction-market-api","timestamp":"2026-02-09T03:49:45.867Z"}
{"bestAsk":null,"bestBid":null,"existingOrders":0,"level":"info","marketId":"market-1","message":"Order book initialized","outcomeId":"outcome-1","service":"prediction-market-api","timestamp":"2026-02-09T03:49:45.870Z"}
{"level":"info","marketId":"market-1","message":"Order placed and processed","orderId":"order-1","outcomeId":"outcome-1","price":0.6,"quantity":100,"service":"prediction-market-api","timestamp":"2026-02-09T03:49:45.871Z","tradesExecuted":0,"type":"BUY","userId":"user-1"}
{"bestAsk":null,"bestBid":null,"existingOrders":0,"level":"info","marketId":"market-1","message":"Order book initialized","outcomeId":"outcome-1","service":"prediction-market-api","timestamp":"2026-02-09T03:49:45.877Z"}
{"level":"info","marketId":"market-1","message":"Order placed and processed","orderId":"order-1","outcomeId":"outcome-1","price":0.7,"quantity":50,"service":"prediction-market-api","timestamp":"2026-02-09T03:49:45.878Z","tradesExecuted":0,"type":"SELL","userId":"user-1"}
{"bestAsk":null,"bestBid":null,"existingOrders":0,"level":"info","marketId":"market-1","message":"Order book initialized","outcomeId":"outcome-1","service":"prediction-market-api","timestamp":"2026-02-09T03:49:45.879Z"}
{"level":"info","marketId":"market-1","message":"Order placed and processed","orderId":"sell-order-1","outcomeId":"outcome-1","price":0.6,"quantity":50,"service":"prediction-market-api","timestamp":"2026-02-09T03:49:45.879Z","tradesExecuted":0,"type":"SELL","userId":"user-1"}
{"level":"info","marketId":"market-1","message":"Order placed and processed","orderId":"buy-order-1","outcomeId":"outcome-1","price":0.6,"quantity":30,"service":"prediction-market-api","timestamp":"2026-02-09T03:49:45.880Z","tradesExecuted":1,"type":"BUY","userId":"user-2"}
{"bestAsk":null,"bestBid":null,"existingOrders":0,"level":"info","marketId":"market-1","message":"Order book initialized","outcomeId":"outcome-1","service":"prediction-market-api","timestamp":"2026-02-09T03:49:45.881Z"}
{"level":"info","marketId":"market-1","message":"Order placed and processed","orderId":"sell-order-1","outcomeId":"outcome-1","price":0.6,"quantity":30,"service":"prediction-market-api","timestamp":"2026-02-09T03:49:45.881Z","tradesExecuted":0,"type":"SELL","userId":"user-1"}
{"level":"info","marketId":"market-1","message":"Order placed and processed","orderId":"buy-order-1","outcomeId":"outcome-1","price":0.6,"quantity":50,"service":"prediction-market-api","timestamp":"2026-02-09T03:49:45.881Z","tradesExecuted":1,"type":"BUY","userId":"user-2"}
{"bestAsk":null,"bestBid":null,"existingOrders":0,"level":"info","marketId":"market-1","message":"Order book initialized","outcomeId":"outcome-1","service":"prediction-market-api","timestamp":"2026-02-09T03:49:45.884Z"}
{"level":"info","marketId":"market-1","message":"Order placed and processed","orderId":"sell-order-1","outcomeId":"outcome-1","price":0.7,"quantity":50,"service":"prediction-market-api","timestamp":"2026-02-09T03:49:45.885Z","tradesExecuted":0,"type":"SELL","userId":"user-1"}
{"level":"info","marketId":"market-1","message":"Order placed and processed","orderId":"buy-order-1","outcomeId":"outcome-1","price":0.7,"quantity":30,"service":"prediction-market-api","timestamp":"2026-02-09T03:49:45.885Z","tradesExecuted":1,"type":"BUY","userId":"user-2"}
{"bestAsk":null,"bestBid":null,"existingOrders":0,"level":"info","marketId":"market-1","message":"Order book initialized","outcomeId":"outcome-1","service":"prediction-market-api","timestamp":"2026-02-09T03:49:45.887Z"}
{"error":"User ID is required","level":"error","message":"Failed to place order","request":{"marketId":"market-1","orderType":"LIMIT","outcomeId":"outcome-1","price":0.6,"quantity":100,"type":"BUY"},"service":"prediction-market-api","timestamp":"2026-02-09T03:49:45.887Z"}
{"error":"Order type must be BUY or SELL","level":"error","message":"Failed to place order","request":{"marketId":"market-1","orderType":"LIMIT","outcomeId":"outcome-1","price":0.6,"quantity":100,"type":"INVALID","userId":"user-1"},"service":"prediction-market-api","timestamp":"2026-02-09T03:49:45.912Z"}
{"error":"Quantity must be greater than 0","level":"error","message":"Failed to place order","request":{"marketId":"market-1","orderType":"LIMIT","outcomeId":"outcome-1","price":0.6,"quantity":0,"type":"BUY","userId":"user-1"},"service":"prediction-market-api","timestamp":"2026-02-09T03:49:45.913Z"}
{"error":"Price must be between 0.01 and 0.99","level":"error","message":"Failed to place order","request":{"marketId":"market-1","orderType":"LIMIT","outcomeId":"outcome-1","price":1.5,"quantity":100,"type":"BUY","userId":"user-1"},"service":"prediction-market-api","timestamp":"2026-02-09T03:49:45.914Z"}
{"bestAsk":null,"bestBid":null,"existingOrders":0,"level":"info","marketId":"market-1","message":"Order book initialized","outcomeId":"outcome-1","service":"prediction-market-api","timestamp":"2026-02-09T03:49:45.917Z"}
{"level":"info","marketId":"market-1","message":"Order placed and processed","orderId":"order-1","outcomeId":"outcome-1","price":0.6,"quantity":100,"service":"prediction-market-api","timestamp":"2026-02-09T03:49:45.918Z","tradesExecuted":0,"type":"BUY","userId":"user-1"}
{"level":"info","marketId":"market-1","message":"Order cancelled","orderId":"order-1","outcomeId":"outcome-1","service":"prediction-market-api","timestamp":"2026-02-09T03:49:45.921Z","userId":"user-1"}
{"bestAsk":null,"bestBid":null,"existingOrders":0,"level":"info","marketId":"market-1","message":"Order book initialized","outcomeId":"outcome-1","service":"prediction-market-api","timestamp":"2026-02-09T03:49:45.924Z"}
{"error":"Unauthorized to cancel this order","level":"error","message":"Failed to cancel order","orderId":"order-1","service":"prediction-market-api","timestamp":"2026-02-09T03:49:45.924Z","userId":"user-2"}
{"bestAsk":null,"bestBid":null,"existingOrders":0,"level":"info","marketId":"market-1","message":"Order book initialized","outcomeId":"outcome-1","service":"prediction-market-api","timestamp":"2026-02-09T03:49:45.924Z"}
{"error":"Order cannot be cancelled","level":"error","message":"Failed to cancel order","orderId":"order-1","service":"prediction-market-api","timestamp":"2026-02-09T03:49:45.925Z","userId":"user-1"}
{"bestAsk":null,"bestBid":null,"existingOrders":0,"level":"info","marketId":"market-1","message":"Order book initialized","outcomeId":"outcome-1","service":"prediction-market-api","timestamp":"2026-02-09T03:49:45.925Z"}
{"error":"Order not found","level":"error","message":"Failed to cancel order","orderId":"non-existent","service":"prediction-market-api","timestamp":"2026-02-09T03:49:45.925Z","userId":"user-1"}
{"bestAsk":null,"bestBid":null,"existingOrders":0,"level":"info","marketId":"market-1","message":"Order book initialized","outcomeId":"outcome-1","service":"prediction-market-api","timestamp":"2026-02-09T03:49:45.926Z"}
{"bestAsk":null,"bestBid":null,"existingOrders":0,"level":"info","marketId":"market-1","message":"Order book initialized","outcomeId":"outcome-1","service":"prediction-market-api","timestamp":"2026-02-09T03:49:45.926Z"}
{"level":"info","marketId":"market-1","message":"Order placed and processed","orderId":"order-1","outcomeId":"outcome-1","price":0.6,"quantity":100,"service":"prediction-market-api","timestamp":"2026-02-09T03:49:45.926Z","tradesExecuted":0,"type":"BUY","userId":"user-1"}
{"level":"info","marketId":"market-1","message":"Order placed and processed","orderId":"order-2","outcomeId":"outcome-1","price":0.55,"quantity":50,"service":"prediction-market-api","timestamp":"2026-02-09T03:49:45.927Z","tradesExecuted":0,"type":"BUY","userId":"user-1"}
{"level":"info","marketId":"market-1","message":"Order placed and processed","orderId":"order-3","outcomeId":"outcome-1","price":0.65,"quantity":75,"service":"prediction-market-api","timestamp":"2026-02-09T03:49:45.927Z","tradesExecuted":0,"type":"SELL","userId":"user-2"}
{"bestAsk":null,"bestBid":null,"existingOrders":0,"level":"info","marketId":"market-1","message":"Order book initialized","outcomeId":"outcome-1","service":"prediction-market-api","timestamp":"2026-02-09T03:49:45.927Z"}
{"level":"info","marketId":"market-1","message":"Order placed and processed","orderId":"order-1","outcomeId":"outcome-1","price":0.5,"quantity":10,"service":"prediction-market-api","timestamp":"2026-02-09T03:49:45.927Z","tradesExecuted":0,"type":"BUY","userId":"user-1"}
{"level":"info","marketId":"market-1","message":"Order placed and processed","orderId":"order-2","outcomeId":"outcome-1","price":0.49,"quantity":10,"service":"prediction-market-api","timestamp":"2026-02-09T03:49:45.928Z","tradesExecuted":0,"type":"BUY","userId":"user-1"}
{"level":"info","marketId":"market-1","message":"Order placed and processed","orderId":"order-3","outcomeId":"outcome-1","price":0.48,"quantity":10,"service":"prediction-market-api","timestamp":"2026-02-09T03:49:45.928Z","tradesExecuted":0,"type":"BUY","userId":"user-1"}
{"level":"info","marketId":"market-1","message":"Order placed and processed","orderId":"order-4","outcomeId":"outcome-1","price":0.47,"quantity":10,"service":"prediction-market-api","timestamp":"2026-02-09T03:49:45.928Z","tradesExecuted":0,"type":"BUY","userId":"user-1"}
{"level":"info","marketId":"market-1","message":"Order placed and processed","orderId":"order-5","outcomeId":"outcome-1","price":0.46,"quantity":10,"service":"prediction-market-api","timestamp":"2026-02-09T03:49:45.929Z","tradesExecuted":0,"type":"BUY","userId":"user-1"}
{"level":"info","marketId":"market-1","message":"Order placed and processed","orderId":"order-6","outcomeId":"outcome-1","price":0.45,"quantity":10,"service":"prediction-market-api","timestamp":"2026-02-09T03:49:45.929Z","tradesExecuted":0,"type":"BUY","userId":"user-1"}
{"level":"info","marketId":"market-1","message":"Order placed and processed","orderId":"order-7","outcomeId":"outcome-1","price":0.44,"quantity":10,"service":"prediction-market-api","timestamp":"2026-02-09T03:49:45.930Z","tradesExecuted":0,"type":"BUY","userId":"user-1"}
{"level":"info","marketId":"market-1","message":"Order placed and processed","orderId":"order-8","outcomeId":"outcome-1","price":0.43,"quantity":10,"service":"prediction-market-api","timestamp":"2026-02-09T03:49:45.930Z","tradesExecuted":0,"type":"BUY","userId":"user-1"}
{"level":"info","marketId":"market-1","message":"Order placed and processed","orderId":"order-9","outcomeId":"outcome-1","price":0.42,"quantity":10,"service":"prediction-market-api","timestamp":"2026-02-09T03:49:45.930Z","tradesExecuted":0,"type":"BUY","userId":"user-1"}
{"level":"info","marketId":"market-1","message":"Order placed and processed","orderId":"order-10","outcomeId":"outcome-1","price":0.41000000000000003,"quantity":10,"service":"prediction-market-api","timestamp":"2026-02-09T03:49:45.931Z","tradesExecuted":0,"type":"BUY","userId":"user-1"}
{"level":"info","marketId":"market-1","message":"Order placed and processed","orderId":"order-11","outcomeId":"outcome-1","price":0.4,"quantity":10,"service":"prediction-market-api","timestamp":"2026-02-09T03:49:45.931Z","tradesExecuted":0,"type":"BUY","userId":"user-1"}
{"level":"info","marketId":"market-1","message":"Order placed and processed","orderId":"order-12","outcomeId":"outcome-1","price":0.39,"quantity":10,"service":"prediction-market-api","timestamp":"2026-02-09T03:49:45.932Z","tradesExecuted":0,"type":"BUY","userId":"user-1"}
{"level":"info","marketId":"market-1","message":"Order placed and processed","orderId":"order-13","outcomeId":"outcome-1","price":0.38,"quantity":10,"service":"prediction-market-api","timestamp":"2026-02-09T03:49:45.932Z","tradesExecuted":0,"type":"BUY","userId":"user-1"}
{"level":"info","marketId":"market-1","message":"Order placed and processed","orderId":"order-14","outcomeId":"outcome-1","price":0.37,"quantity":10,"service":"prediction-market-api","timestamp":"2026-02-09T03:49:45.932Z","tradesExecuted":0,"type":"BUY","userId":"user-1"}
{"level":"info","marketId":"market-1","message":"Order placed and processed","orderId":"order-15","outcomeId":"outcome-1","price":0.36,"quantity":10,"service":"prediction-market-api","timestamp":"2026-02-09T03:49:45.932Z","tradesExecuted":0,"type":"BUY","userId":"user-1"}
{"bestAsk":null,"bestBid":null,"existingOrders":0,"level":"info","marketId":"market-1","message":"Order book initialized","outcomeId":"outcome-1","service":"prediction-market-api","timestamp":"2026-02-09T03:49:45.933Z"}
{"level":"info","marketId":"market-1","message":"Order placed and processed","orderId":"order-1","outcomeId":"outcome-1","price":0.55,"quantity":100,"service":"prediction-market-api","timestamp":"2026-02-09T03:49:45.933Z","tradesExecuted":0,"type":"BUY","userId":"user-1"}
{"level":"info","marketId":"market-1","message":"Order placed and processed","orderId":"order-2","outcomeId":"outcome-1","price":0.6,"quantity":100,"service":"prediction-market-api","timestamp":"2026-02-09T03:49:45.933Z","tradesExecuted":0,"type":"BUY","userId":"user-2"}
{"level":"info","marketId":"market-1","message":"Order placed and processed","orderId":"order-3","outcomeId":"outcome-1","price":0.5,"quantity":100,"service":"prediction-market-api","timestamp":"2026-02-09T03:49:45.933Z","tradesExecuted":0,"type":"BUY","userId":"user-1"}
{"bestAsk":null,"bestBid":null,"existingOrders":0,"level":"info","marketId":"market-1","message":"Order book initialized","outcomeId":"outcome-1","service":"prediction-market-api","timestamp":"2026-02-09T03:49:45.934Z"}
{"level":"info","marketId":"market-1","message":"Order placed and processed","orderId":"order-1","outcomeId":"outcome-1","price":0.6,"quantity":100,"service":"prediction-market-api","timestamp":"2026-02-09T03:49:45.934Z","tradesExecuted":0,"type":"BUY","userId":"user-1"}
{"level":"info","marketId":"market-1","message":"Order placed and processed","orderId":"order-2","outcomeId":"outcome-1","price":0.6,"quantity":100,"service":"prediction-market-api","timestamp":"2026-02-09T03:49:45.934Z","tradesExecuted":0,"type":"BUY","userId":"user-2"}
{"level":"info","marketId":"market-1","message":"Order placed and processed","orderId":"order-3","outcomeId":"outcome-1","price":0.6,"quantity":100,"service":"prediction-market-api","timestamp":"2026-02-09T03:49:45.934Z","tradesExecuted":0,"type":"BUY","userId":"user-1"}
{"bestAsk":null,"bestBid":null,"existingOrders":0,"level":"info","marketId":"market-1","message":"Order book initialized","outcomeId":"outcome-1","service":"prediction-market-api","timestamp":"2026-02-09T03:49:45.935Z"}
{"level":"info","marketId":"market-1","message":"Order placed and processed","orderId":"sell-order-1","outcomeId":"outcome-1","price":0.6,"quantity":100,"service":"prediction-market-api","timestamp":"2026-02-09T03:49:45.936Z","tradesExecuted":0,"type":"SELL","userId":"user-1"}
{"level":"info","marketId":"market-1","message":"Order placed and processed","orderId":"buy-order-1","outcomeId":"outcome-1","price":0.6,"quantity":50,"service":"prediction-market-api","timestamp":"2026-02-09T03:49:45.937Z","tradesExecuted":1,"type":"BUY","userId":"user-2"}
{"level":"info","message":"Generated nonce for wallet authentication","nonce":"irluplj3qmf","service":"prediction-market-api","timestamp":"2026-02-09T03:49:46.047Z","walletAddress":"0x1234567890123456789012345678901234567890"}
{"level":"info","message":"Wallet authentication successful","service":"prediction-market-api","timestamp":"2026-02-09T03:49:46.078Z","userId":"user-1","walletAddress":"0xde679368e4197ee2ae1ff46bb2b94ffa7ae3ae00"}
{"level":"info","message":"Created new user from wallet authentication","service":"prediction-market-api","timestamp":"2026-02-09T03:49:46.083Z","userId":"user-new","walletAddress":"0xde679368e4197ee2ae1ff46bb2b94ffa7ae3ae00"}
{"level":"info","message":"Wallet authentication successful","service":"prediction-market-api","timestamp":"2026-02-09T03:49:46.084Z","userId":"user-new","walletAddress":"0xde679368e4197ee2ae1ff46bb2b94ffa7ae3ae00"}
{"error":"Invalid or expired nonce","level":"error","message":"Wallet authentication failed","service":"prediction-market-api","timestamp":"2026-02-09T03:49:46.087Z","walletAddress":"0xde679368e4197ee2ae1ff46bb2b94ffa7ae3ae00"}
{"error":"invalid raw signature length (argument=\"signature\", value=\"0x1234567890abcdef\", code=INVALID_ARGUMENT, version=6.16.0)","level":"error","message":"Wallet authentication failed","service":"prediction-market-api","timestamp":"2026-02-09T03:49:46.095Z","walletAddress":"0xde679368e4197ee2ae1ff46bb2b94ffa7ae3ae00"}
{"error":"Invalid signature","level":"error","message":"Wallet authentication failed","service":"prediction-market-api","timestamp":"2026-02-09T03:49:46.110Z","walletAddress":"0xde679368e4197ee2ae1ff46bb2b94ffa7ae3ae00"}
{"error":"invalid token","level":"warn","message":"Token validation failed","service":"prediction-market-api","timestamp":"2026-02-09T03:49:46.112Z"}
{"error":"User not found","level":"warn","message":"Token validation failed","service":"prediction-market-api","timestamp":"2026-02-09T03:49:46.114Z"}
{"level":"info","message":"Token refresh successful","service":"prediction-market-api","timestamp":"2026-02-09T03:49:46.117Z","userId":"user-1","walletAddress":"0x1234567890123456789012345678901234567890"}
{"error":"invalid token","level":"error","message":"Token refresh failed","service":"prediction-market-api","timestamp":"2026-02-09T03:49:46.118Z"}
{"error":"Invalid refresh token","level":"error","message":"Token refresh failed","service":"prediction-market-api","timestamp":"2026-02-09T03:49:46.119Z"}
{"level":"info","message":"Token revoked successfully","service":"prediction-market-api","timestamp":"2026-02-09T03:49:46.120Z","userId":"user-1","walletAddress":"0x1234567890123456789012345678901234567890"}
{"error":"invalid token","level":"warn","message":"Token revocation failed","service":"prediction-market-api","timestamp":"2026-02-09T03:49:46.121Z"}
{"level":"info","message":"Cleared user sessions","service":"prediction-market-api","timestamp":"2026-02-09T03:49:46.122Z","userId":"user-1"}
{"creatorId":"user123","level":"info","marketId":"market123","message":"Market created successfully","outcomesCount":2,"service":"prediction-market-api","timestamp":"2026-02-09T03:49:46.456Z","title":"Will Bitcoin reach $100k by 2024?","type":"binary"}
{"creatorId":"user123","level":"info","marketId":"market456","message":"Market created successfully","outcomesCount":3,"service":"prediction-market-api","timestamp":"2026-02-09T03:49:46.466Z","title":"Who will win the 2024 election?","type":"multi-outcome"}
{"level":"info","marketId":"market123","message":"Market updated successfully","service":"prediction-market-api","timestamp":"2026-02-09T03:49:46.484Z","updaterId":"user123","updates":{"title":"New Title"}}
{"error":"Market not found","level":"error","marketId":"nonexistent","message":"Failed to update market","service":"prediction-market-api","timestamp":"2026-02-09T03:49:46.485Z","updaterId":"user123","updates":{}}
{"error":"Cannot update resolved market","level":"error","marketId":"market123","message":"Failed to update market","service":"prediction-market-api","timestamp":"2026-02-09T03:49:46.486Z","updaterId":"user123","updates":{}}
{"closerId":"user123","level":"info","marketId":"market123","message":"Market closed successfully","previousStatus":"ACTIVE","service":"prediction-market-api","timestamp":"2026-02-09T03:49:46.486Z"}
{"closerId":"user123","error":"Market is not active and cannot be closed","level":"error","marketId":"market123","message":"Failed to close market","service":"prediction-market-api","timestamp":"2026-02-09T03:49:46.487Z"}
{"creatorId":"user123","level":"info","marketId":"market123","message":"Market created successfully","outcomesCount":2,"service":"prediction-market-api","timestamp":"2026-02-09T03:51:40.004Z","title":"Will Bitcoin reach $100k by 2024?","type":"binary"}
{"creatorId":"user123","level":"info","marketId":"market456","message":"Market created successfully","outcomesCount":3,"service":"prediction-market-api","timestamp":"2026-02-09T03:51:40.007Z","title":"Who will win the 2024 election?","type":"multi-outcome"}
{"level":"info","marketId":"market123","message":"Market updated successfully","service":"prediction-market-api","timestamp":"2026-02-09T03:51:40.024Z","updaterId":"user123","updates":{"title":"New Title"}}
{"error":"Market not found","level":"error","marketId":"nonexistent","message":"Failed to update market","service":"prediction-market-api","timestamp":"2026-02-09T03:51:40.024Z","updaterId":"user123","updates":{}}
{"error":"Cannot update resolved market","level":"error","marketId":"market123","message":"Failed to update market","service":"prediction-market-api","timestamp":"2026-02-09T03:51:40.025Z","updaterId":"user123","updates":{}}
{"closerId":"user123","level":"info","marketId":"market123","message":"Market closed successfully","previousStatus":"ACTIVE","service":"prediction-market-api","timestamp":"2026-02-09T03:51:40.025Z"}
{"closerId":"user123","error":"Market is not active and cannot be closed","level":"error","marketId":"market123","message":"Failed to close market","service":"prediction-market-api","timestamp":"2026-02-09T03:51:40.025Z"}
{"bestAsk":null,"bestBid":null,"existingOrders":0,"level":"info","marketId":"market-1","message":"Order book initialized","outcomeId":"outcome-1","service":"prediction-market-api","timestamp":"2026-02-09T03:52:21.836Z"}
{"bestAsk":0.7,"bestBid":0.6,"existingOrders":2,"level":"info","marketId":"market-1","message":"Order book initialized","outcomeId":"outcome-1","service":"prediction-market-api","timestamp":"2026-02-09T03:52:21.889Z"}
{"bestAsk":null,"bestBid":null,"existingOrders":0,"level":"info","marketId":"market-1","message":"Order book initialized","outcomeId":"outcome-1","service":"prediction-market-api","timestamp":"2026-02-09T03:52:21.897Z"}
{"level":"info","marketId":"market-1","message":"Order placed and processed","orderId":"order-1","outcomeId":"outcome-1","price":0.6,"quantity":100,"service":"prediction-market-api","timestamp":"2026-02-09T03:52:21.900Z","tradesExecuted":0,"type":"BUY","userId":"user-1"}
{"bestAsk":null,"bestBid":null,"existingOrders":0,"level":"info","marketId":"market-1","message":"Order book initialized","outcomeId":"outcome-1","service":"prediction-market-api","timestamp":"2026-02-09T03:52:21.903Z"}
{"level":"info","marketId":"market-1","message":"Order placed and processed","orderId":"order-1","outcomeId":"outcome-1","price":0.7,"quantity":50,"service":"prediction-market-api","timestamp":"2026-02-09T03:52:21.904Z","tradesExecuted":0,"type":"SELL","userId":"user-1"}
{"bestAsk":null,"bestBid":null,"existingOrders":0,"level":"info","marketId":"market-1","message":"Order book initialized","outcomeId":"outcome-1","service":"prediction-market-api","timestamp":"2026-02-09T03:52:21.904Z"}
{"level":"info","marketId":"market-1","message":"Order placed and processed","orderId":"sell-order-1","outcomeId":"outcome-1","price":0.6,"quantity":50,"service":"prediction-market-api","timestamp":"2026-02-09T03:52:21.905Z","tradesExecuted":0,"type":"SELL","userId":"user-1"}
{"level":"info","marketId":"market-1","message":"Order placed and processed","orderId":"buy-order-1","outcomeId":"outcome-1","price":0.6,"quantity":30,"service":"prediction-market-api","timestamp":"2026-02-09T03:52:21.905Z","tradesExecuted":1,"type":"BUY","userId":"user-2"}
{"bestAsk":null,"bestBid":null,"existingOrders":0,"level":"info","marketId":"market-1","message":"Order book initialized","outcomeId":"outcome-1","service":"prediction-market-api","timestamp":"2026-02-09T03:52:21.907Z"}
{"level":"info","marketId":"market-1","message":"Order placed and processed","orderId":"sell-order-1","outcomeId":"outcome-1","price":0.6,"quantity":30,"service":"prediction-market-api","timestamp":"2026-02-09T03:52:21.912Z","tradesExecuted":0,"type":"SELL","userId":"user-1"}
{"level":"info","marketId":"market-1","message":"Order placed and processed","orderId":"buy-order-1","outcomeId":"outcome-1","price":0.6,"quantity":50,"service":"prediction-market-api","timestamp":"2026-02-09T03:52:21.913Z","tradesExecuted":1,"type":"BUY","userId":"user-2"}
{"bestAsk":null,"bestBid":null,"existingOrders":0,"level":"info","marketId":"market-1","message":"Order book initialized","outcomeId":"outcome-1","service":"prediction-market-api","timestamp":"2026-02-09T03:52:21.916Z"}
{"level":"info","marketId":"market-1","message":"Order placed and processed","orderId":"sell-order-1","outcomeId":"outcome-1","price":0.7,"quantity":50,"service":"prediction-market-api","timestamp":"2026-02-09T03:52:21.917Z","tradesExecuted":0,"type":"SELL","userId":"user-1"}
{"level":"info","marketId":"market-1","message":"Order placed and processed","orderId":"buy-order-1","outcomeId":"outcome-1","price":0.7,"quantity":30,"service":"prediction-market-api","timestamp":"2026-02-09T03:52:21.920Z","tradesExecuted":1,"type":"BUY","userId":"user-2"}
{"bestAsk":null,"bestBid":null,"existingOrders":0,"level":"info","marketId":"market-1","message":"Order book initialized","outcomeId":"outcome-1","service":"prediction-market-api","timestamp":"2026-02-09T03:52:21.921Z"}
{"error":"User ID is required","level":"error","message":"Failed to place order","request":{"marketId":"market-1","orderType":"LIMIT","outcomeId":"outcome-1","price":0.6,"quantity":100,"type":"BUY"},"service":"prediction-market-api","timestamp":"2026-02-09T03:52:21.921Z"}
{"error":"Order type must be BUY or SELL","level":"error","message":"Failed to place order","request":{"marketId":"market-1","orderType":"LIMIT","outcomeId":"outcome-1","price":0.6,"quantity":100,"type":"INVALID","userId":"user-1"},"service":"prediction-market-api","timestamp":"2026-02-09T03:52:21.947Z"}
{"error":"Quantity must be greater than 0","level":"error","message":"Failed to place order","request":{"marketId":"market-1","orderType":"LIMIT","outcomeId":"outcome-1","price":0.6,"quantity":0,"type":"BUY","userId":"user-1"},"service":"prediction-market-api","timestamp":"2026-02-09T03:52:21.948Z"}
{"error":"Price must be between 0.01 and 0.99","level":"error","message":"Failed to place order","request":{"marketId":"market-1","orderType":"LIMIT","outcomeId":"outcome-1","price":1.5,"quantity":100,"type":"BUY","userId":"user-1"},"service":"prediction-market-api","timestamp":"2026-02-09T03:52:21.948Z"}
{"bestAsk":null,"bestBid":null,"existingOrders":0,"level":"info","marketId":"market-1","message":"Order book initialized","outcomeId":"outcome-1","service":"prediction-market-api","timestamp":"2026-02-09T03:52:21.949Z"}
{"level":"info","marketId":"market-1","message":"Order placed and processed","orderId":"order-1","outcomeId":"outcome-1","price":0.6,"quantity":100,"service":"prediction-market-api","timestamp":"2026-02-09T03:52:21.949Z","tradesExecuted":0,"type":"BUY","userId":"user-1"}
{"level":"info","marketId":"market-1","message":"Order cancelled","orderId":"order-1","outcomeId":"outcome-1","service":"prediction-market-api","timestamp":"2026-02-09T03:52:21.949Z","userId":"user-1"}
{"bestAsk":null,"bestBid":null,"existingOrders":0,"level":"info","marketId":"market-1","message":"Order book initialized","outcomeId":"outcome-1","service":"prediction-market-api","timestamp":"2026-02-09T03:52:21.950Z"}
{"error":"Unauthorized to cancel this order","level":"error","message":"Failed to cancel order","orderId":"order-1","service":"prediction-market-api","timestamp":"2026-02-09T03:52:21.950Z","userId":"user-2"}
{"bestAsk":null,"bestBid":null,"existingOrders":0,"level":"info","marketId":"market-1","message":"Order book initialized","outcomeId":"outcome-1","service":"prediction-market-api","timestamp":"2026-02-09T03:52:21.951Z"}
{"error":"Order cannot be cancelled","level":"error","message":"Failed to cancel order","orderId":"order-1","service":"prediction-market-api","timestamp":"2026-02-09T03:52:21.951Z","userId":"user-1"}
{"bestAsk":null,"bestBid":null,"existingOrders":0,"level":"info","marketId":"market-1","message":"Order book initialized","outcomeId":"outcome-1","service":"prediction-market-api","timestamp":"2026-02-09T03:52:21.951Z"}
{"error":"Order not found","level":"error","message":"Failed to cancel order","orderId":"non-existent","service":"prediction-market-api","timestamp":"2026-02-09T03:52:21.952Z","userId":"user-1"}
{"bestAsk":null,"bestBid":null,"existingOrders":0,"level":"info","marketId":"market-1","message":"Order book initialized","outcomeId":"outcome-1","service":"prediction-market-api","timestamp":"2026-02-09T03:52:21.952Z"}
{"bestAsk":null,"bestBid":null,"existingOrders":0,"level":"info","marketId":"market-1","message":"Order book initialized","outcomeId":"outcome-1","service":"prediction-market-api","timestamp":"2026-02-09T03:52:21.953Z"}
{"level":"info","marketId":"market-1","message":"Order placed and processed","orderId":"order-1","outcomeId":"outcome-1","price":0.6,"quantity":100,"service":"prediction-market-api","timestamp":"2026-02-09T03:52:21.953Z","tradesExecuted":0,"type":"BUY","userId":"user-1"}
{"level":"info","marketId":"market-1","message":"Order placed and processed","orderId":"order-2","outcomeId":"outcome-1","price":0.55,"quantity":50,"service":"prediction-market-api","timestamp":"2026-02-09T03:52:21.953Z","tradesExecuted":0,"type":"BUY","userId":"user-1"}
{"level":"info","marketId":"market-1","message":"Order placed and processed","orderId":"order-3","outcomeId":"outcome-1","price":0.65,"quantity":75,"service":"prediction-market-api","timestamp":"2026-02-09T03:52:21.954Z","tradesExecuted":0,"type":"SELL","userId":"user-2"}
{"bestAsk":null,"bestBid":null,"existingOrders":0,"level":"info","marketId":"market-1","message":"Order book initialized","outcomeId":"outcome-1","service":"prediction-market-api","timestamp":"2026-02-09T03:52:21.954Z"}
{"level":"info","marketId":"market-1","message":"Order placed and processed","orderId":"order-1","outcomeId":"outcome-1","price":0.5,"quantity":10,"service":"prediction-market-api","timestamp":"2026-02-09T03:52:21.954Z","tradesExecuted":0,"type":"BUY","userId":"user-1"}
{"level":"info","marketId":"market-1","message":"Order placed and processed","orderId":"order-2","outcomeId":"outcome-1","price":0.49,"quantity":10,"service":"prediction-market-api","timestamp":"2026-02-09T03:52:21.954Z","tradesExecuted":0,"type":"BUY","userId":"user-1"}
{"level":"info","marketId":"market-1","message":"Order placed and processed","orderId":"order-3","outcomeId":"outcome-1","price":0.48,"quantity":10,"service":"prediction-market-api","timestamp":"2026-02-09T03:52:21.955Z","tradesExecuted":0,"type":"BUY","userId":"user-1"}
{"level":"info","marketId":"market-1","message":"Order placed and processed","orderId":"order-4","outcomeId":"outcome-1","price":0.47,"quantity":10,"service":"prediction-market-api","timestamp":"2026-02-09T03:52:21.955Z","tradesExecuted":0,"type":"BUY","userId":"user-1"}
{"level":"info","marketId":"market-1","message":"Order placed and processed","orderId":"order-5","outcomeId":"outcome-1","price":0.46,"quantity":10,"service":"prediction-market-api","timestamp":"2026-02-09T03:52:21.955Z","tradesExecuted":0,"type":"BUY","userId":"user-1"}
{"level":"info","marketId":"market-1","message":"Order placed and processed","orderId":"order-6","outcomeId":"outcome-1","price":0.45,"quantity":10,"service":"prediction-market-api","timestamp":"2026-02-09T03:52:21.955Z","tradesExecuted":0,"type":"BUY","userId":"user-1"}
{"level":"info","marketId":"market-1","message":"Order placed and processed","orderId":"order-7","outcomeId":"outcome-1","price":0.44,"quantity":10,"service":"prediction-market-api","timestamp":"2026-02-09T03:52:21.955Z","tradesExecuted":0,"type":"BUY","userId":"user-1"}
{"level":"info","marketId":"market-1","message":"Order placed and processed","orderId":"order-8","outcomeId":"outcome-1","price":0.43,"quantity":10,"service":"prediction-market-api","timestamp":"2026-02-09T03:52:21.955Z","tradesExecuted":0,"type":"BUY","userId":"user-1"}
{"level":"info","marketId":"market-1","message":"Order placed and processed","orderId":"order-9","outcomeId":"outcome-1","price":0.42,"quantity":10,"service":"prediction-market-api","timestamp":"2026-02-09T03:52:21.955Z","tradesExecuted":0,"type":"BUY","userId":"user-1"}
{"level":"info","marketId":"market-1","message":"Order placed and processed","orderId":"order-10","outcomeId":"outcome-1","price":0.41000000000000003,"quantity":10,"service":"prediction-market-api","timestamp":"2026-02-09T03:52:21.955Z","tradesExecuted":0,"type":"BUY","userId":"user-1"}
{"level":"info","marketId":"market-1","message":"Order placed and processed","orderId":"order-11","outcomeId":"outcome-1","price":0.4,"quantity":10,"service":"prediction-market-api","timestamp":"2026-02-09T03:52:21.955Z","tradesExecuted":0,"type":"BUY","userId":"user-1"}
{"level":"info","marketId":"market-1","message":"Order placed and processed","orderId":"order-12","outcomeId":"outcome-1","price":0.39,"quantity":10,"service":"prediction-market-api","timestamp":"2026-02-09T03:52:21.955Z","tradesExecuted":0,"type":"BUY","userId":"user-1"}
{"level":"info","marketId":"market-1","message":"Order placed and processed","orderId":"order-13","outcomeId":"outcome-1","price":0.38,"quantity":10,"service":"prediction-market-api","timestamp":"2026-02-09T03:52:21.955Z","tradesExecuted":0,"type":"BUY","userId":"user-1"}
{"level":"info","marketId":"market-1","message":"Order placed and processed","orderId":"order-14","outcomeId":"outcome-1","price":0.37,"quantity":10,"service":"prediction-market-api","timestamp":"2026-02-09T03:52:21.955Z","tradesExecuted":0,"type":"BUY","userId":"user-1"}
{"level":"info","marketId":"market-1","message":"Order placed and processed","orderId":"order-15","outcomeId":"outcome-1","price":0.36,"quantity":10,"service":"prediction-market-api","timestamp":"2026-02-09T03:52:21.955Z","tradesExecuted":0,"type":"BUY","userId":"user-1"}
{"bestAsk":null,"bestBid":null,"existingOrders":0,"level":"info","marketId":"market-1","message":"Order book initialized","outcomeId":"outcome-1","service":"prediction-market-api","timestamp":"2026-02-09T03:52:21.955Z"}
{"level":"info","marketId":"market-1","message":"Order placed and processed","orderId":"order-1","outcomeId":"outcome-1","price":0.55,"quantity":100,"service":"prediction-market-api","timestamp":"2026-02-09T03:52:21.956Z","tradesExecuted":0,"type":"BUY","userId":"user-1"}
{"level":"info","marketId":"market-1","message":"Order placed and processed","orderId":"order-2","outcomeId":"outcome-1","price":0.6,"quantity":100,"service":"prediction-market-api","timestamp":"2026-02-09T03:52:21.956Z","tradesExecuted":0,"type":"BUY","userId":"user-2"}
{"level":"info","marketId":"market-1","message":"Order placed and processed","orderId":"order-3","outcomeId":"outcome-1","price":0.5,"quantity":100,"service":"prediction-market-api","timestamp":"2026-02-09T03:52:21.956Z","tradesExecuted":0,"type":"BUY","userId":"user-1"}
{"bestAsk":null,"bestBid":null,"existingOrders":0,"level":"info","marketId":"market-1","message":"Order book initialized","outcomeId":"outcome-1","service":"prediction-market-api","timestamp":"2026-02-09T03:52:21.956Z"}
{"level":"info","marketId":"market-1","message":"Order placed and processed","orderId":"order-1","outcomeId":"outcome-1","price":0.6,"quantity":100,"service":"prediction-market-api","timestamp":"2026-02-09T03:52:21.956Z","tradesExecuted":0,"type":"BUY","userId":"user-1"}
{"level":"info","marketId":"market-1","message":"Order placed and processed","orderId":"order-2","outcomeId":"outcome-1","price":0.6,"quantity":100,"service":"prediction-market-api","timestamp":"2026-02-09T03:52:21.956Z","tradesExecuted":0,"type":"BUY","userId":"user-2"}
{"level":"info","marketId":"market-1","message":"Order placed and processed","orderId":"order-3","outcomeId":"outcome-1","price":0.6,"quantity":100,"service":"prediction-market-api","timestamp":"2026-02-09T03:52:21.956Z","tradesExecuted":0,"type":"BUY","userId":"user-1"}
{"bestAsk":null,"bestBid":null,"existingOrders":0,"level":"info","marketId":"market-1","message":"Order book initialized","outcomeId":"outcome-1","service":"prediction-market-api","timestamp":"2026-02-09T03:52:21.956Z"}
{"level":"info","marketId":"market-1","message":"Order placed and processed","orderId":"sell-order-1","outcomeId":"outcome-1","price":0.6,"quantity":100,"service":"prediction-market-api","timestamp":"2026-02-09T03:52:21.956Z","tradesExecuted":0,"type":"SELL","userId":"user-1"}
{"level":"info","marketId":"market-1","message":"Order placed and processed","orderId":"buy-order-1","outcomeId":"outcome-1","price":0.6,"quantity":50,"service":"prediction-market-api","timestamp":"2026-02-09T03:52:21.956Z","tradesExecuted":1,"type":"BUY","userId":"user-2"}
{"creatorId":"user123","level":"info","marketId":"market123","message":"Market created successfully","outcomesCount":2,"service":"prediction-market-api","timestamp":"2026-02-09T03:52:22.046Z","title":"Will Bitcoin reach $100k by 2024?","type":"binary"}
{"creatorId":"user123","level":"info","marketId":"market456","message":"Market created successfully","outcomesCount":3,"service":"prediction-market-api","timestamp":"2026-02-09T03:52:22.048Z","title":"Who will win the 2024 election?","type":"multi-outcome"}
{"level":"info","marketId":"market123","message":"Market updated successfully","service":"prediction-market-api","timestamp":"2026-02-09T03:52:22.068Z","updaterId":"user123","updates":{"title":"New Title"}}
{"error":"Market not found","level":"error","marketId":"nonexistent","message":"Failed to update market","service":"prediction-market-api","timestamp":"2026-02-09T03:52:22.069Z","updaterId":"user123","updates":{}}
{"error":"Cannot update resolved market","level":"error","marketId":"market123","message":"Failed to update market","service":"prediction-market-api","timestamp":"2026-02-09T03:52:22.070Z","updaterId":"user123","updates":{}}
{"closerId":"user123","level":"info","marketId":"market123","message":"Market closed successfully","previousStatus":"ACTIVE","service":"prediction-market-api","timestamp":"2026-02-09T03:52:22.071Z"}
{"closerId":"user123","error":"Market is not active and cannot be closed","level":"error","marketId":"market123","message":"Failed to close market","service":"prediction-market-api","timestamp":"2026-02-09T03:52:22.076Z"}
{"buyerId":"buyer-1","level":"info","marketId":"market-1","message":"Trade executed successfully","outcomeId":"outcome-1","price":0.6,"quantity":100,"sellerId":"seller-1","service":"prediction-market-api","timestamp":"2026-02-09T03:52:22.023Z","totalValue":60,"tradeId":"trade-1"}
{"buyerId":"buyer-1","level":"info","marketId":"market-1","message":"Trade executed successfully","outcomeId":"outcome-1","price":0.6,"quantity":100,"sellerId":"seller-1","service":"prediction-market-api","timestamp":"2026-02-09T03:52:22.030Z","totalValue":60,"tradeId":"trade-1"}
{"error":"Market ID and Outcome ID are required","level":"error","message":"Failed to execute trade","request":{"buyOrderId":"buy-order-1","buyerFee":0.12,"buyerId":"buyer-1","marketId":"","outcomeId":"outcome-1","price":0.6,"quantity":100,"sellOrderId":"sell-order-1","sellerFee":0.12,"sellerId":"seller-1","totalValue":60},"service":"prediction-market-api","timestamp":"2026-02-09T03:52:22.031Z"}
{"error":"Buyer ID and Seller ID are required","level":"error","message":"Failed to execute trade","request":{"buyOrderId":"buy-order-1","buyerFee":0.12,"buyerId":"","marketId":"market-1","outcomeId":"outcome-1","price":0.6,"quantity":100,"sellOrderId":"sell-order-1","sellerFee":0.12,"sellerId":"seller-1","totalValue":60},"service":"prediction-market-api","timestamp":"2026-02-09T03:52:22.059Z"}
{"error":"Quantity must be greater than 0","level":"error","message":"Failed to execute trade","request":{"buyOrderId":"buy-order-1","buyerFee":0.12,"buyerId":"buyer-1","marketId":"market-1","outcomeId":"outcome-1","price":0.6,"quantity":0,"sellOrderId":"sell-order-1","sellerFee":0.12,"sellerId":"seller-1","totalValue":60},"service":"prediction-market-api","timestamp":"2026-02-09T03:52:22.059Z"}
{"error":"Price must be between 0 and 1","level":"error","message":"Failed to execute trade","request":{"buyOrderId":"buy-order-1","buyerFee":0.12,"buyerId":"buyer-1","marketId":"market-1","outcomeId":"outcome-1","price":1.5,"quantity":100,"sellOrderId":"sell-order-1","sellerFee":0.12,"sellerId":"seller-1","totalValue":60},"service":"prediction-market-api","timestamp":"2026-02-09T03:52:22.060Z"}
{"error":"Total value must be greater than 0","level":"error","message":"Failed to execute trade","request":{"buyOrderId":"buy-order-1","buyerFee":0.12,"buyerId":"buyer-1","marketId":"market-1","outcomeId":"outcome-1","price":0.6,"quantity":100,"sellOrderId":"sell-order-1","sellerFee":0.12,"sellerId":"seller-1","totalValue":-10},"service":"prediction-market-api","timestamp":"2026-02-09T03:52:22.060Z"}
{"error":"Buyer not found","level":"error","message":"Failed to execute trade","request":{"buyOrderId":"buy-order-1","buyerFee":0.12,"buyerId":"buyer-1","marketId":"market-1","outcomeId":"outcome-1","price":0.6,"quantity":100,"sellOrderId":"sell-order-1","sellerFee":0.12,"sellerId":"seller-1","totalValue":60},"service":"prediction-market-api","timestamp":"2026-02-09T03:52:22.061Z"}
{"error":"Market is not active","level":"error","message":"Failed to execute trade","request":{"buyOrderId":"buy-order-1","buyerFee":0.12,"buyerId":"buyer-1","marketId":"market-1","outcomeId":"outcome-1","price":0.6,"quantity":100,"sellOrderId":"sell-order-1","sellerFee":0.12,"sellerId":"seller-1","totalValue":60},"service":"prediction-market-api","timestamp":"2026-02-09T03:52:22.061Z"}
{"buyerId":"buyer-1","level":"info","marketId":"market-1","message":"Trade executed successfully","outcomeId":"outcome-1","price":0.6,"quantity":100,"sellerId":"seller-1","service":"prediction-market-api","timestamp":"2026-02-09T03:52:22.062Z","totalValue":60,"tradeId":"trade-1"}
{"error":"User not found","level":"error","message":"Failed to get user balance","service":"prediction-market-api","timestamp":"2026-02-09T03:52:22.065Z","userId":"non-existent"}
{"level":"info","marketId":"market-1","message":"Multiple trades executed successfully","outcomeId":"outcome-1","service":"prediction-market-api","timestamp":"2026-02-09T03:52:22.079Z","totalVolume":46.25,"tradesCount":2}
{"error":"Invalid token","ip":"127.0.0.1","level":"warn","message":"Authentication failed","service":"prediction-market-api","timestamp":"2026-02-09T03:52:22.230Z"}
{"ip":"127.0.0.1","level":"warn","message":"Admin access denied","method":"GET","path":"/test","roles":["user"],"service":"prediction-market-api","timestamp":"2026-02-09T03:52:22.232Z"}
{"ip":"127.0.0.1","level":"warn","message":"Permission denied","method":"GET","path":"/test","requiredPermission":"create_market","roles":["user"],"service":"prediction-market-api","timestamp":"2026-02-09T03:52:22.237Z"}
{"ip":"127.0.0.1","level":"warn","message":"Role access denied","method":"GET","path":"/test","requiredRoles":["moderator","admin"],"service":"prediction-market-api","timestamp":"2026-02-09T03:52:22.239Z","userRoles":["user"]}
{"field":"userId","ip":"127.0.0.1","level":"warn","message":"Ownership access denied","method":"GET","path":"/test","resourceUserId":"user456","service":"prediction-market-api","timestamp":"2026-02-09T03:52:22.241Z","userId":"user123"}
{"level":"info","message":"Generated nonce for wallet authentication","nonce":"galc0b0sq5j","service":"prediction-market-api","timestamp":"2026-02-09T03:52:22.314Z","walletAddress":"0x1234567890123456789012345678901234567890"}
{"level":"info","message":"Wallet authentication successful","service":"prediction-market-api","timestamp":"2026-02-09T03:52:22.324Z","userId":"user-1","walletAddress":"0x861b33b2650ab1cfa9186065a0a600b600779b4b"}
{"level":"info","message":"Created new user from wallet authentication","service":"prediction-market-api","timestamp":"2026-02-09T03:52:22.328Z","userId":"user-new","walletAddress":"0x861b33b2650ab1cfa9186065a0a600b600779b4b"}
{"level":"info","message":"Wallet authentication successful","service":"prediction-market-api","timestamp":"2026-02-09T03:52:22.329Z","userId":"user-new","walletAddress":"0x861b33b2650ab1cfa9186065a0a600b600779b4b"}
{"error":"Invalid or expired nonce","level":"error","message":"Wallet authentication failed","service":"prediction-market-api","timestamp":"2026-02-09T03:52:22.330Z","walletAddress":"0x861b33b2650ab1cfa9186065a0a600b600779b4b"}
{"error":"invalid raw signature length (argument=\"signature\", value=\"0x1234567890abcdef\", code=INVALID_ARGUMENT, version=6.16.0)","level":"error","message":"Wallet authentication failed","service":"prediction-market-api","timestamp":"2026-02-09T03:52:22.339Z","walletAddress":"0x861b33b2650ab1cfa9186065a0a600b600779b4b"}
{"error":"Invalid signature","level":"error","message":"Wallet authentication failed","service":"prediction-market-api","timestamp":"2026-02-09T03:52:22.355Z","walletAddress":"0x861b33b2650ab1cfa9186065a0a600b600779b4b"}
{"error":"invalid token","level":"warn","message":"Token validation failed","service":"prediction-market-api","timestamp":"2026-02-09T03:52:22.357Z"}
{"error":"User not found","level":"warn","message":"Token validation failed","service":"prediction-market-api","timestamp":"2026-02-09T03:52:22.359Z"}
{"level":"info","message":"Token refresh successful","service":"prediction-market-api","timestamp":"2026-02-09T03:52:22.361Z","userId":"user-1","walletAddress":"0x1234567890123456789012345678901234567890"}
{"error":"invalid token","level":"error","message":"Token refresh failed","service":"prediction-market-api","timestamp":"2026-02-09T03:52:22.361Z"}
{"error":"Invalid refresh token","level":"error","message":"Token refresh failed","service":"prediction-market-api","timestamp":"2026-02-09T03:52:22.362Z"}
{"level":"info","message":"Token revoked successfully","service":"prediction-market-api","timestamp":"2026-02-09T03:52:22.364Z","userId":"user-1","walletAddress":"0x1234567890123456789012345678901234567890"}
{"error":"invalid token","level":"warn","message":"Token revocation failed","service":"prediction-market-api","timestamp":"2026-02-09T03:52:22.364Z"}
{"level":"info","message":"Cleared user sessions","service":"prediction-market-api","timestamp":"2026-02-09T03:52:22.364Z","userId":"user-1"}
{"error":"Invalid token","ip":"127.0.0.1","level":"warn","message":"Authentication failed","service":"prediction-market-api","timestamp":"2026-02-09T03:53:47.794Z"}
{"ip":"127.0.0.1","level":"warn","message":"Admin access denied","method":"GET","path":"/test","roles":["user"],"service":"prediction-market-api","timestamp":"2026-02-09T03:53:47.869Z"}
{"ip":"127.0.0.1","level":"warn","message":"Permission denied","method":"GET","path":"/test","requiredPermission":"create_market","roles":["user"],"service":"prediction-market-api","timestamp":"2026-02-09T03:53:47.877Z"}
{"ip":"127.0.0.1","level":"warn","message":"Role access denied","method":"GET","path":"/test","requiredRoles":["moderator","admin"],"service":"prediction-market-api","timestamp":"2026-02-09T03:53:47.879Z","userRoles":["user"]}
{"field":"userId","ip":"127.0.0.1","level":"warn","message":"Ownership access denied","method":"GET","path":"/test","resourceUserId":"user456","service":"prediction-market-api","timestamp":"2026-02-09T03:53:47.912Z","userId":"user123"}
{"creatorId":"user123","level":"info","marketId":"market123","message":"Market created successfully","outcomesCount":2,"service":"prediction-market-api","timestamp":"2026-02-09T03:53:47.944Z","title":"Will Bitcoin reach $100k by 2024?","type":"binary"}
{"creatorId":"user123","level":"info","marketId":"market456","message":"Market created successfully","outcomesCount":3,"service":"prediction-market-api","timestamp":"2026-02-09T03:53:47.972Z","title":"Who will win the 2024 election?","type":"multi-outcome"}
{"level":"info","marketId":"market123","message":"Market updated successfully","service":"prediction-market-api","timestamp":"2026-02-09T03:53:47.998Z","updaterId":"user123","updates":{"title":"New Title"}}
{"error":"Market not found","level":"error","marketId":"nonexistent","message":"Failed to update market","service":"prediction-market-api","timestamp":"2026-02-09T03:53:47.999Z","updaterId":"user123","updates":{}}
{"error":"Cannot update resolved market","level":"error","marketId":"market123","message":"Failed to update market","service":"prediction-market-api","timestamp":"2026-02-09T03:53:47.999Z","updaterId":"user123","updates":{}}
{"closerId":"user123","level":"info","marketId":"market123","message":"Market closed successfully","previousStatus":"ACTIVE","service":"prediction-market-api","timestamp":"2026-02-09T03:53:48.000Z"}
{"closerId":"user123","error":"Market is not active and cannot be closed","level":"error","marketId":"market123","message":"Failed to close market","service":"prediction-market-api","timestamp":"2026-02-09T03:53:48.002Z"}
{"buyerId":"buyer-1","level":"info","marketId":"market-1","message":"Trade executed successfully","outcomeId":"outcome-1","price":0.6,"quantity":100,"sellerId":"seller-1","service":"prediction-market-api","timestamp":"2026-02-09T03:53:47.968Z","totalValue":60,"tradeId":"trade-1"}
{"buyerId":"buyer-1","level":"info","marketId":"market-1","message":"Trade executed successfully","outcomeId":"outcome-1","price":0.6,"quantity":100,"sellerId":"seller-1","service":"prediction-market-api","timestamp":"2026-02-09T03:53:47.996Z","totalValue":60,"tradeId":"trade-1"}
{"error":"Market ID and Outcome ID are required","level":"error","message":"Failed to execute trade","request":{"buyOrderId":"buy-order-1","buyerFee":0.12,"buyerId":"buyer-1","marketId":"","outcomeId":"outcome-1","price":0.6,"quantity":100,"sellOrderId":"sell-order-1","sellerFee":0.12,"sellerId":"seller-1","totalValue":60},"service":"prediction-market-api","timestamp":"2026-02-09T03:53:47.997Z"}
{"error":"Buyer ID and Seller ID are required","level":"error","message":"Failed to execute trade","request":{"buyOrderId":"buy-order-1","buyerFee":0.12,"buyerId":"","marketId":"market-1","outcomeId":"outcome-1","price":0.6,"quantity":100,"sellOrderId":"sell-order-1","sellerFee":0.12,"sellerId":"seller-1","totalValue":60},"service":"prediction-market-api","timestamp":"2026-02-09T03:53:48.020Z"}
{"error":"Quantity must be greater than 0","level":"error","message":"Failed to execute trade","request":{"buyOrderId":"buy-order-1","buyerFee":0.12,"buyerId":"buyer-1","marketId":"market-1","outcomeId":"outcome-1","price":0.6,"quantity":0,"sellOrderId":"sell-order-1","sellerFee":0.12,"sellerId":"seller-1","totalValue":60},"service":"prediction-market-api","timestamp":"2026-02-09T03:53:48.021Z"}
{"error":"Price must be between 0 and 1","level":"error","message":"Failed to execute trade","request":{"buyOrderId":"buy-order-1","buyerFee":0.12,"buyerId":"buyer-1","marketId":"market-1","outcomeId":"outcome-1","price":1.5,"quantity":100,"sellOrderId":"sell-order-1","sellerFee":0.12,"sellerId":"seller-1","totalValue":60},"service":"prediction-market-api","timestamp":"2026-02-09T03:53:48.021Z"}
{"error":"Total value must be greater than 0","level":"error","message":"Failed to execute trade","request":{"buyOrderId":"buy-order-1","buyerFee":0.12,"buyerId":"buyer-1","marketId":"market-1","outcomeId":"outcome-1","price":0.6,"quantity":100,"sellOrderId":"sell-order-1","sellerFee":0.12,"sellerId":"seller-1","totalValue":-10},"service":"prediction-market-api","timestamp":"2026-02-09T03:53:48.021Z"}
{"error":"Buyer not found","level":"error","message":"Failed to execute trade","request":{"buyOrderId":"buy-order-1","buyerFee":0.12,"buyerId":"buyer-1","marketId":"market-1","outcomeId":"outcome-1","price":0.6,"quantity":100,"sellOrderId":"sell-order-1","sellerFee":0.12,"sellerId":"seller-1","totalValue":60},"service":"prediction-market-api","timestamp":"2026-02-09T03:53:48.022Z"}
{"error":"Market is not active","level":"error","message":"Failed to execute trade","request":{"buyOrderId":"buy-order-1","buyerFee":0.12,"buyerId":"buyer-1","marketId":"market-1","outcomeId":"outcome-1","price":0.6,"quantity":100,"sellOrderId":"sell-order-1","sellerFee":0.12,"sellerId":"seller-1","totalValue":60},"service":"prediction-market-api","timestamp":"2026-02-09T03:53:48.026Z"}
{"buyerId":"buyer-1","level":"info","marketId":"market-1","message":"Trade executed successfully","outcomeId":"outcome-1","price":0.6,"quantity":100,"sellerId":"seller-1","service":"prediction-market-api","timestamp":"2026-02-09T03:53:48.027Z","totalValue":60,"tradeId":"trade-1"}
{"error":"User not found","level":"error","message":"Failed to get user balance","service":"prediction-market-api","timestamp":"2026-02-09T03:53:48.029Z","userId":"non-existent"}
{"level":"info","marketId":"market-1","message":"Multiple trades executed successfully","outcomeId":"outcome-1","service":"prediction-market-api","timestamp":"2026-02-09T03:53:48.032Z","totalVolume":46.25,"tradesCount":2}
{"bestAsk":null,"bestBid":null,"existingOrders":0,"level":"info","marketId":"market-1","message":"Order book initialized","outcomeId":"outcome-1","service":"prediction-market-api","timestamp":"2026-02-09T03:53:48.095Z"}
{"bestAsk":0.7,"bestBid":0.6,"existingOrders":2,"level":"info","marketId":"market-1","message":"Order book initialized","outcomeId":"outcome-1","service":"prediction-market-api","timestamp":"2026-02-09T03:53:48.113Z"}
{"bestAsk":null,"bestBid":null,"existingOrders":0,"level":"info","marketId":"market-1","message":"Order book initialized","outcomeId":"outcome-1","service":"prediction-market-api","timestamp":"2026-02-09T03:53:48.114Z"}
{"level":"info","marketId":"market-1","message":"Order placed and processed","orderId":"order-1","outcomeId":"outcome-1","price":0.6,"quantity":100,"service":"prediction-market-api","timestamp":"2026-02-09T03:53:48.115Z","tradesExecuted":0,"type":"BUY","userId":"user-1"}
{"bestAsk":null,"bestBid":null,"existingOrders":0,"level":"info","marketId":"market-1","message":"Order book initialized","outcomeId":"outcome-1","service":"prediction-market-api","timestamp":"2026-02-09T03:53:48.115Z"}
{"level":"info","marketId":"market-1","message":"Order placed and processed","orderId":"order-1","outcomeId":"outcome-1","price":0.7,"quantity":50,"service":"prediction-market-api","timestamp":"2026-02-09T03:53:48.116Z","tradesExecuted":0,"type":"SELL","userId":"user-1"}
{"bestAsk":null,"bestBid":null,"existingOrders":0,"level":"info","marketId":"market-1","message":"Order book initialized","outcomeId":"outcome-1","service":"prediction-market-api","timestamp":"2026-02-09T03:53:48.116Z"}
{"level":"info","marketId":"market-1","message":"Order placed and processed","orderId":"sell-order-1","outcomeId":"outcome-1","price":0.6,"quantity":50,"service":"prediction-market-api","timestamp":"2026-02-09T03:53:48.117Z","tradesExecuted":0,"type":"SELL","userId":"user-1"}
{"level":"info","marketId":"market-1","message":"Order placed and processed","orderId":"buy-order-1","outcomeId":"outcome-1","price":0.6,"quantity":30,"service":"prediction-market-api","timestamp":"2026-02-09T03:53:48.118Z","tradesExecuted":1,"type":"BUY","userId":"user-2"}
{"bestAsk":null,"bestBid":null,"existingOrders":0,"level":"info","marketId":"market-1","message":"Order book initialized","outcomeId":"outcome-1","service":"prediction-market-api","timestamp":"2026-02-09T03:53:48.119Z"}
{"level":"info","marketId":"market-1","message":"Order placed and processed","orderId":"sell-order-1","outcomeId":"outcome-1","price":0.6,"quantity":30,"service":"prediction-market-api","timestamp":"2026-02-09T03:53:48.119Z","tradesExecuted":0,"type":"SELL","userId":"user-1"}
{"level":"info","marketId":"market-1","message":"Order placed and processed","orderId":"buy-order-1","outcomeId":"outcome-1","price":0.6,"quantity":50,"service":"prediction-market-api","timestamp":"2026-02-09T03:53:48.120Z","tradesExecuted":1,"type":"BUY","userId":"user-2"}
{"bestAsk":null,"bestBid":null,"existingOrders":0,"level":"info","marketId":"market-1","message":"Order book initialized","outcomeId":"outcome-1","service":"prediction-market-api","timestamp":"2026-02-09T03:53:48.120Z"}
{"level":"info","marketId":"market-1","message":"Order placed and processed","orderId":"sell-order-1","outcomeId":"outcome-1","price":0.7,"quantity":50,"service":"prediction-market-api","timestamp":"2026-02-09T03:53:48.120Z","tradesExecuted":0,"type":"SELL","userId":"user-1"}
{"level":"info","marketId":"market-1","message":"Order placed and processed","orderId":"buy-order-1","outcomeId":"outcome-1","price":0.7,"quantity":30,"service":"prediction-market-api","timestamp":"2026-02-09T03:53:48.121Z","tradesExecuted":1,"type":"BUY","userId":"user-2"}
{"bestAsk":null,"bestBid":null,"existingOrders":0,"level":"info","marketId":"market-1","message":"Order book initialized","outcomeId":"outcome-1","service":"prediction-market-api","timestamp":"2026-02-09T03:53:48.121Z"}
{"error":"User ID is required","level":"error","message":"Failed to place order","request":{"marketId":"market-1","orderType":"LIMIT","outcomeId":"outcome-1","price":0.6,"quantity":100,"type":"BUY"},"service":"prediction-market-api","timestamp":"2026-02-09T03:53:48.121Z"}
{"error":"Order type must be BUY or SELL","level":"error","message":"Failed to place order","request":{"marketId":"market-1","orderType":"LIMIT","outcomeId":"outcome-1","price":0.6,"quantity":100,"type":"INVALID","userId":"user-1"},"service":"prediction-market-api","timestamp":"2026-02-09T03:53:48.138Z"}
{"error":"Quantity must be greater than 0","level":"error","message":"Failed to place order","request":{"marketId":"market-1","orderType":"LIMIT","outcomeId":"outcome-1","price":0.6,"quantity":0,"type":"BUY","userId":"user-1"},"service":"prediction-market-api","timestamp":"2026-02-09T03:53:48.139Z"}
{"error":"Price must be between 0.01 and 0.99","level":"error","message":"Failed to place order","request":{"marketId":"market-1","orderType":"LIMIT","outcomeId":"outcome-1","price":1.5,"quantity":100,"type":"BUY","userId":"user-1"},"service":"prediction-market-api","timestamp":"2026-02-09T03:53:48.139Z"}
{"bestAsk":null,"bestBid":null,"existingOrders":0,"level":"info","marketId":"market-1","message":"Order book initialized","outcomeId":"outcome-1","service":"prediction-market-api","timestamp":"2026-02-09T03:53:48.139Z"}
{"level":"info","marketId":"market-1","message":"Order placed and processed","orderId":"order-1","outcomeId":"outcome-1","price":0.6,"quantity":100,"service":"prediction-market-api","timestamp":"2026-02-09T03:53:48.140Z","tradesExecuted":0,"type":"BUY","userId":"user-1"}
{"level":"info","marketId":"market-1","message":"Order cancelled","orderId":"order-1","outcomeId":"outcome-1","service":"prediction-market-api","timestamp":"2026-02-09T03:53:48.140Z","userId":"user-1"}
{"bestAsk":null,"bestBid":null,"existingOrders":0,"level":"info","marketId":"market-1","message":"Order book initialized","outcomeId":"outcome-1","service":"prediction-market-api","timestamp":"2026-02-09T03:53:48.141Z"}
{"error":"Unauthorized to cancel this order","level":"error","message":"Failed to cancel order","orderId":"order-1","service":"prediction-market-api","timestamp":"2026-02-09T03:53:48.141Z","userId":"user-2"}
{"bestAsk":null,"bestBid":null,"existingOrders":0,"level":"info","marketId":"market-1","message":"Order book initialized","outcomeId":"outcome-1","service":"prediction-market-api","timestamp":"2026-02-09T03:53:48.141Z"}
{"error":"Order cannot be cancelled","level":"error","message":"Failed to cancel order","orderId":"order-1","service":"prediction-market-api","timestamp":"2026-02-09T03:53:48.141Z","userId":"user-1"}
{"bestAsk":null,"bestBid":null,"existingOrders":0,"level":"info","marketId":"market-1","message":"Order book initialized","outcomeId":"outcome-1","service":"prediction-market-api","timestamp":"2026-02-09T03:53:48.142Z"}
{"error":"Order not found","level":"error","message":"Failed to cancel order","orderId":"non-existent","service":"prediction-market-api","timestamp":"2026-02-09T03:53:48.142Z","userId":"user-1"}
{"bestAsk":null,"bestBid":null,"existingOrders":0,"level":"info","marketId":"market-1","message":"Order book initialized","outcomeId":"outcome-1","service":"prediction-market-api","timestamp":"2026-02-09T03:53:48.142Z"}
{"bestAsk":null,"bestBid":null,"existingOrders":0,"level":"info","marketId":"market-1","message":"Order book initialized","outcomeId":"outcome-1","service":"prediction-market-api","timestamp":"2026-02-09T03:53:48.142Z"}
{"level":"info","marketId":"market-1","message":"Order placed and processed","orderId":"order-1","outcomeId":"outcome-1","price":0.6,"quantity":100,"service":"prediction-market-api","timestamp":"2026-02-09T03:53:48.143Z","tradesExecuted":0,"type":"BUY","userId":"user-1"}
{"level":"info","marketId":"market-1","message":"Order placed and processed","orderId":"order-2","outcomeId":"outcome-1","price":0.55,"quantity":50,"service":"prediction-market-api","timestamp":"2026-02-09T03:53:48.143Z","tradesExecuted":0,"type":"BUY","userId":"user-1"}
{"level":"info","marketId":"market-1","message":"Order placed and processed","orderId":"order-3","outcomeId":"outcome-1","price":0.65,"quantity":75,"service":"prediction-market-api","timestamp":"2026-02-09T03:53:48.143Z","tradesExecuted":0,"type":"SELL","userId":"user-2"}
{"bestAsk":null,"bestBid":null,"existingOrders":0,"level":"info","marketId":"market-1","message":"Order book initialized","outcomeId":"outcome-1","service":"prediction-market-api","timestamp":"2026-02-09T03:53:48.143Z"}
{"level":"info","marketId":"market-1","message":"Order placed and processed","orderId":"order-1","outcomeId":"outcome-1","price":0.5,"quantity":10,"service":"prediction-market-api","timestamp":"2026-02-09T03:53:48.143Z","tradesExecuted":0,"type":"BUY","userId":"user-1"}
{"level":"info","marketId":"market-1","message":"Order placed and processed","orderId":"order-2","outcomeId":"outcome-1","price":0.49,"quantity":10,"service":"prediction-market-api","timestamp":"2026-02-09T03:53:48.144Z","tradesExecuted":0,"type":"BUY","userId":"user-1"}
{"level":"info","marketId":"market-1","message":"Order placed and processed","orderId":"order-3","outcomeId":"outcome-1","price":0.48,"quantity":10,"service":"prediction-market-api","timestamp":"2026-02-09T03:53:48.144Z","tradesExecuted":0,"type":"BUY","userId":"user-1"}
{"level":"info","marketId":"market-1","message":"Order placed and processed","orderId":"order-4","outcomeId":"outcome-1","price":0.47,"quantity":10,"service":"prediction-market-api","timestamp":"2026-02-09T03:53:48.144Z","tradesExecuted":0,"type":"BUY","userId":"user-1"}
{"level":"info","marketId":"market-1","message":"Order placed and processed","orderId":"order-5","outcomeId":"outcome-1","price":0.46,"quantity":10,"service":"prediction-market-api","timestamp":"2026-02-09T03:53:48.144Z","tradesExecuted":0,"type":"BUY","userId":"user-1"}
{"level":"info","marketId":"market-1","message":"Order placed and processed","orderId":"order-6","outcomeId":"outcome-1","price":0.45,"quantity":10,"service":"prediction-market-api","timestamp":"2026-02-09T03:53:48.144Z","tradesExecuted":0,"type":"BUY","userId":"user-1"}
{"level":"info","marketId":"market-1","message":"Order placed and processed","orderId":"order-7","outcomeId":"outcome-1","price":0.44,"quantity":10,"service":"prediction-market-api","timestamp":"2026-02-09T03:53:48.144Z","tradesExecuted":0,"type":"BUY","userId":"user-1"}
{"level":"info","marketId":"market-1","message":"Order placed and processed","orderId":"order-8","outcomeId":"outcome-1","price":0.43,"quantity":10,"service":"prediction-market-api","timestamp":"2026-02-09T03:53:48.145Z","tradesExecuted":0,"type":"BUY","userId":"user-1"}
{"level":"info","marketId":"market-1","message":"Order placed and processed","orderId":"order-9","outcomeId":"outcome-1","price":0.42,"quantity":10,"service":"prediction-market-api","timestamp":"2026-02-09T03:53:48.145Z","tradesExecuted":0,"type":"BUY","userId":"user-1"}
{"level":"info","marketId":"market-1","message":"Order placed and processed","orderId":"order-10","outcomeId":"outcome-1","price":0.41000000000000003,"quantity":10,"service":"prediction-market-api","timestamp":"2026-02-09T03:53:48.145Z","tradesExecuted":0,"type":"BUY","userId":"user-1"}
{"level":"info","marketId":"market-1","message":"Order placed and processed","orderId":"order-11","outcomeId":"outcome-1","price":0.4,"quantity":10,"service":"prediction-market-api","timestamp":"2026-02-09T03:53:48.145Z","tradesExecuted":0,"type":"BUY","userId":"user-1"}
{"level":"info","marketId":"market-1","message":"Order placed and processed","orderId":"order-12","outcomeId":"outcome-1","price":0.39,"quantity":10,"service":"prediction-market-api","timestamp":"2026-02-09T03:53:48.145Z","tradesExecuted":0,"type":"BUY","userId":"user-1"}
{"level":"info","marketId":"market-1","message":"Order placed and processed","orderId":"order-13","outcomeId":"outcome-1","price":0.38,"quantity":10,"service":"prediction-market-api","timestamp":"2026-02-09T03:53:48.145Z","tradesExecuted":0,"type":"BUY","userId":"user-1"}
{"level":"info","marketId":"market-1","message":"Order placed and processed","orderId":"order-14","outcomeId":"outcome-1","price":0.37,"quantity":10,"service":"prediction-market-api","timestamp":"2026-02-09T03:53:48.145Z","tradesExecuted":0,"type":"BUY","userId":"user-1"}
{"level":"info","marketId":"market-1","message":"Order placed and processed","orderId":"order-15","outcomeId":"outcome-1","price":0.36,"quantity":10,"service":"prediction-market-api","timestamp":"2026-02-09T03:53:48.146Z","tradesExecuted":0,"type":"BUY","userId":"user-1"}
{"bestAsk":null,"bestBid":null,"existingOrders":0,"level":"info","marketId":"market-1","message":"Order book initialized","outcomeId":"outcome-1","service":"prediction-market-api","timestamp":"2026-02-09T03:53:48.146Z"}
{"level":"info","marketId":"market-1","message":"Order placed and processed","orderId":"order-1","outcomeId":"outcome-1","price":0.55,"quantity":100,"service":"prediction-market-api","timestamp":"2026-02-09T03:53:48.146Z","tradesExecuted":0,"type":"BUY","userId":"user-1"}
{"level":"info","marketId":"market-1","message":"Order placed and processed","orderId":"order-2","outcomeId":"outcome-1","price":0.6,"quantity":100,"service":"prediction-market-api","timestamp":"2026-02-09T03:53:48.146Z","tradesExecuted":0,"type":"BUY","userId":"user-2"}
{"level":"info","marketId":"market-1","message":"Order placed and processed","orderId":"order-3","outcomeId":"outcome-1","price":0.5,"quantity":100,"service":"prediction-market-api","timestamp":"2026-02-09T03:53:48.146Z","tradesExecuted":0,"type":"BUY","userId":"user-1"}
{"bestAsk":null,"bestBid":null,"existingOrders":0,"level":"info","marketId":"market-1","message":"Order book initialized","outcomeId":"outcome-1","service":"prediction-market-api","timestamp":"2026-02-09T03:53:48.147Z"}
{"level":"info","marketId":"market-1","message":"Order placed and processed","orderId":"order-1","outcomeId":"outcome-1","price":0.6,"quantity":100,"service":"prediction-market-api","timestamp":"2026-02-09T03:53:48.149Z","tradesExecuted":0,"type":"BUY","userId":"user-1"}
{"level":"info","marketId":"market-1","message":"Order placed and processed","orderId":"order-2","outcomeId":"outcome-1","price":0.6,"quantity":100,"service":"prediction-market-api","timestamp":"2026-02-09T03:53:48.149Z","tradesExecuted":0,"type":"BUY","userId":"user-2"}
{"level":"info","marketId":"market-1","message":"Order placed and processed","orderId":"order-3","outcomeId":"outcome-1","price":0.6,"quantity":100,"service":"prediction-market-api","timestamp":"2026-02-09T03:53:48.149Z","tradesExecuted":0,"type":"BUY","userId":"user-1"}
{"bestAsk":null,"bestBid":null,"existingOrders":0,"level":"info","marketId":"market-1","message":"Order book initialized","outcomeId":"outcome-1","service":"prediction-market-api","timestamp":"2026-02-09T03:53:48.150Z"}
{"level":"info","marketId":"market-1","message":"Order placed and processed","orderId":"sell-order-1","outcomeId":"outcome-1","price":0.6,"quantity":100,"service":"prediction-market-api","timestamp":"2026-02-09T03:53:48.150Z","tradesExecuted":0,"type":"SELL","userId":"user-1"}
{"level":"info","marketId":"market-1","message":"Order placed and processed","orderId":"buy-order-1","outcomeId":"outcome-1","price":0.6,"quantity":50,"service":"prediction-market-api","timestamp":"2026-02-09T03:53:48.150Z","tradesExecuted":1,"type":"BUY","userId":"user-2"}
{"level":"info","message":"Generated nonce for wallet authentication","nonce":"se7wxoa7wi","service":"prediction-market-api","timestamp":"2026-02-09T03:53:48.094Z","walletAddress":"0x1234567890123456789012345678901234567890"}
{"level":"info","message":"Wallet authentication successful","service":"prediction-market-api","timestamp":"2026-02-09T03:53:48.116Z","userId":"user-1","walletAddress":"0xc1cb66016d6f022c838c4e202f6f8fdc8ae16183"}
{"level":"info","message":"Created new user from wallet authentication","service":"prediction-market-api","timestamp":"2026-02-09T03:53:48.121Z","userId":"user-new","walletAddress":"0xc1cb66016d6f022c838c4e202f6f8fdc8ae16183"}
{"level":"info","message":"Wallet authentication successful","service":"prediction-market-api","timestamp":"2026-02-09T03:53:48.122Z","userId":"user-new","walletAddress":"0xc1cb66016d6f022c838c4e202f6f8fdc8ae16183"}
{"error":"Invalid or expired nonce","level":"error","message":"Wallet authentication failed","service":"prediction-market-api","timestamp":"2026-02-09T03:53:48.124Z","walletAddress":"0xc1cb66016d6f022c838c4e202f6f8fdc8ae16183"}
{"error":"invalid raw signature length (argument=\"signature\", value=\"0x1234567890abcdef\", code=INVALID_ARGUMENT, version=6.16.0)","level":"error","message":"Wallet authentication failed","service":"prediction-market-api","timestamp":"2026-02-09T03:53:48.132Z","walletAddress":"0xc1cb66016d6f022c838c4e202f6f8fdc8ae16183"}
{"error":"Invalid signature","level":"error","message":"Wallet authentication failed","service":"prediction-market-api","timestamp":"2026-02-09T03:53:48.157Z","walletAddress":"0xc1cb66016d6f022c838c4e202f6f8fdc8ae16183"}
{"error":"invalid token","level":"warn","message":"Token validation failed","service":"prediction-market-api","timestamp":"2026-02-09T03:53:48.159Z"}
{"error":"User not found","level":"warn","message":"Token validation failed","service":"prediction-market-api","timestamp":"2026-02-09T03:53:48.161Z"}
{"level":"info","message":"Token refresh successful","service":"prediction-market-api","timestamp":"2026-02-09T03:53:48.163Z","userId":"user-1","walletAddress":"0x1234567890123456789012345678901234567890"}
{"error":"invalid token","level":"error","message":"Token refresh failed","service":"prediction-market-api","timestamp":"2026-02-09T03:53:48.164Z"}
{"error":"Invalid refresh token","level":"error","message":"Token refresh failed","service":"prediction-market-api","timestamp":"2026-02-09T03:53:48.166Z"}
{"level":"info","message":"Token revoked successfully","service":"prediction-market-api","timestamp":"2026-02-09T03:53:48.167Z","userId":"user-1","walletAddress":"0x1234567890123456789012345678901234567890"}
{"error":"invalid token","level":"warn","message":"Token revocation failed","service":"prediction-market-api","timestamp":"2026-02-09T03:53:48.168Z"}
{"level":"info","message":"Cleared user sessions","service":"prediction-market-api","timestamp":"2026-02-09T03:53:48.169Z","userId":"user-1"}
{"isAuthenticated":false,"level":"info","message":"WebSocket client connected","service":"prediction-market-api","socketId":"TJ8DqXLFMIbhU99lAAAB","timestamp":"2026-02-09T04:03:04.725Z","userId":"anonymous"}
{"error":"secret or public key must be provided","level":"warn","message":"WebSocket authentication failed","service":"prediction-market-api","socketId":"ErkLooHwOPNv2--dAAAD","timestamp":"2026-02-09T04:03:34.777Z"}
{"isAuthenticated":false,"level":"info","message":"WebSocket client connected","service":"prediction-market-api","socketId":"ErkLooHwOPNv2--dAAAD","timestamp":"2026-02-09T04:03:34.778Z","userId":"anonymous"}
{"level":"info","marketId":"test-market-1","message":"Client subscribed to market","service":"prediction-market-api","socketId":"TJ8DqXLFMIbhU99lAAAB","subscriptionTypes":["all"],"timestamp":"2026-02-09T04:04:04.786Z","userId":"anonymous"}
{"level":"info","marketId":"test-market-2","message":"Client subscribed to market","service":"prediction-market-api","socketId":"TJ8DqXLFMIbhU99lAAAB","subscriptionTypes":["price_update","trade_executed"],"timestamp":"2026-02-09T04:04:04.791Z","userId":"anonymous"}
{"level":"info","marketId":"test-market-3","message":"Client subscribed to market","service":"prediction-market-api","socketId":"TJ8DqXLFMIbhU99lAAAB","subscriptionTypes":["all"],"timestamp":"2026-02-09T04:04:34.797Z","userId":"anonymous"}
{"level":"info","message":"Client subscribed to outcome","outcomeId":"test-outcome-1","service":"prediction-market-api","socketId":"TJ8DqXLFMIbhU99lAAAB","subscriptionTypes":["all"],"timestamp":"2026-02-09T04:05:04.804Z","userId":"anonymous"}
{"level":"info","message":"Client subscribed to outcome","outcomeId":"test-outcome-2","service":"prediction-market-api","socketId":"TJ8DqXLFMIbhU99lAAAB","subscriptionTypes":["all"],"timestamp":"2026-02-09T04:05:34.807Z","userId":"anonymous"}
{"level":"info","marketId":"test-market-broadcast","message":"Client subscribed to market","service":"prediction-market-api","socketId":"TJ8DqXLFMIbhU99lAAAB","subscriptionTypes":["all"],"timestamp":"2026-02-09T04:06:04.848Z","userId":"anonymous"}
{"level":"info","message":"Client subscribed to outcome","outcomeId":"test-outcome-broadcast","service":"prediction-market-api","socketId":"TJ8DqXLFMIbhU99lAAAB","subscriptionTypes":["all"],"timestamp":"2026-02-09T04:06:34.833Z","userId":"anonymous"}
{"level":"info","marketId":"test-market-price","message":"Client subscribed to market","service":"prediction-market-api","socketId":"TJ8DqXLFMIbhU99lAAAB","subscriptionTypes":["all"],"timestamp":"2026-02-09T04:07:04.833Z","userId":"anonymous"}
{"level":"info","marketId":"test-market-trade","message":"Client subscribed to market","service":"prediction-market-api","socketId":"TJ8DqXLFMIbhU99lAAAB","subscriptionTypes":["all"],"timestamp":"2026-02-09T04:07:34.840Z","userId":"anonymous"}
{"level":"info","marketId":"test-market-status","message":"Client subscribed to market","service":"prediction-market-api","socketId":"TJ8DqXLFMIbhU99lAAAB","subscriptionTypes":["all"],"timestamp":"2026-02-09T04:08:04.839Z","userId":"anonymous"}
{"error":"jwt malformed","level":"warn","message":"WebSocket authentication failed","service":"prediction-market-api","socketId":"t1wvTr4hg_fl3XEdAAAF","timestamp":"2026-02-09T04:08:34.866Z"}
{"isAuthenticated":false,"level":"info","message":"WebSocket client connected","service":"prediction-market-api","socketId":"t1wvTr4hg_fl3XEdAAAF","timestamp":"2026-02-09T04:08:34.866Z","userId":"anonymous"}
{"level":"info","marketId":"test-market-no-broadcast","message":"Market update broadcasted","service":"prediction-market-api","subscribersCount":0,"timestamp":"2026-02-09T04:08:34.874Z","type":"price_update"}
{"level":"info","marketId":"market-1","message":"Client subscribed to market","service":"prediction-market-api","socketId":"t1wvTr4hg_fl3XEdAAAF","subscriptionTypes":["price_update","trade_executed"],"timestamp":"2026-02-09T04:08:34.875Z","userId":"anonymous"}
{"level":"info","marketId":"market-2","message":"Client subscribed to market","service":"prediction-market-api","socketId":"t1wvTr4hg_fl3XEdAAAF","subscriptionTypes":["price_update","trade_executed"],"timestamp":"2026-02-09T04:08:34.875Z","userId":"anonymous"}
{"level":"info","message":"Client subscribed to outcome","outcomeId":"outcome-1","service":"prediction-market-api","socketId":"t1wvTr4hg_fl3XEdAAAF","subscriptionTypes":["price_update","trade_executed"],"timestamp":"2026-02-09T04:08:34.875Z","userId":"anonymous"}
{"level":"info","marketIds":["market-1","market-2"],"message":"WebSocket subscriptions restored after reconnection","outcomeIds":["outcome-1"],"service":"prediction-market-api","socketId":"t1wvTr4hg_fl3XEdAAAF","timestamp":"2026-02-09T04:08:34.875Z","userId":"anonymous"}
{"level":"info","message":"WebSocket client disconnected","reason":"client namespace disconnect","service":"prediction-market-api","socketId":"t1wvTr4hg_fl3XEdAAAF","timestamp":"2026-02-09T04:08:34.877Z","userId":"anonymous"}
{"level":"info","message":"WebSocket client disconnected","reason":"server shutting down","service":"prediction-market-api","socketId":"TJ8DqXLFMIbhU99lAAAB","timestamp":"2026-02-09T04:09:04.883Z","userId":"anonymous"}
{"level":"info","message":"WebSocket client disconnected","reason":"server shutting down","service":"prediction-market-api","socketId":"ErkLooHwOPNv2--dAAAD","timestamp":"2026-02-09T04:09:04.883Z","userId":"anonymous"}
{"isAuthenticated":false,"level":"info","message":"WebSocket client connected","service":"prediction-market-api","socketId":"-v51nTj960YrsyNyAAAB","timestamp":"2026-02-09T05:20:27.453Z","userId":"anonymous"}
{"error":"secret or public key must be provided","level":"warn","message":"WebSocket authentication failed","service":"prediction-market-api","socketId":"ioQ8ysleKZi_0qbsAAAD","timestamp":"2026-02-09T05:20:57.504Z"}
{"isAuthenticated":false,"level":"info","message":"WebSocket client connected","service":"prediction-market-api","socketId":"ioQ8ysleKZi_0qbsAAAD","timestamp":"2026-02-09T05:20:57.504Z","userId":"anonymous"}
{"level":"info","marketId":"test-market-1","message":"Client subscribed to market","service":"prediction-market-api","socketId":"-v51nTj960YrsyNyAAAB","subscriptionTypes":["all"],"timestamp":"2026-02-09T05:21:27.519Z","userId":"anonymous"}
{"level":"info","marketId":"test-market-2","message":"Client subscribed to market","service":"prediction-market-api","socketId":"-v51nTj960YrsyNyAAAB","subscriptionTypes":["price_update","trade_executed"],"timestamp":"2026-02-09T05:21:27.523Z","userId":"anonymous"}
{"level":"info","marketId":"test-market-3","message":"Client subscribed to market","service":"prediction-market-api","socketId":"-v51nTj960YrsyNyAAAB","subscriptionTypes":["all"],"timestamp":"2026-02-09T05:21:57.530Z","userId":"anonymous"}
{"level":"info","message":"Client subscribed to outcome","outcomeId":"test-outcome-1","service":"prediction-market-api","socketId":"-v51nTj960YrsyNyAAAB","subscriptionTypes":["all"],"timestamp":"2026-02-09T05:22:27.534Z","userId":"anonymous"}
{"level":"info","message":"Client subscribed to outcome","outcomeId":"test-outcome-2","service":"prediction-market-api","socketId":"-v51nTj960YrsyNyAAAB","subscriptionTypes":["all"],"timestamp":"2026-02-09T05:22:57.542Z","userId":"anonymous"}
{"level":"info","marketId":"test-market-broadcast","message":"Client subscribed to market","service":"prediction-market-api","socketId":"-v51nTj960YrsyNyAAAB","subscriptionTypes":["all"],"timestamp":"2026-02-09T05:23:27.560Z","userId":"anonymous"}
{"level":"info","message":"Client subscribed to outcome","outcomeId":"test-outcome-broadcast","service":"prediction-market-api","socketId":"-v51nTj960YrsyNyAAAB","subscriptionTypes":["all"],"timestamp":"2026-02-09T05:23:57.555Z","userId":"anonymous"}
{"level":"info","marketId":"test-market-price","message":"Client subscribed to market","service":"prediction-market-api","socketId":"-v51nTj960YrsyNyAAAB","subscriptionTypes":["all"],"timestamp":"2026-02-09T05:24:27.574Z","userId":"anonymous"}
{"level":"info","marketId":"test-market-trade","message":"Client subscribed to market","service":"prediction-market-api","socketId":"-v51nTj960YrsyNyAAAB","subscriptionTypes":["all"],"timestamp":"2026-02-09T05:24:57.569Z","userId":"anonymous"}
{"level":"info","marketId":"test-market-status","message":"Client subscribed to market","service":"prediction-market-api","socketId":"-v51nTj960YrsyNyAAAB","subscriptionTypes":["all"],"timestamp":"2026-02-09T05:25:27.583Z","userId":"anonymous"}
{"error":"jwt malformed","level":"warn","message":"WebSocket authentication failed","service":"prediction-market-api","socketId":"_V9j5SqH9N6ZDLReAAAF","timestamp":"2026-02-09T05:25:57.599Z"}
{"isAuthenticated":false,"level":"info","message":"WebSocket client connected","service":"prediction-market-api","socketId":"_V9j5SqH9N6ZDLReAAAF","timestamp":"2026-02-09T05:25:57.599Z","userId":"anonymous"}
{"level":"info","marketId":"test-market-no-broadcast","message":"Market update broadcasted","service":"prediction-market-api","subscribersCount":0,"timestamp":"2026-02-09T05:25:57.606Z","type":"price_update"}
{"level":"info","marketId":"market-1","message":"Client subscribed to market","service":"prediction-market-api","socketId":"_V9j5SqH9N6ZDLReAAAF","subscriptionTypes":["price_update","trade_executed"],"timestamp":"2026-02-09T05:25:57.607Z","userId":"anonymous"}
{"level":"info","marketId":"market-2","message":"Client subscribed to market","service":"prediction-market-api","socketId":"_V9j5SqH9N6ZDLReAAAF","subscriptionTypes":["price_update","trade_executed"],"timestamp":"2026-02-09T05:25:57.607Z","userId":"anonymous"}
{"level":"info","message":"Client subscribed to outcome","outcomeId":"outcome-1","service":"prediction-market-api","socketId":"_V9j5SqH9N6ZDLReAAAF","subscriptionTypes":["price_update","trade_executed"],"timestamp":"2026-02-09T05:25:57.607Z","userId":"anonymous"}
{"level":"info","marketIds":["market-1","market-2"],"message":"WebSocket subscriptions restored after reconnection","outcomeIds":["outcome-1"],"service":"prediction-market-api","socketId":"_V9j5SqH9N6ZDLReAAAF","timestamp":"2026-02-09T05:25:57.607Z","userId":"anonymous"}
{"level":"info","message":"WebSocket client disconnected","reason":"client namespace disconnect","service":"prediction-market-api","socketId":"_V9j5SqH9N6ZDLReAAAF","timestamp":"2026-02-09T05:25:57.608Z","userId":"anonymous"}
{"level":"info","message":"WebSocket client disconnected","reason":"server shutting down","service":"prediction-market-api","socketId":"-v51nTj960YrsyNyAAAB","timestamp":"2026-02-09T05:26:27.620Z","userId":"anonymous"}
{"level":"info","message":"WebSocket client disconnected","reason":"server shutting down","service":"prediction-market-api","socketId":"ioQ8ysleKZi_0qbsAAAD","timestamp":"2026-02-09T05:26:27.623Z","userId":"anonymous"}
{"isAuthenticated":false,"level":"info","message":"WebSocket client connected","service":"prediction-market-api","socketId":"dm628_P0GcB9_LBRAAAB","timestamp":"2026-02-09T06:23:50.499Z","userId":"anonymous"}
{"error":"secret or public key must be provided","level":"warn","message":"WebSocket authentication failed","service":"prediction-market-api","socketId":"rOIMp4vWALgZAUEbAAAD","timestamp":"2026-02-09T06:24:20.538Z"}
{"isAuthenticated":false,"level":"info","message":"WebSocket client connected","service":"prediction-market-api","socketId":"rOIMp4vWALgZAUEbAAAD","timestamp":"2026-02-09T06:24:20.539Z","userId":"anonymous"}
{"level":"info","marketId":"test-market-1","message":"Client subscribed to market","service":"prediction-market-api","socketId":"dm628_P0GcB9_LBRAAAB","subscriptionTypes":["all"],"timestamp":"2026-02-09T06:24:50.549Z","userId":"anonymous"}
{"level":"info","marketId":"test-market-2","message":"Client subscribed to market","service":"prediction-market-api","socketId":"dm628_P0GcB9_LBRAAAB","subscriptionTypes":["price_update","trade_executed"],"timestamp":"2026-02-09T06:24:50.551Z","userId":"anonymous"}
{"level":"info","marketId":"test-market-3","message":"Client subscribed to market","service":"prediction-market-api","socketId":"dm628_P0GcB9_LBRAAAB","subscriptionTypes":["all"],"timestamp":"2026-02-09T06:25:20.556Z","userId":"anonymous"}
{"level":"info","message":"Client subscribed to outcome","outcomeId":"test-outcome-1","service":"prediction-market-api","socketId":"dm628_P0GcB9_LBRAAAB","subscriptionTypes":["all"],"timestamp":"2026-02-09T06:25:50.575Z","userId":"anonymous"}
{"level":"info","message":"Client subscribed to outcome","outcomeId":"test-outcome-2","service":"prediction-market-api","socketId":"dm628_P0GcB9_LBRAAAB","subscriptionTypes":["all"],"timestamp":"2026-02-09T06:26:20.583Z","userId":"anonymous"}
{"level":"info","marketId":"test-market-broadcast","message":"Client subscribed to market","service":"prediction-market-api","socketId":"dm628_P0GcB9_LBRAAAB","subscriptionTypes":["all"],"timestamp":"2026-02-09T06:26:50.593Z","userId":"anonymous"}
{"level":"info","message":"Client subscribed to outcome","outcomeId":"test-outcome-broadcast","service":"prediction-market-api","socketId":"dm628_P0GcB9_LBRAAAB","subscriptionTypes":["all"],"timestamp":"2026-02-09T06:27:20.598Z","userId":"anonymous"}
{"level":"info","marketId":"test-market-price","message":"Client subscribed to market","service":"prediction-market-api","socketId":"dm628_P0GcB9_LBRAAAB","subscriptionTypes":["all"],"timestamp":"2026-02-09T06:27:50.614Z","userId":"anonymous"}
{"level":"info","marketId":"test-market-trade","message":"Client subscribed to market","service":"prediction-market-api","socketId":"dm628_P0GcB9_LBRAAAB","subscriptionTypes":["all"],"timestamp":"2026-02-09T06:28:20.607Z","userId":"anonymous"}
{"level":"info","marketId":"test-market-status","message":"Client subscribed to market","service":"prediction-market-api","socketId":"dm628_P0GcB9_LBRAAAB","subscriptionTypes":["all"],"timestamp":"2026-02-09T06:28:50.623Z","userId":"anonymous"}
{"error":"jwt malformed","level":"warn","message":"WebSocket authentication failed","service":"prediction-market-api","socketId":"_Ha0gdKHq2vHWADJAAAF","timestamp":"2026-02-09T06:29:20.638Z"}
{"isAuthenticated":false,"level":"info","message":"WebSocket client connected","service":"prediction-market-api","socketId":"_Ha0gdKHq2vHWADJAAAF","timestamp":"2026-02-09T06:29:20.638Z","userId":"anonymous"}
{"level":"info","marketId":"test-market-no-broadcast","message":"Market update broadcasted","service":"prediction-market-api","subscribersCount":0,"timestamp":"2026-02-09T06:29:20.646Z","type":"price_update"}
{"level":"info","marketId":"market-1","message":"Client subscribed to market","service":"prediction-market-api","socketId":"_Ha0gdKHq2vHWADJAAAF","subscriptionTypes":["price_update","trade_executed"],"timestamp":"2026-02-09T06:29:20.647Z","userId":"anonymous"}
{"level":"info","marketId":"market-2","message":"Client subscribed to market","service":"prediction-market-api","socketId":"_Ha0gdKHq2vHWADJAAAF","subscriptionTypes":["price_update","trade_executed"],"timestamp":"2026-02-09T06:29:20.647Z","userId":"anonymous"}
{"level":"info","message":"Client subscribed to outcome","outcomeId":"outcome-1","service":"prediction-market-api","socketId":"_Ha0gdKHq2vHWADJAAAF","subscriptionTypes":["price_update","trade_executed"],"timestamp":"2026-02-09T06:29:20.647Z","userId":"anonymous"}
{"level":"info","marketIds":["market-1","market-2"],"message":"WebSocket subscriptions restored after reconnection","outcomeIds":["outcome-1"],"service":"prediction-market-api","socketId":"_Ha0gdKHq2vHWADJAAAF","timestamp":"2026-02-09T06:29:20.647Z","userId":"anonymous"}
{"level":"info","message":"WebSocket client disconnected","reason":"client namespace disconnect","service":"prediction-market-api","socketId":"_Ha0gdKHq2vHWADJAAAF","timestamp":"2026-02-09T06:29:20.649Z","userId":"anonymous"}
{"level":"info","message":"WebSocket client disconnected","reason":"server shutting down","service":"prediction-market-api","socketId":"dm628_P0GcB9_LBRAAAB","timestamp":"2026-02-09T06:29:50.652Z","userId":"anonymous"}
{"level":"info","message":"WebSocket client disconnected","reason":"server shutting down","service":"prediction-market-api","socketId":"rOIMp4vWALgZAUEbAAAD","timestamp":"2026-02-09T06:29:50.653Z","userId":"anonymous"}
{"isAuthenticated":false,"level":"info","message":"WebSocket client connected","service":"prediction-market-api","socketId":"0eZFPRsp-74Ljok6AAAB","timestamp":"2026-02-09T06:37:54.874Z","userId":"anonymous"}
{"error":"secret or public key must be provided","level":"warn","message":"WebSocket authentication failed","service":"prediction-market-api","socketId":"c52UWhTi7e7ZKn9nAAAD","timestamp":"2026-02-09T06:38:24.916Z"}
{"isAuthenticated":false,"level":"info","message":"WebSocket client connected","service":"prediction-market-api","socketId":"c52UWhTi7e7ZKn9nAAAD","timestamp":"2026-02-09T06:38:24.917Z","userId":"anonymous"}
{"level":"info","marketId":"test-market-1","message":"Client subscribed to market","service":"prediction-market-api","socketId":"0eZFPRsp-74Ljok6AAAB","subscriptionTypes":["all"],"timestamp":"2026-02-09T06:38:54.928Z","userId":"anonymous"}
{"level":"info","marketId":"test-market-2","message":"Client subscribed to market","service":"prediction-market-api","socketId":"0eZFPRsp-74Ljok6AAAB","subscriptionTypes":["price_update","trade_executed"],"timestamp":"2026-02-09T06:38:54.931Z","userId":"anonymous"}
{"level":"info","marketId":"test-market-3","message":"Client subscribed to market","service":"prediction-market-api","socketId":"0eZFPRsp-74Ljok6AAAB","subscriptionTypes":["all"],"timestamp":"2026-02-09T06:39:24.943Z","userId":"anonymous"}
{"level":"info","message":"Client subscribed to outcome","outcomeId":"test-outcome-1","service":"prediction-market-api","socketId":"0eZFPRsp-74Ljok6AAAB","subscriptionTypes":["all"],"timestamp":"2026-02-09T06:39:54.961Z","userId":"anonymous"}
{"level":"info","message":"Client subscribed to outcome","outcomeId":"test-outcome-2","service":"prediction-market-api","socketId":"0eZFPRsp-74Ljok6AAAB","subscriptionTypes":["all"],"timestamp":"2026-02-09T06:40:24.960Z","userId":"anonymous"}
{"level":"info","marketId":"test-market-broadcast","message":"Client subscribed to market","service":"prediction-market-api","socketId":"0eZFPRsp-74Ljok6AAAB","subscriptionTypes":["all"],"timestamp":"2026-02-09T06:40:54.971Z","userId":"anonymous"}
{"level":"info","message":"Client subscribed to outcome","outcomeId":"test-outcome-broadcast","service":"prediction-market-api","socketId":"0eZFPRsp-74Ljok6AAAB","subscriptionTypes":["all"],"timestamp":"2026-02-09T06:41:24.980Z","userId":"anonymous"}
{"level":"info","marketId":"test-market-price","message":"Client subscribed to market","service":"prediction-market-api","socketId":"0eZFPRsp-74Ljok6AAAB","subscriptionTypes":["all"],"timestamp":"2026-02-09T06:41:54.977Z","userId":"anonymous"}
{"level":"info","marketId":"test-market-trade","message":"Client subscribed to market","service":"prediction-market-api","socketId":"0eZFPRsp-74Ljok6AAAB","subscriptionTypes":["all"],"timestamp":"2026-02-09T06:42:24.994Z","userId":"anonymous"}
{"level":"info","marketId":"test-market-status","message":"Client subscribed to market","service":"prediction-market-api","socketId":"0eZFPRsp-74Ljok6AAAB","subscriptionTypes":["all"],"timestamp":"2026-02-09T06:42:55.002Z","userId":"anonymous"}
{"error":"jwt malformed","level":"warn","message":"WebSocket authentication failed","service":"prediction-market-api","socketId":"9-DADzQMc5ZMLONVAAAF","timestamp":"2026-02-09T06:43:25.009Z"}
{"isAuthenticated":false,"level":"info","message":"WebSocket client connected","service":"prediction-market-api","socketId":"9-DADzQMc5ZMLONVAAAF","timestamp":"2026-02-09T06:43:25.010Z","userId":"anonymous"}
{"level":"info","marketId":"test-market-no-broadcast","message":"Market update broadcasted","service":"prediction-market-api","subscribersCount":0,"timestamp":"2026-02-09T06:43:25.018Z","type":"price_update"}
{"level":"info","marketId":"market-1","message":"Client subscribed to market","service":"prediction-market-api","socketId":"9-DADzQMc5ZMLONVAAAF","subscriptionTypes":["price_update","trade_executed"],"timestamp":"2026-02-09T06:43:25.019Z","userId":"anonymous"}
{"level":"info","marketId":"market-2","message":"Client subscribed to market","service":"prediction-market-api","socketId":"9-DADzQMc5ZMLONVAAAF","subscriptionTypes":["price_update","trade_executed"],"timestamp":"2026-02-09T06:43:25.019Z","userId":"anonymous"}
{"level":"info","message":"Client subscribed to outcome","outcomeId":"outcome-1","service":"prediction-market-api","socketId":"9-DADzQMc5ZMLONVAAAF","subscriptionTypes":["price_update","trade_executed"],"timestamp":"2026-02-09T06:43:25.019Z","userId":"anonymous"}
{"level":"info","marketIds":["market-1","market-2"],"message":"WebSocket subscriptions restored after reconnection","outcomeIds":["outcome-1"],"service":"prediction-market-api","socketId":"9-DADzQMc5ZMLONVAAAF","timestamp":"2026-02-09T06:43:25.019Z","userId":"anonymous"}
{"level":"info","message":"WebSocket client disconnected","reason":"client namespace disconnect","service":"prediction-market-api","socketId":"9-DADzQMc5ZMLONVAAAF","timestamp":"2026-02-09T06:43:25.021Z","userId":"anonymous"}
{"level":"info","message":"WebSocket client disconnected","reason":"server shutting down","service":"prediction-market-api","socketId":"0eZFPRsp-74Ljok6AAAB","timestamp":"2026-02-09T06:43:55.026Z","userId":"anonymous"}
{"level":"info","message":"WebSocket client disconnected","reason":"server shutting down","service":"prediction-market-api","socketId":"c52UWhTi7e7ZKn9nAAAD","timestamp":"2026-02-09T06:43:55.026Z","userId":"anonymous"}
{"isAuthenticated":false,"level":"info","message":"WebSocket client connected","service":"prediction-market-api","socketId":"HkqzxN0QiM3GY5UxAAAB","timestamp":"2026-02-09T06:51:26.107Z","userId":"anonymous"}
{"error":"secret or public key must be provided","level":"warn","message":"WebSocket authentication failed","service":"prediction-market-api","socketId":"5qfHRQYNQ1pI1IzEAAAD","timestamp":"2026-02-09T06:51:56.161Z"}
{"isAuthenticated":false,"level":"info","message":"WebSocket client connected","service":"prediction-market-api","socketId":"5qfHRQYNQ1pI1IzEAAAD","timestamp":"2026-02-09T06:51:56.162Z","userId":"anonymous"}
{"level":"info","marketId":"test-market-1","message":"Client subscribed to market","service":"prediction-market-api","socketId":"HkqzxN0QiM3GY5UxAAAB","subscriptionTypes":["all"],"timestamp":"2026-02-09T06:52:26.178Z","userId":"anonymous"}
{"level":"info","marketId":"test-market-2","message":"Client subscribed to market","service":"prediction-market-api","socketId":"HkqzxN0QiM3GY5UxAAAB","subscriptionTypes":["price_update","trade_executed"],"timestamp":"2026-02-09T06:52:26.181Z","userId":"anonymous"}
{"level":"info","marketId":"test-market-3","message":"Client subscribed to market","service":"prediction-market-api","socketId":"HkqzxN0QiM3GY5UxAAAB","subscriptionTypes":["all"],"timestamp":"2026-02-09T06:52:56.192Z","userId":"anonymous"}
{"level":"info","message":"Client subscribed to outcome","outcomeId":"test-outcome-1","service":"prediction-market-api","socketId":"HkqzxN0QiM3GY5UxAAAB","subscriptionTypes":["all"],"timestamp":"2026-02-09T06:53:26.197Z","userId":"anonymous"}
{"level":"info","message":"Client subscribed to outcome","outcomeId":"test-outcome-2","service":"prediction-market-api","socketId":"HkqzxN0QiM3GY5UxAAAB","subscriptionTypes":["all"],"timestamp":"2026-02-09T06:53:56.206Z","userId":"anonymous"}
{"level":"info","marketId":"test-market-broadcast","message":"Client subscribed to market","service":"prediction-market-api","socketId":"HkqzxN0QiM3GY5UxAAAB","subscriptionTypes":["all"],"timestamp":"2026-02-09T06:54:26.207Z","userId":"anonymous"}
{"level":"info","message":"Client subscribed to outcome","outcomeId":"test-outcome-broadcast","service":"prediction-market-api","socketId":"HkqzxN0QiM3GY5UxAAAB","subscriptionTypes":["all"],"timestamp":"2026-02-09T06:54:56.214Z","userId":"anonymous"}
{"level":"info","marketId":"test-market-price","message":"Client subscribed to market","service":"prediction-market-api","socketId":"HkqzxN0QiM3GY5UxAAAB","subscriptionTypes":["all"],"timestamp":"2026-02-09T06:55:26.217Z","userId":"anonymous"}
{"level":"info","marketId":"test-market-trade","message":"Client subscribed to market","service":"prediction-market-api","socketId":"HkqzxN0QiM3GY5UxAAAB","subscriptionTypes":["all"],"timestamp":"2026-02-09T06:55:56.231Z","userId":"anonymous"}
{"level":"info","marketId":"test-market-status","message":"Client subscribed to market","service":"prediction-market-api","socketId":"HkqzxN0QiM3GY5UxAAAB","subscriptionTypes":["all"],"timestamp":"2026-02-09T06:56:26.235Z","userId":"anonymous"}
{"error":"jwt malformed","level":"warn","message":"WebSocket authentication failed","service":"prediction-market-api","socketId":"kLvZHEtM0p0O5S5GAAAF","timestamp":"2026-02-09T06:56:56.260Z"}
{"isAuthenticated":false,"level":"info","message":"WebSocket client connected","service":"prediction-market-api","socketId":"kLvZHEtM0p0O5S5GAAAF","timestamp":"2026-02-09T06:56:56.261Z","userId":"anonymous"}
{"level":"info","marketId":"test-market-no-broadcast","message":"Market update broadcasted","service":"prediction-market-api","subscribersCount":0,"timestamp":"2026-02-09T06:56:56.272Z","type":"price_update"}
{"level":"info","marketId":"market-1","message":"Client subscribed to market","service":"prediction-market-api","socketId":"kLvZHEtM0p0O5S5GAAAF","subscriptionTypes":["price_update","trade_executed"],"timestamp":"2026-02-09T06:56:56.273Z","userId":"anonymous"}
{"level":"info","marketId":"market-2","message":"Client subscribed to market","service":"prediction-market-api","socketId":"kLvZHEtM0p0O5S5GAAAF","subscriptionTypes":["price_update","trade_executed"],"timestamp":"2026-02-09T06:56:56.274Z","userId":"anonymous"}
{"level":"info","message":"Client subscribed to outcome","outcomeId":"outcome-1","service":"prediction-market-api","socketId":"kLvZHEtM0p0O5S5GAAAF","subscriptionTypes":["price_update","trade_executed"],"timestamp":"2026-02-09T06:56:56.274Z","userId":"anonymous"}
{"level":"info","marketIds":["market-1","market-2"],"message":"WebSocket subscriptions restored after reconnection","outcomeIds":["outcome-1"],"service":"prediction-market-api","socketId":"kLvZHEtM0p0O5S5GAAAF","timestamp":"2026-02-09T06:56:56.275Z","userId":"anonymous"}
{"level":"info","message":"WebSocket client disconnected","reason":"client namespace disconnect","service":"prediction-market-api","socketId":"kLvZHEtM0p0O5S5GAAAF","timestamp":"2026-02-09T06:56:56.276Z","userId":"anonymous"}
{"level":"info","message":"WebSocket client disconnected","reason":"server shutting down","service":"prediction-market-api","socketId":"HkqzxN0QiM3GY5UxAAAB","timestamp":"2026-02-09T06:57:26.282Z","userId":"anonymous"}
{"level":"info","message":"WebSocket client disconnected","reason":"server shutting down","service":"prediction-market-api","socketId":"5qfHRQYNQ1pI1IzEAAAD","timestamp":"2026-02-09T06:57:26.284Z","userId":"anonymous"}
{"error":"Invalid token","ip":"127.0.0.1","level":"warn","message":"Authentication failed","service":"prediction-market-api","timestamp":"2026-02-09T09:08:43.048Z"}
{"ip":"127.0.0.1","level":"warn","message":"Admin access denied","method":"GET","path":"/test","roles":["user"],"service":"prediction-market-api","timestamp":"2026-02-09T09:08:43.087Z"}
{"ip":"127.0.0.1","level":"warn","message":"Permission denied","method":"GET","path":"/test","requiredPermission":"create_market","roles":["user"],"service":"prediction-market-api","timestamp":"2026-02-09T09:08:43.096Z"}
{"ip":"127.0.0.1","level":"warn","message":"Role access denied","method":"GET","path":"/test","requiredRoles":["moderator","admin"],"service":"prediction-market-api","timestamp":"2026-02-09T09:08:43.099Z","userRoles":["user"]}
{"field":"userId","ip":"127.0.0.1","level":"warn","message":"Ownership access denied","method":"GET","path":"/test","resourceUserId":"user456","service":"prediction-market-api","timestamp":"2026-02-09T09:08:43.101Z","userId":"user123"}
{"buyerId":"buyer-1","level":"info","marketId":"market-1","message":"Trade executed successfully","outcomeId":"outcome-1","price":0.6,"quantity":100,"sellerId":"seller-1","service":"prediction-market-api","timestamp":"2026-02-09T09:08:43.206Z","totalValue":60,"tradeId":"trade-1"}
{"buyerId":"buyer-1","level":"info","marketId":"market-1","message":"Trade executed successfully","outcomeId":"outcome-1","price":0.6,"quantity":100,"sellerId":"seller-1","service":"prediction-market-api","timestamp":"2026-02-09T09:08:43.224Z","totalValue":60,"tradeId":"trade-1"}
{"error":"Market ID and Outcome ID are required","level":"error","message":"Failed to execute trade","request":{"buyOrderId":"buy-order-1","buyerFee":0.12,"buyerId":"buyer-1","marketId":"","outcomeId":"outcome-1","price":0.6,"quantity":100,"sellOrderId":"sell-order-1","sellerFee":0.12,"sellerId":"seller-1","totalValue":60},"service":"prediction-market-api","timestamp":"2026-02-09T09:08:43.225Z"}
{"error":"Buyer ID and Seller ID are required","level":"error","message":"Failed to execute trade","request":{"buyOrderId":"buy-order-1","buyerFee":0.12,"buyerId":"","marketId":"market-1","outcomeId":"outcome-1","price":0.6,"quantity":100,"sellOrderId":"sell-order-1","sellerFee":0.12,"sellerId":"seller-1","totalValue":60},"service":"prediction-market-api","timestamp":"2026-02-09T09:08:43.245Z"}
{"error":"Quantity must be greater than 0","level":"error","message":"Failed to execute trade","request":{"buyOrderId":"buy-order-1","buyerFee":0.12,"buyerId":"buyer-1","marketId":"market-1","outcomeId":"outcome-1","price":0.6,"quantity":0,"sellOrderId":"sell-order-1","sellerFee":0.12,"sellerId":"seller-1","totalValue":60},"service":"prediction-market-api","timestamp":"2026-02-09T09:08:43.245Z"}
{"error":"Price must be between 0 and 1","level":"error","message":"Failed to execute trade","request":{"buyOrderId":"buy-order-1","buyerFee":0.12,"buyerId":"buyer-1","marketId":"market-1","outcomeId":"outcome-1","price":1.5,"quantity":100,"sellOrderId":"sell-order-1","sellerFee":0.12,"sellerId":"seller-1","totalValue":60},"service":"prediction-market-api","timestamp":"2026-02-09T09:08:43.246Z"}
{"error":"Total value must be greater than 0","level":"error","message":"Failed to execute trade","request":{"buyOrderId":"buy-order-1","buyerFee":0.12,"buyerId":"buyer-1","marketId":"market-1","outcomeId":"outcome-1","price":0.6,"quantity":100,"sellOrderId":"sell-order-1","sellerFee":0.12,"sellerId":"seller-1","totalValue":-10},"service":"prediction-market-api","timestamp":"2026-02-09T09:08:43.246Z"}
{"error":"Buyer not found","level":"error","message":"Failed to execute trade","request":{"buyOrderId":"buy-order-1","buyerFee":0.12,"buyerId":"buyer-1","marketId":"market-1","outcomeId":"outcome-1","price":0.6,"quantity":100,"sellOrderId":"sell-order-1","sellerFee":0.12,"sellerId":"seller-1","totalValue":60},"service":"prediction-market-api","timestamp":"2026-02-09T09:08:43.247Z"}
{"error":"Market is not active","level":"error","message":"Failed to execute trade","request":{"buyOrderId":"buy-order-1","buyerFee":0.12,"buyerId":"buyer-1","marketId":"market-1","outcomeId":"outcome-1","price":0.6,"quantity":100,"sellOrderId":"sell-order-1","sellerFee":0.12,"sellerId":"seller-1","totalValue":60},"service":"prediction-market-api","timestamp":"2026-02-09T09:08:43.248Z"}
{"buyerId":"buyer-1","level":"info","marketId":"market-1","message":"Trade executed successfully","outcomeId":"outcome-1","price":0.6,"quantity":100,"sellerId":"seller-1","service":"prediction-market-api","timestamp":"2026-02-09T09:08:43.249Z","totalValue":60,"tradeId":"trade-1"}
{"error":"User not found","level":"error","message":"Failed to get user balance","service":"prediction-market-api","timestamp":"2026-02-09T09:08:43.253Z","userId":"non-existent"}
{"level":"info","marketId":"market-1","message":"Multiple trades executed successfully","outcomeId":"outcome-1","service":"prediction-market-api","timestamp":"2026-02-09T09:08:43.260Z","totalVolume":46.25,"tradesCount":2}
{"level":"info","message":"Generated nonce for wallet authentication","nonce":"b4tieypogun","service":"prediction-market-api","timestamp":"2026-02-09T09:08:43.769Z","walletAddress":"0x1234567890123456789012345678901234567890"}
{"level":"info","message":"Wallet authentication successful","service":"prediction-market-api","timestamp":"2026-02-09T09:08:43.789Z","userId":"user-1","walletAddress":"0xc0594fa556dcca96b4a252dce3b87a3e4d3e83b4"}
{"level":"info","message":"Created new user from wallet authentication","service":"prediction-market-api","timestamp":"2026-02-09T09:08:43.793Z","userId":"user-new","walletAddress":"0xc0594fa556dcca96b4a252dce3b87a3e4d3e83b4"}
{"level":"info","message":"Wallet authentication successful","service":"prediction-market-api","timestamp":"2026-02-09T09:08:43.794Z","userId":"user-new","walletAddress":"0xc0594fa556dcca96b4a252dce3b87a3e4d3e83b4"}
{"error":"Invalid or expired nonce","level":"error","message":"Wallet authentication failed","service":"prediction-market-api","timestamp":"2026-02-09T09:08:43.795Z","walletAddress":"0xc0594fa556dcca96b4a252dce3b87a3e4d3e83b4"}
{"error":"invalid raw signature length (argument=\"signature\", value=\"0x1234567890abcdef\", code=INVALID_ARGUMENT, version=6.16.0)","level":"error","message":"Wallet authentication failed","service":"prediction-market-api","timestamp":"2026-02-09T09:08:43.804Z","walletAddress":"0xc0594fa556dcca96b4a252dce3b87a3e4d3e83b4"}
{"error":"Invalid signature","level":"error","message":"Wallet authentication failed","service":"prediction-market-api","timestamp":"2026-02-09T09:08:43.818Z","walletAddress":"0xc0594fa556dcca96b4a252dce3b87a3e4d3e83b4"}
{"error":"invalid token","level":"warn","message":"Token validation failed","service":"prediction-market-api","timestamp":"2026-02-09T09:08:43.821Z"}
{"error":"User not found","level":"warn","message":"Token validation failed","service":"prediction-market-api","timestamp":"2026-02-09T09:08:43.823Z"}
{"level":"info","message":"Token refresh successful","service":"prediction-market-api","timestamp":"2026-02-09T09:08:43.825Z","userId":"user-1","walletAddress":"0x1234567890123456789012345678901234567890"}
{"error":"invalid token","level":"error","message":"Token refresh failed","service":"prediction-market-api","timestamp":"2026-02-09T09:08:43.827Z"}
{"error":"Invalid refresh token","level":"error","message":"Token refresh failed","service":"prediction-market-api","timestamp":"2026-02-09T09:08:43.828Z"}
{"level":"info","message":"Token revoked successfully","service":"prediction-market-api","timestamp":"2026-02-09T09:08:43.830Z","userId":"user-1","walletAddress":"0x1234567890123456789012345678901234567890"}
{"error":"invalid token","level":"warn","message":"Token revocation failed","service":"prediction-market-api","timestamp":"2026-02-09T09:08:43.830Z"}
{"level":"info","message":"Cleared user sessions","service":"prediction-market-api","timestamp":"2026-02-09T09:08:43.831Z","userId":"user-1"}
{"error":"Invalid token","ip":"127.0.0.1","level":"warn","message":"Authentication failed","service":"prediction-market-api","timestamp":"2026-02-09T09:16:07.532Z"}
{"ip":"127.0.0.1","level":"warn","message":"Admin access denied","method":"GET","path":"/test","roles":["user"],"service":"prediction-market-api","timestamp":"2026-02-09T09:16:07.603Z"}
{"ip":"127.0.0.1","level":"warn","message":"Permission denied","method":"GET","path":"/test","requiredPermission":"create_market","roles":["user"],"service":"prediction-market-api","timestamp":"2026-02-09T09:16:07.617Z"}
{"ip":"127.0.0.1","level":"warn","message":"Role access denied","method":"GET","path":"/test","requiredRoles":["moderator","admin"],"service":"prediction-market-api","timestamp":"2026-02-09T09:16:07.633Z","userRoles":["user"]}
{"field":"userId","ip":"127.0.0.1","level":"warn","message":"Ownership access denied","method":"GET","path":"/test","resourceUserId":"user456","service":"prediction-market-api","timestamp":"2026-02-09T09:16:07.685Z","userId":"user123"}
{"level":"info","message":"Generated nonce for wallet authentication","nonce":"xyuke3j0kx8","service":"prediction-market-api","timestamp":"2026-02-09T09:16:07.690Z","walletAddress":"0x1234567890123456789012345678901234567890"}
{"level":"info","message":"Wallet authentication successful","service":"prediction-market-api","timestamp":"2026-02-09T09:16:07.752Z","userId":"user-1","walletAddress":"0x47e889cef6791f2a55487bf42cd8c1536188a7e4"}
{"level":"info","message":"Created new user from wallet authentication","service":"prediction-market-api","timestamp":"2026-02-09T09:16:07.759Z","userId":"user-new","walletAddress":"0x47e889cef6791f2a55487bf42cd8c1536188a7e4"}
{"level":"info","message":"Wallet authentication successful","service":"prediction-market-api","timestamp":"2026-02-09T09:16:07.760Z","userId":"user-new","walletAddress":"0x47e889cef6791f2a55487bf42cd8c1536188a7e4"}
{"error":"Invalid or expired nonce","level":"error","message":"Wallet authentication failed","service":"prediction-market-api","timestamp":"2026-02-09T09:16:07.763Z","walletAddress":"0x47e889cef6791f2a55487bf42cd8c1536188a7e4"}
{"error":"invalid raw signature length (argument=\"signature\", value=\"0x1234567890abcdef\", code=INVALID_ARGUMENT, version=6.16.0)","level":"error","message":"Wallet authentication failed","service":"prediction-market-api","timestamp":"2026-02-09T09:16:07.786Z","walletAddress":"0x47e889cef6791f2a55487bf42cd8c1536188a7e4"}
{"error":"Invalid signature","level":"error","message":"Wallet authentication failed","service":"prediction-market-api","timestamp":"2026-02-09T09:16:07.823Z","walletAddress":"0x47e889cef6791f2a55487bf42cd8c1536188a7e4"}
{"error":"invalid token","level":"warn","message":"Token validation failed","service":"prediction-market-api","timestamp":"2026-02-09T09:16:07.826Z"}
{"error":"User not found","level":"warn","message":"Token validation failed","service":"prediction-market-api","timestamp":"2026-02-09T09:16:07.828Z"}
{"level":"info","message":"Token refresh successful","service":"prediction-market-api","timestamp":"2026-02-09T09:16:07.831Z","userId":"user-1","walletAddress":"0x1234567890123456789012345678901234567890"}
{"error":"invalid token","level":"error","message":"Token refresh failed","service":"prediction-market-api","timestamp":"2026-02-09T09:16:07.832Z"}
{"error":"Invalid refresh token","level":"error","message":"Token refresh failed","service":"prediction-market-api","timestamp":"2026-02-09T09:16:07.836Z"}
{"level":"info","message":"Token revoked successfully","service":"prediction-market-api","timestamp":"2026-02-09T09:16:07.851Z","userId":"user-1","walletAddress":"0x1234567890123456789012345678901234567890"}
{"error":"invalid token","level":"warn","message":"Token revocation failed","service":"prediction-market-api","timestamp":"2026-02-09T09:16:07.851Z"}
{"level":"info","message":"Cleared user sessions","service":"prediction-market-api","timestamp":"2026-02-09T09:16:07.852Z","userId":"user-1"}
{"bestAsk":null,"bestBid":null,"existingOrders":0,"level":"info","marketId":"market-1","message":"Order book initialized","outcomeId":"outcome-1","service":"prediction-market-api","timestamp":"2026-02-09T09:16:08.340Z"}
{"bestAsk":0.7,"bestBid":0.6,"existingOrders":2,"level":"info","marketId":"market-1","message":"Order book initialized","outcomeId":"outcome-1","service":"prediction-market-api","timestamp":"2026-02-09T09:16:08.356Z"}
{"bestAsk":null,"bestBid":null,"existingOrders":0,"level":"info","marketId":"market-1","message":"Order book initialized","outcomeId":"outcome-1","service":"prediction-market-api","timestamp":"2026-02-09T09:16:08.357Z"}
{"level":"info","marketId":"market-1","message":"Order placed and processed","orderId":"order-1","outcomeId":"outcome-1","price":0.6,"quantity":100,"service":"prediction-market-api","timestamp":"2026-02-09T09:16:08.357Z","tradesExecuted":0,"type":"BUY","userId":"user-1"}
{"bestAsk":null,"bestBid":null,"existingOrders":0,"level":"info","marketId":"market-1","message":"Order book initialized","outcomeId":"outcome-1","service":"prediction-market-api","timestamp":"2026-02-09T09:16:08.358Z"}
{"level":"info","marketId":"market-1","message":"Order placed and processed","orderId":"order-1","outcomeId":"outcome-1","price":0.7,"quantity":50,"service":"prediction-market-api","timestamp":"2026-02-09T09:16:08.358Z","tradesExecuted":0,"type":"SELL","userId":"user-1"}
{"bestAsk":null,"bestBid":null,"existingOrders":0,"level":"info","marketId":"market-1","message":"Order book initialized","outcomeId":"outcome-1","service":"prediction-market-api","timestamp":"2026-02-09T09:16:08.359Z"}
{"level":"info","marketId":"market-1","message":"Order placed and processed","orderId":"sell-order-1","outcomeId":"outcome-1","price":0.6,"quantity":50,"service":"prediction-market-api","timestamp":"2026-02-09T09:16:08.359Z","tradesExecuted":0,"type":"SELL","userId":"user-1"}
{"level":"info","marketId":"market-1","message":"Order placed and processed","orderId":"buy-order-1","outcomeId":"outcome-1","price":0.6,"quantity":30,"service":"prediction-market-api","timestamp":"2026-02-09T09:16:08.360Z","tradesExecuted":1,"type":"BUY","userId":"user-2"}
{"bestAsk":null,"bestBid":null,"existingOrders":0,"level":"info","marketId":"market-1","message":"Order book initialized","outcomeId":"outcome-1","service":"prediction-market-api","timestamp":"2026-02-09T09:16:08.361Z"}
{"level":"info","marketId":"market-1","message":"Order placed and processed","orderId":"sell-order-1","outcomeId":"outcome-1","price":0.6,"quantity":30,"service":"prediction-market-api","timestamp":"2026-02-09T09:16:08.361Z","tradesExecuted":0,"type":"SELL","userId":"user-1"}
{"level":"info","marketId":"market-1","message":"Order placed and processed","orderId":"buy-order-1","outcomeId":"outcome-1","price":0.6,"quantity":50,"service":"prediction-market-api","timestamp":"2026-02-09T09:16:08.362Z","tradesExecuted":1,"type":"BUY","userId":"user-2"}
{"bestAsk":null,"bestBid":null,"existingOrders":0,"level":"info","marketId":"market-1","message":"Order book initialized","outcomeId":"outcome-1","service":"prediction-market-api","timestamp":"2026-02-09T09:16:08.363Z"}
{"level":"info","marketId":"market-1","message":"Order placed and processed","orderId":"sell-order-1","outcomeId":"outcome-1","price":0.7,"quantity":50,"service":"prediction-market-api","timestamp":"2026-02-09T09:16:08.363Z","tradesExecuted":0,"type":"SELL","userId":"user-1"}
{"level":"info","marketId":"market-1","message":"Order placed and processed","orderId":"buy-order-1","outcomeId":"outcome-1","price":0.7,"quantity":30,"service":"prediction-market-api","timestamp":"2026-02-09T09:16:08.364Z","tradesExecuted":1,"type":"BUY","userId":"user-2"}
{"bestAsk":null,"bestBid":null,"existingOrders":0,"level":"info","marketId":"market-1","message":"Order book initialized","outcomeId":"outcome-1","service":"prediction-market-api","timestamp":"2026-02-09T09:16:08.365Z"}
{"error":"User ID is required","level":"error","message":"Failed to place order","request":{"marketId":"market-1","orderType":"LIMIT","outcomeId":"outcome-1","price":0.6,"quantity":100,"type":"BUY"},"service":"prediction-market-api","timestamp":"2026-02-09T09:16:08.365Z"}
{"error":"Order type must be BUY or SELL","level":"error","message":"Failed to place order","request":{"marketId":"market-1","orderType":"LIMIT","outcomeId":"outcome-1","price":0.6,"quantity":100,"type":"INVALID","userId":"user-1"},"service":"prediction-market-api","timestamp":"2026-02-09T09:16:08.388Z"}
{"error":"Quantity must be greater than 0","level":"error","message":"Failed to place order","request":{"marketId":"market-1","orderType":"LIMIT","outcomeId":"outcome-1","price":0.6,"quantity":0,"type":"BUY","userId":"user-1"},"service":"prediction-market-api","timestamp":"2026-02-09T09:16:08.389Z"}
{"error":"Price must be between 0.01 and 0.99","level":"error","message":"Failed to place order","request":{"marketId":"market-1","orderType":"LIMIT","outcomeId":"outcome-1","price":1.5,"quantity":100,"type":"BUY","userId":"user-1"},"service":"prediction-market-api","timestamp":"2026-02-09T09:16:08.389Z"}
{"bestAsk":null,"bestBid":null,"existingOrders":0,"level":"info","marketId":"market-1","message":"Order book initialized","outcomeId":"outcome-1","service":"prediction-market-api","timestamp":"2026-02-09T09:16:08.389Z"}
{"level":"info","marketId":"market-1","message":"Order placed and processed","orderId":"order-1","outcomeId":"outcome-1","price":0.6,"quantity":100,"service":"prediction-market-api","timestamp":"2026-02-09T09:16:08.390Z","tradesExecuted":0,"type":"BUY","userId":"user-1"}
{"level":"info","marketId":"market-1","message":"Order cancelled","orderId":"order-1","outcomeId":"outcome-1","service":"prediction-market-api","timestamp":"2026-02-09T09:16:08.390Z","userId":"user-1"}
{"bestAsk":null,"bestBid":null,"existingOrders":0,"level":"info","marketId":"market-1","message":"Order book initialized","outcomeId":"outcome-1","service":"prediction-market-api","timestamp":"2026-02-09T09:16:08.391Z"}
{"error":"Unauthorized to cancel this order","level":"error","message":"Failed to cancel order","orderId":"order-1","service":"prediction-market-api","timestamp":"2026-02-09T09:16:08.391Z","userId":"user-2"}
{"bestAsk":null,"bestBid":null,"existingOrders":0,"level":"info","marketId":"market-1","message":"Order book initialized","outcomeId":"outcome-1","service":"prediction-market-api","timestamp":"2026-02-09T09:16:08.391Z"}
{"error":"Order cannot be cancelled","level":"error","message":"Failed to cancel order","orderId":"order-1","service":"prediction-market-api","timestamp":"2026-02-09T09:16:08.392Z","userId":"user-1"}
{"bestAsk":null,"bestBid":null,"existingOrders":0,"level":"info","marketId":"market-1","message":"Order book initialized","outcomeId":"outcome-1","service":"prediction-market-api","timestamp":"2026-02-09T09:16:08.392Z"}
{"error":"Order not found","level":"error","message":"Failed to cancel order","orderId":"non-existent","service":"prediction-market-api","timestamp":"2026-02-09T09:16:08.392Z","userId":"user-1"}
{"bestAsk":null,"bestBid":null,"existingOrders":0,"level":"info","marketId":"market-1","message":"Order book initialized","outcomeId":"outcome-1","service":"prediction-market-api","timestamp":"2026-02-09T09:16:08.392Z"}
{"bestAsk":null,"bestBid":null,"existingOrders":0,"level":"info","marketId":"market-1","message":"Order book initialized","outcomeId":"outcome-1","service":"prediction-market-api","timestamp":"2026-02-09T09:16:08.393Z"}
{"level":"info","marketId":"market-1","message":"Order placed and processed","orderId":"order-1","outcomeId":"outcome-1","price":0.6,"quantity":100,"service":"prediction-market-api","timestamp":"2026-02-09T09:16:08.393Z","tradesExecuted":0,"type":"BUY","userId":"user-1"}
{"level":"info","marketId":"market-1","message":"Order placed and processed","orderId":"order-2","outcomeId":"outcome-1","price":0.55,"quantity":50,"service":"prediction-market-api","timestamp":"2026-02-09T09:16:08.393Z","tradesExecuted":0,"type":"BUY","userId":"user-1"}
{"level":"info","marketId":"market-1","message":"Order placed and processed","orderId":"order-3","outcomeId":"outcome-1","price":0.65,"quantity":75,"service":"prediction-market-api","timestamp":"2026-02-09T09:16:08.393Z","tradesExecuted":0,"type":"SELL","userId":"user-2"}
{"bestAsk":null,"bestBid":null,"existingOrders":0,"level":"info","marketId":"market-1","message":"Order book initialized","outcomeId":"outcome-1","service":"prediction-market-api","timestamp":"2026-02-09T09:16:08.393Z"}
{"level":"info","marketId":"market-1","message":"Order placed and processed","orderId":"order-1","outcomeId":"outcome-1","price":0.5,"quantity":10,"service":"prediction-market-api","timestamp":"2026-02-09T09:16:08.394Z","tradesExecuted":0,"type":"BUY","userId":"user-1"}
{"level":"info","marketId":"market-1","message":"Order placed and processed","orderId":"order-2","outcomeId":"outcome-1","price":0.49,"quantity":10,"service":"prediction-market-api","timestamp":"2026-02-09T09:16:08.395Z","tradesExecuted":0,"type":"BUY","userId":"user-1"}
{"level":"info","marketId":"market-1","message":"Order placed and processed","orderId":"order-3","outcomeId":"outcome-1","price":0.48,"quantity":10,"service":"prediction-market-api","timestamp":"2026-02-09T09:16:08.395Z","tradesExecuted":0,"type":"BUY","userId":"user-1"}
{"level":"info","marketId":"market-1","message":"Order placed and processed","orderId":"order-4","outcomeId":"outcome-1","price":0.47,"quantity":10,"service":"prediction-market-api","timestamp":"2026-02-09T09:16:08.395Z","tradesExecuted":0,"type":"BUY","userId":"user-1"}
{"level":"info","marketId":"market-1","message":"Order placed and processed","orderId":"order-5","outcomeId":"outcome-1","price":0.46,"quantity":10,"service":"prediction-market-api","timestamp":"2026-02-09T09:16:08.395Z","tradesExecuted":0,"type":"BUY","userId":"user-1"}
{"level":"info","marketId":"market-1","message":"Order placed and processed","orderId":"order-6","outcomeId":"outcome-1","price":0.45,"quantity":10,"service":"prediction-market-api","timestamp":"2026-02-09T09:16:08.395Z","tradesExecuted":0,"type":"BUY","userId":"user-1"}
{"level":"info","marketId":"market-1","message":"Order placed and processed","orderId":"order-7","outcomeId":"outcome-1","price":0.44,"quantity":10,"service":"prediction-market-api","timestamp":"2026-02-09T09:16:08.396Z","tradesExecuted":0,"type":"BUY","userId":"user-1"}
{"level":"info","marketId":"market-1","message":"Order placed and processed","orderId":"order-8","outcomeId":"outcome-1","price":0.43,"quantity":10,"service":"prediction-market-api","timestamp":"2026-02-09T09:16:08.396Z","tradesExecuted":0,"type":"BUY","userId":"user-1"}
{"level":"info","marketId":"market-1","message":"Order placed and processed","orderId":"order-9","outcomeId":"outcome-1","price":0.42,"quantity":10,"service":"prediction-market-api","timestamp":"2026-02-09T09:16:08.396Z","tradesExecuted":0,"type":"BUY","userId":"user-1"}
{"level":"info","marketId":"market-1","message":"Order placed and processed","orderId":"order-10","outcomeId":"outcome-1","price":0.41000000000000003,"quantity":10,"service":"prediction-market-api","timestamp":"2026-02-09T09:16:08.396Z","tradesExecuted":0,"type":"BUY","userId":"user-1"}
{"level":"info","marketId":"market-1","message":"Order placed and processed","orderId":"order-11","outcomeId":"outcome-1","price":0.4,"quantity":10,"service":"prediction-market-api","timestamp":"2026-02-09T09:16:08.396Z","tradesExecuted":0,"type":"BUY","userId":"user-1"}
{"level":"info","marketId":"market-1","message":"Order placed and processed","orderId":"order-12","outcomeId":"outcome-1","price":0.39,"quantity":10,"service":"prediction-market-api","timestamp":"2026-02-09T09:16:08.396Z","tradesExecuted":0,"type":"BUY","userId":"user-1"}
{"level":"info","marketId":"market-1","message":"Order placed and processed","orderId":"order-13","outcomeId":"outcome-1","price":0.38,"quantity":10,"service":"prediction-market-api","timestamp":"2026-02-09T09:16:08.396Z","tradesExecuted":0,"type":"BUY","userId":"user-1"}
{"level":"info","marketId":"market-1","message":"Order placed and processed","orderId":"order-14","outcomeId":"outcome-1","price":0.37,"quantity":10,"service":"prediction-market-api","timestamp":"2026-02-09T09:16:08.397Z","tradesExecuted":0,"type":"BUY","userId":"user-1"}
{"level":"info","marketId":"market-1","message":"Order placed and processed","orderId":"order-15","outcomeId":"outcome-1","price":0.36,"quantity":10,"service":"prediction-market-api","timestamp":"2026-02-09T09:16:08.397Z","tradesExecuted":0,"type":"BUY","userId":"user-1"}
{"bestAsk":null,"bestBid":null,"existingOrders":0,"level":"info","marketId":"market-1","message":"Order book initialized","outcomeId":"outcome-1","service":"prediction-market-api","timestamp":"2026-02-09T09:16:08.397Z"}
{"level":"info","marketId":"market-1","message":"Order placed and processed","orderId":"order-1","outcomeId":"outcome-1","price":0.55,"quantity":100,"service":"prediction-market-api","timestamp":"2026-02-09T09:16:08.397Z","tradesExecuted":0,"type":"BUY","userId":"user-1"}
{"level":"info","marketId":"market-1","message":"Order placed and processed","orderId":"order-2","outcomeId":"outcome-1","price":0.6,"quantity":100,"service":"prediction-market-api","timestamp":"2026-02-09T09:16:08.398Z","tradesExecuted":0,"type":"BUY","userId":"user-2"}
{"level":"info","marketId":"market-1","message":"Order placed and processed","orderId":"order-3","outcomeId":"outcome-1","price":0.5,"quantity":100,"service":"prediction-market-api","timestamp":"2026-02-09T09:16:08.398Z","tradesExecuted":0,"type":"BUY","userId":"user-1"}
{"bestAsk":null,"bestBid":null,"existingOrders":0,"level":"info","marketId":"market-1","message":"Order book initialized","outcomeId":"outcome-1","service":"prediction-market-api","timestamp":"2026-02-09T09:16:08.402Z"}
{"level":"info","marketId":"market-1","message":"Order placed and processed","orderId":"order-1","outcomeId":"outcome-1","price":0.6,"quantity":100,"service":"prediction-market-api","timestamp":"2026-02-09T09:16:08.402Z","tradesExecuted":0,"type":"BUY","userId":"user-1"}
{"level":"info","marketId":"market-1","message":"Order placed and processed","orderId":"order-2","outcomeId":"outcome-1","price":0.6,"quantity":100,"service":"prediction-market-api","timestamp":"2026-02-09T09:16:08.402Z","tradesExecuted":0,"type":"BUY","userId":"user-2"}
{"level":"info","marketId":"market-1","message":"Order placed and processed","orderId":"order-3","outcomeId":"outcome-1","price":0.6,"quantity":100,"service":"prediction-market-api","timestamp":"2026-02-09T09:16:08.402Z","tradesExecuted":0,"type":"BUY","userId":"user-1"}
{"bestAsk":null,"bestBid":null,"existingOrders":0,"level":"info","marketId":"market-1","message":"Order book initialized","outcomeId":"outcome-1","service":"prediction-market-api","timestamp":"2026-02-09T09:16:08.403Z"}
{"level":"info","marketId":"market-1","message":"Order placed and processed","orderId":"sell-order-1","outcomeId":"outcome-1","price":0.6,"quantity":100,"service":"prediction-market-api","timestamp":"2026-02-09T09:16:08.403Z","tradesExecuted":0,"type":"SELL","userId":"user-1"}
{"level":"info","marketId":"market-1","message":"Order placed and processed","orderId":"buy-order-1","outcomeId":"outcome-1","price":0.6,"quantity":50,"service":"prediction-market-api","timestamp":"2026-02-09T09:16:08.403Z","tradesExecuted":1,"type":"BUY","userId":"user-2"}
{"creatorId":"user123","level":"info","marketId":"market123","message":"Market created successfully","outcomesCount":2,"service":"prediction-market-api","timestamp":"2026-02-09T09:16:08.697Z","title":"Will Bitcoin reach $100k by 2024?","type":"binary"}
{"creatorId":"user123","level":"info","marketId":"market456","message":"Market created successfully","outcomesCount":3,"service":"prediction-market-api","timestamp":"2026-02-09T09:16:08.709Z","title":"Who will win the 2024 election?","type":"multi-outcome"}
{"level":"info","marketId":"market123","message":"Market updated successfully","service":"prediction-market-api","timestamp":"2026-02-09T09:16:08.723Z","updaterId":"user123","updates":{"title":"New Title"}}
{"error":"Market not found","level":"error","marketId":"nonexistent","message":"Failed to update market","service":"prediction-market-api","timestamp":"2026-02-09T09:16:08.724Z","updaterId":"user123","updates":{}}
{"error":"Cannot update resolved market","level":"error","marketId":"market123","message":"Failed to update market","service":"prediction-market-api","timestamp":"2026-02-09T09:16:08.725Z","updaterId":"user123","updates":{}}
{"closerId":"user123","level":"info","marketId":"market123","message":"Market closed successfully","previousStatus":"ACTIVE","service":"prediction-market-api","timestamp":"2026-02-09T09:16:08.725Z"}
{"closerId":"user123","error":"Market is not active and cannot be closed","level":"error","marketId":"market123","message":"Failed to close market","service":"prediction-market-api","timestamp":"2026-02-09T09:16:08.727Z"}
{"buyerId":"buyer-1","level":"info","marketId":"market-1","message":"Trade executed successfully","outcomeId":"outcome-1","price":0.6,"quantity":100,"sellerId":"seller-1","service":"prediction-market-api","timestamp":"2026-02-09T09:16:08.714Z","totalValue":60,"tradeId":"trade-1"}
{"buyerId":"buyer-1","level":"info","marketId":"market-1","message":"Trade executed successfully","outcomeId":"outcome-1","price":0.6,"quantity":100,"sellerId":"seller-1","service":"prediction-market-api","timestamp":"2026-02-09T09:16:08.730Z","totalValue":60,"tradeId":"trade-1"}
{"error":"Market ID and Outcome ID are required","level":"error","message":"Failed to execute trade","request":{"buyOrderId":"buy-order-1","buyerFee":0.12,"buyerId":"buyer-1","marketId":"","outcomeId":"outcome-1","price":0.6,"quantity":100,"sellOrderId":"sell-order-1","sellerFee":0.12,"sellerId":"seller-1","totalValue":60},"service":"prediction-market-api","timestamp":"2026-02-09T09:16:08.731Z"}
{"error":"Buyer ID and Seller ID are required","level":"error","message":"Failed to execute trade","request":{"buyOrderId":"buy-order-1","buyerFee":0.12,"buyerId":"","marketId":"market-1","outcomeId":"outcome-1","price":0.6,"quantity":100,"sellOrderId":"sell-order-1","sellerFee":0.12,"sellerId":"seller-1","totalValue":60},"service":"prediction-market-api","timestamp":"2026-02-09T09:16:08.753Z"}
{"error":"Quantity must be greater than 0","level":"error","message":"Failed to execute trade","request":{"buyOrderId":"buy-order-1","buyerFee":0.12,"buyerId":"buyer-1","marketId":"market-1","outcomeId":"outcome-1","price":0.6,"quantity":0,"sellOrderId":"sell-order-1","sellerFee":0.12,"sellerId":"seller-1","totalValue":60},"service":"prediction-market-api","timestamp":"2026-02-09T09:16:08.754Z"}
{"error":"Price must be between 0 and 1","level":"error","message":"Failed to execute trade","request":{"buyOrderId":"buy-order-1","buyerFee":0.12,"buyerId":"buyer-1","marketId":"market-1","outcomeId":"outcome-1","price":1.5,"quantity":100,"sellOrderId":"sell-order-1","sellerFee":0.12,"sellerId":"seller-1","totalValue":60},"service":"prediction-market-api","timestamp":"2026-02-09T09:16:08.755Z"}
{"error":"Total value must be greater than 0","level":"error","message":"Failed to execute trade","request":{"buyOrderId":"buy-order-1","buyerFee":0.12,"buyerId":"buyer-1","marketId":"market-1","outcomeId":"outcome-1","price":0.6,"quantity":100,"sellOrderId":"sell-order-1","sellerFee":0.12,"sellerId":"seller-1","totalValue":-10},"service":"prediction-market-api","timestamp":"2026-02-09T09:16:08.755Z"}
{"error":"Buyer not found","level":"error","message":"Failed to execute trade","request":{"buyOrderId":"buy-order-1","buyerFee":0.12,"buyerId":"buyer-1","marketId":"market-1","outcomeId":"outcome-1","price":0.6,"quantity":100,"sellOrderId":"sell-order-1","sellerFee":0.12,"sellerId":"seller-1","totalValue":60},"service":"prediction-market-api","timestamp":"2026-02-09T09:16:08.756Z"}
{"error":"Market is not active","level":"error","message":"Failed to execute trade","request":{"buyOrderId":"buy-order-1","buyerFee":0.12,"buyerId":"buyer-1","marketId":"market-1","outcomeId":"outcome-1","price":0.6,"quantity":100,"sellOrderId":"sell-order-1","sellerFee":0.12,"sellerId":"seller-1","totalValue":60},"service":"prediction-market-api","timestamp":"2026-02-09T09:16:08.757Z"}
{"buyerId":"buyer-1","level":"info","marketId":"market-1","message":"Trade executed successfully","outcomeId":"outcome-1","price":0.6,"quantity":100,"sellerId":"seller-1","service":"prediction-market-api","timestamp":"2026-02-09T09:16:08.758Z","totalValue":60,"tradeId":"trade-1"}
{"error":"User not found","level":"error","message":"Failed to get user balance","service":"prediction-market-api","timestamp":"2026-02-09T09:16:08.762Z","userId":"non-existent"}
{"level":"info","marketId":"market-1","message":"Multiple trades executed successfully","outcomeId":"outcome-1","service":"prediction-market-api","timestamp":"2026-02-09T09:16:08.767Z","totalVolume":46.25,"tradesCount":2}
{"level":"info","message":"Generated nonce for wallet authentication","nonce":"nwbno62cej","service":"prediction-market-api","timestamp":"2026-02-09T14:45:49.902Z","walletAddress":"0x1234567890123456789012345678901234567890"}
{"creatorId":"user123","level":"info","marketId":"market123","message":"Market created successfully","outcomesCount":2,"service":"prediction-market-api","timestamp":"2026-02-09T14:45:50.010Z","title":"Will Bitcoin reach $100k by 2024?","type":"binary"}
{"creatorId":"user123","level":"info","marketId":"market456","message":"Market created successfully","outcomesCount":3,"service":"prediction-market-api","timestamp":"2026-02-09T14:45:50.146Z","title":"Who will win the 2024 election?","type":"multi-outcome"}
{"level":"info","marketId":"market123","message":"Market updated successfully","service":"prediction-market-api","timestamp":"2026-02-09T14:45:50.239Z","updaterId":"user123","updates":{"title":"New Title"}}
{"error":"Market not found","level":"error","marketId":"nonexistent","message":"Failed to update market","service":"prediction-market-api","timestamp":"2026-02-09T14:45:50.245Z","updaterId":"user123","updates":{}}
{"error":"Cannot update resolved market","level":"error","marketId":"market123","message":"Failed to update market","service":"prediction-market-api","timestamp":"2026-02-09T14:45:50.246Z","updaterId":"user123","updates":{}}
{"closerId":"user123","level":"info","marketId":"market123","message":"Market closed successfully","previousStatus":"ACTIVE","service":"prediction-market-api","timestamp":"2026-02-09T14:45:50.248Z"}
{"closerId":"user123","error":"Market is not active and cannot be closed","level":"error","marketId":"market123","message":"Failed to close market","service":"prediction-market-api","timestamp":"2026-02-09T14:45:50.249Z"}
{"buyerId":"buyer-1","level":"info","marketId":"market-1","message":"Trade executed successfully","outcomeId":"outcome-1","price":0.6,"quantity":100,"sellerId":"seller-1","service":"prediction-market-api","timestamp":"2026-02-09T14:45:50.131Z","totalValue":60,"tradeId":"trade-1"}
{"buyerId":"buyer-1","level":"info","marketId":"market-1","message":"Trade executed successfully","outcomeId":"outcome-1","price":0.6,"quantity":100,"sellerId":"seller-1","service":"prediction-market-api","timestamp":"2026-02-09T14:45:50.235Z","totalValue":60,"tradeId":"trade-1"}
{"error":"Market ID and Outcome ID are required","level":"error","message":"Failed to execute trade","request":{"buyOrderId":"buy-order-1","buyerFee":0.12,"buyerId":"buyer-1","marketId":"","outcomeId":"outcome-1","price":0.6,"quantity":100,"sellOrderId":"sell-order-1","sellerFee":0.12,"sellerId":"seller-1","totalValue":60},"service":"prediction-market-api","timestamp":"2026-02-09T14:45:50.242Z"}
{"error":"Buyer ID and Seller ID are required","level":"error","message":"Failed to execute trade","request":{"buyOrderId":"buy-order-1","buyerFee":0.12,"buyerId":"","marketId":"market-1","outcomeId":"outcome-1","price":0.6,"quantity":100,"sellOrderId":"sell-order-1","sellerFee":0.12,"sellerId":"seller-1","totalValue":60},"service":"prediction-market-api","timestamp":"2026-02-09T14:45:50.268Z"}
{"error":"Quantity must be greater than 0","level":"error","message":"Failed to execute trade","request":{"buyOrderId":"buy-order-1","buyerFee":0.12,"buyerId":"buyer-1","marketId":"market-1","outcomeId":"outcome-1","price":0.6,"quantity":0,"sellOrderId":"sell-order-1","sellerFee":0.12,"sellerId":"seller-1","totalValue":60},"service":"prediction-market-api","timestamp":"2026-02-09T14:45:50.268Z"}
{"error":"Price must be between 0 and 1","level":"error","message":"Failed to execute trade","request":{"buyOrderId":"buy-order-1","buyerFee":0.12,"buyerId":"buyer-1","marketId":"market-1","outcomeId":"outcome-1","price":1.5,"quantity":100,"sellOrderId":"sell-order-1","sellerFee":0.12,"sellerId":"seller-1","totalValue":60},"service":"prediction-market-api","timestamp":"2026-02-09T14:45:50.269Z"}
{"error":"Total value must be greater than 0","level":"error","message":"Failed to execute trade","request":{"buyOrderId":"buy-order-1","buyerFee":0.12,"buyerId":"buyer-1","marketId":"market-1","outcomeId":"outcome-1","price":0.6,"quantity":100,"sellOrderId":"sell-order-1","sellerFee":0.12,"sellerId":"seller-1","totalValue":-10},"service":"prediction-market-api","timestamp":"2026-02-09T14:45:50.270Z"}
{"error":"Buyer not found","level":"error","message":"Failed to execute trade","request":{"buyOrderId":"buy-order-1","buyerFee":0.12,"buyerId":"buyer-1","marketId":"market-1","outcomeId":"outcome-1","price":0.6,"quantity":100,"sellOrderId":"sell-order-1","sellerFee":0.12,"sellerId":"seller-1","totalValue":60},"service":"prediction-market-api","timestamp":"2026-02-09T14:45:50.270Z"}
{"error":"Market is not active","level":"error","message":"Failed to execute trade","request":{"buyOrderId":"buy-order-1","buyerFee":0.12,"buyerId":"buyer-1","marketId":"market-1","outcomeId":"outcome-1","price":0.6,"quantity":100,"sellOrderId":"sell-order-1","sellerFee":0.12,"sellerId":"seller-1","totalValue":60},"service":"prediction-market-api","timestamp":"2026-02-09T14:45:50.278Z"}
{"buyerId":"buyer-1","level":"info","marketId":"market-1","message":"Trade executed successfully","outcomeId":"outcome-1","price":0.6,"quantity":100,"sellerId":"seller-1","service":"prediction-market-api","timestamp":"2026-02-09T14:45:50.279Z","totalValue":60,"tradeId":"trade-1"}
{"error":"User not found","level":"error","message":"Failed to get user balance","service":"prediction-market-api","timestamp":"2026-02-09T14:45:50.282Z","userId":"non-existent"}
{"level":"info","marketId":"market-1","message":"Multiple trades executed successfully","outcomeId":"outcome-1","service":"prediction-market-api","timestamp":"2026-02-09T14:45:50.288Z","totalVolume":46.25,"tradesCount":2}
{"bestAsk":null,"bestBid":null,"existingOrders":0,"level":"info","marketId":"market-1","message":"Order book initialized","outcomeId":"outcome-1","service":"prediction-market-api","timestamp":"2026-02-09T14:45:49.975Z"}
{"bestAsk":0.7,"bestBid":0.6,"existingOrders":2,"level":"info","marketId":"market-1","message":"Order book initialized","outcomeId":"outcome-1","service":"prediction-market-api","timestamp":"2026-02-09T14:45:50.130Z"}
{"bestAsk":null,"bestBid":null,"existingOrders":0,"level":"info","marketId":"market-1","message":"Order book initialized","outcomeId":"outcome-1","service":"prediction-market-api","timestamp":"2026-02-09T14:45:50.132Z"}
{"level":"info","marketId":"market-1","message":"Order placed and processed","orderId":"order-1","outcomeId":"outcome-1","price":0.6,"quantity":100,"service":"prediction-market-api","timestamp":"2026-02-09T14:45:50.133Z","tradesExecuted":0,"type":"BUY","userId":"user-1"}
{"bestAsk":null,"bestBid":null,"existingOrders":0,"level":"info","marketId":"market-1","message":"Order book initialized","outcomeId":"outcome-1","service":"prediction-market-api","timestamp":"2026-02-09T14:45:50.134Z"}
{"level":"info","marketId":"market-1","message":"Order placed and processed","orderId":"order-1","outcomeId":"outcome-1","price":0.7,"quantity":50,"service":"prediction-market-api","timestamp":"2026-02-09T14:45:50.142Z","tradesExecuted":0,"type":"SELL","userId":"user-1"}
{"bestAsk":null,"bestBid":null,"existingOrders":0,"level":"info","marketId":"market-1","message":"Order book initialized","outcomeId":"outcome-1","service":"prediction-market-api","timestamp":"2026-02-09T14:45:50.144Z"}
{"level":"info","marketId":"market-1","message":"Order placed and processed","orderId":"sell-order-1","outcomeId":"outcome-1","price":0.6,"quantity":50,"service":"prediction-market-api","timestamp":"2026-02-09T14:45:50.171Z","tradesExecuted":0,"type":"SELL","userId":"user-1"}
{"level":"info","marketId":"market-1","message":"Order placed and processed","orderId":"buy-order-1","outcomeId":"outcome-1","price":0.6,"quantity":30,"service":"prediction-market-api","timestamp":"2026-02-09T14:45:50.172Z","tradesExecuted":1,"type":"BUY","userId":"user-2"}
{"bestAsk":null,"bestBid":null,"existingOrders":0,"level":"info","marketId":"market-1","message":"Order book initialized","outcomeId":"outcome-1","service":"prediction-market-api","timestamp":"2026-02-09T14:45:50.187Z"}
{"level":"info","marketId":"market-1","message":"Order placed and processed","orderId":"sell-order-1","outcomeId":"outcome-1","price":0.6,"quantity":30,"service":"prediction-market-api","timestamp":"2026-02-09T14:45:50.188Z","tradesExecuted":0,"type":"SELL","userId":"user-1"}
{"level":"info","marketId":"market-1","message":"Order placed and processed","orderId":"buy-order-1","outcomeId":"outcome-1","price":0.6,"quantity":50,"service":"prediction-market-api","timestamp":"2026-02-09T14:45:50.188Z","tradesExecuted":1,"type":"BUY","userId":"user-2"}
{"bestAsk":null,"bestBid":null,"existingOrders":0,"level":"info","marketId":"market-1","message":"Order book initialized","outcomeId":"outcome-1","service":"prediction-market-api","timestamp":"2026-02-09T14:45:50.189Z"}
{"level":"info","marketId":"market-1","message":"Order placed and processed","orderId":"sell-order-1","outcomeId":"outcome-1","price":0.7,"quantity":50,"service":"prediction-market-api","timestamp":"2026-02-09T14:45:50.189Z","tradesExecuted":0,"type":"SELL","userId":"user-1"}
{"level":"info","marketId":"market-1","message":"Order placed and processed","orderId":"buy-order-1","outcomeId":"outcome-1","price":0.7,"quantity":30,"service":"prediction-market-api","timestamp":"2026-02-09T14:45:50.195Z","tradesExecuted":1,"type":"BUY","userId":"user-2"}
{"bestAsk":null,"bestBid":null,"existingOrders":0,"level":"info","marketId":"market-1","message":"Order book initialized","outcomeId":"outcome-1","service":"prediction-market-api","timestamp":"2026-02-09T14:45:50.203Z"}
{"error":"User ID is required","level":"error","message":"Failed to place order","request":{"marketId":"market-1","orderType":"LIMIT","outcomeId":"outcome-1","price":0.6,"quantity":100,"type":"BUY"},"service":"prediction-market-api","timestamp":"2026-02-09T14:45:50.212Z"}
{"error":"Order type must be BUY or SELL","level":"error","message":"Failed to place order","request":{"marketId":"market-1","orderType":"LIMIT","outcomeId":"outcome-1","price":0.6,"quantity":100,"type":"INVALID","userId":"user-1"},"service":"prediction-market-api","timestamp":"2026-02-09T14:45:50.266Z"}
{"error":"Quantity must be greater than 0","level":"error","message":"Failed to place order","request":{"marketId":"market-1","orderType":"LIMIT","outcomeId":"outcome-1","price":0.6,"quantity":0,"type":"BUY","userId":"user-1"},"service":"prediction-market-api","timestamp":"2026-02-09T14:45:50.267Z"}
{"error":"Price must be between 0.01 and 0.99","level":"error","message":"Failed to place order","request":{"marketId":"market-1","orderType":"LIMIT","outcomeId":"outcome-1","price":1.5,"quantity":100,"type":"BUY","userId":"user-1"},"service":"prediction-market-api","timestamp":"2026-02-09T14:45:50.267Z"}
{"bestAsk":null,"bestBid":null,"existingOrders":0,"level":"info","marketId":"market-1","message":"Order book initialized","outcomeId":"outcome-1","service":"prediction-market-api","timestamp":"2026-02-09T14:45:50.268Z"}
{"level":"info","marketId":"market-1","message":"Order placed and processed","orderId":"order-1","outcomeId":"outcome-1","price":0.6,"quantity":100,"service":"prediction-market-api","timestamp":"2026-02-09T14:45:50.268Z","tradesExecuted":0,"type":"BUY","userId":"user-1"}
{"level":"info","marketId":"market-1","message":"Order cancelled","orderId":"order-1","outcomeId":"outcome-1","service":"prediction-market-api","timestamp":"2026-02-09T14:45:50.269Z","userId":"user-1"}
{"bestAsk":null,"bestBid":null,"existingOrders":0,"level":"info","marketId":"market-1","message":"Order book initialized","outcomeId":"outcome-1","service":"prediction-market-api","timestamp":"2026-02-09T14:45:50.270Z"}
{"error":"Unauthorized to cancel this order","level":"error","message":"Failed to cancel order","orderId":"order-1","service":"prediction-market-api","timestamp":"2026-02-09T14:45:50.277Z","userId":"user-2"}
{"bestAsk":null,"bestBid":null,"existingOrders":0,"level":"info","marketId":"market-1","message":"Order book initialized","outcomeId":"outcome-1","service":"prediction-market-api","timestamp":"2026-02-09T14:45:50.278Z"}
{"error":"Order cannot be cancelled","level":"error","message":"Failed to cancel order","orderId":"order-1","service":"prediction-market-api","timestamp":"2026-02-09T14:45:50.278Z","userId":"user-1"}
{"bestAsk":null,"bestBid":null,"existingOrders":0,"level":"info","marketId":"market-1","message":"Order book initialized","outcomeId":"outcome-1","service":"prediction-market-api","timestamp":"2026-02-09T14:45:50.279Z"}
{"error":"Order not found","level":"error","message":"Failed to cancel order","orderId":"non-existent","service":"prediction-market-api","timestamp":"2026-02-09T14:45:50.279Z","userId":"user-1"}
{"bestAsk":null,"bestBid":null,"existingOrders":0,"level":"info","marketId":"market-1","message":"Order book initialized","outcomeId":"outcome-1","service":"prediction-market-api","timestamp":"2026-02-09T14:45:50.279Z"}
{"bestAsk":null,"bestBid":null,"existingOrders":0,"level":"info","marketId":"market-1","message":"Order book initialized","outcomeId":"outcome-1","service":"prediction-market-api","timestamp":"2026-02-09T14:45:50.280Z"}
{"level":"info","marketId":"market-1","message":"Order placed and processed","orderId":"order-1","outcomeId":"outcome-1","price":0.6,"quantity":100,"service":"prediction-market-api","timestamp":"2026-02-09T14:45:50.280Z","tradesExecuted":0,"type":"BUY","userId":"user-1"}
{"level":"info","marketId":"market-1","message":"Order placed and processed","orderId":"order-2","outcomeId":"outcome-1","price":0.55,"quantity":50,"service":"prediction-market-api","timestamp":"2026-02-09T14:45:50.280Z","tradesExecuted":0,"type":"BUY","userId":"user-1"}
{"level":"info","marketId":"market-1","message":"Order placed and processed","orderId":"order-3","outcomeId":"outcome-1","price":0.65,"quantity":75,"service":"prediction-market-api","timestamp":"2026-02-09T14:45:50.281Z","tradesExecuted":0,"type":"SELL","userId":"user-2"}
{"bestAsk":null,"bestBid":null,"existingOrders":0,"level":"info","marketId":"market-1","message":"Order book initialized","outcomeId":"outcome-1","service":"prediction-market-api","timestamp":"2026-02-09T14:45:50.281Z"}
{"level":"info","marketId":"market-1","message":"Order placed and processed","orderId":"order-1","outcomeId":"outcome-1","price":0.5,"quantity":10,"service":"prediction-market-api","timestamp":"2026-02-09T14:45:50.285Z","tradesExecuted":0,"type":"BUY","userId":"user-1"}
{"level":"info","marketId":"market-1","message":"Order placed and processed","orderId":"order-2","outcomeId":"outcome-1","price":0.49,"quantity":10,"service":"prediction-market-api","timestamp":"2026-02-09T14:45:50.286Z","tradesExecuted":0,"type":"BUY","userId":"user-1"}
{"level":"info","marketId":"market-1","message":"Order placed and processed","orderId":"order-3","outcomeId":"outcome-1","price":0.48,"quantity":10,"service":"prediction-market-api","timestamp":"2026-02-09T14:45:50.287Z","tradesExecuted":0,"type":"BUY","userId":"user-1"}
{"level":"info","marketId":"market-1","message":"Order placed and processed","orderId":"order-4","outcomeId":"outcome-1","price":0.47,"quantity":10,"service":"prediction-market-api","timestamp":"2026-02-09T14:45:50.287Z","tradesExecuted":0,"type":"BUY","userId":"user-1"}
{"level":"info","marketId":"market-1","message":"Order placed and processed","orderId":"order-5","outcomeId":"outcome-1","price":0.46,"quantity":10,"service":"prediction-market-api","timestamp":"2026-02-09T14:45:50.289Z","tradesExecuted":0,"type":"BUY","userId":"user-1"}
{"level":"info","marketId":"market-1","message":"Order placed and processed","orderId":"order-6","outcomeId":"outcome-1","price":0.45,"quantity":10,"service":"prediction-market-api","timestamp":"2026-02-09T14:45:50.289Z","tradesExecuted":0,"type":"BUY","userId":"user-1"}
{"level":"info","marketId":"market-1","message":"Order placed and processed","orderId":"order-7","outcomeId":"outcome-1","price":0.44,"quantity":10,"service":"prediction-market-api","timestamp":"2026-02-09T14:45:50.297Z","tradesExecuted":0,"type":"BUY","userId":"user-1"}
{"level":"info","marketId":"market-1","message":"Order placed and processed","orderId":"order-8","outcomeId":"outcome-1","price":0.43,"quantity":10,"service":"prediction-market-api","timestamp":"2026-02-09T14:45:50.298Z","tradesExecuted":0,"type":"BUY","userId":"user-1"}
{"level":"info","marketId":"market-1","message":"Order placed and processed","orderId":"order-9","outcomeId":"outcome-1","price":0.42,"quantity":10,"service":"prediction-market-api","timestamp":"2026-02-09T14:45:50.298Z","tradesExecuted":0,"type":"BUY","userId":"user-1"}
{"level":"info","marketId":"market-1","message":"Order placed and processed","orderId":"order-10","outcomeId":"outcome-1","price":0.41000000000000003,"quantity":10,"service":"prediction-market-api","timestamp":"2026-02-09T14:45:50.299Z","tradesExecuted":0,"type":"BUY","userId":"user-1"}
{"level":"info","marketId":"market-1","message":"Order placed and processed","orderId":"order-11","outcomeId":"outcome-1","price":0.4,"quantity":10,"service":"prediction-market-api","timestamp":"2026-02-09T14:45:50.299Z","tradesExecuted":0,"type":"BUY","userId":"user-1"}
{"level":"info","marketId":"market-1","message":"Order placed and processed","orderId":"order-12","outcomeId":"outcome-1","price":0.39,"quantity":10,"service":"prediction-market-api","timestamp":"2026-02-09T14:45:50.300Z","tradesExecuted":0,"type":"BUY","userId":"user-1"}
{"level":"info","marketId":"market-1","message":"Order placed and processed","orderId":"order-13","outcomeId":"outcome-1","price":0.38,"quantity":10,"service":"prediction-market-api","timestamp":"2026-02-09T14:45:50.300Z","tradesExecuted":0,"type":"BUY","userId":"user-1"}
{"level":"info","marketId":"market-1","message":"Order placed and processed","orderId":"order-14","outcomeId":"outcome-1","price":0.37,"quantity":10,"service":"prediction-market-api","timestamp":"2026-02-09T14:45:50.300Z","tradesExecuted":0,"type":"BUY","userId":"user-1"}
{"level":"info","marketId":"market-1","message":"Order placed and processed","orderId":"order-15","outcomeId":"outcome-1","price":0.36,"quantity":10,"service":"prediction-market-api","timestamp":"2026-02-09T14:45:50.300Z","tradesExecuted":0,"type":"BUY","userId":"user-1"}
{"bestAsk":null,"bestBid":null,"existingOrders":0,"level":"info","marketId":"market-1","message":"Order book initialized","outcomeId":"outcome-1","service":"prediction-market-api","timestamp":"2026-02-09T14:45:50.301Z"}
{"level":"info","marketId":"market-1","message":"Order placed and processed","orderId":"order-1","outcomeId":"outcome-1","price":0.55,"quantity":100,"service":"prediction-market-api","timestamp":"2026-02-09T14:45:50.301Z","tradesExecuted":0,"type":"BUY","userId":"user-1"}
{"level":"info","marketId":"market-1","message":"Order placed and processed","orderId":"order-2","outcomeId":"outcome-1","price":0.6,"quantity":100,"service":"prediction-market-api","timestamp":"2026-02-09T14:45:50.301Z","tradesExecuted":0,"type":"BUY","userId":"user-2"}
{"level":"info","marketId":"market-1","message":"Order placed and processed","orderId":"order-3","outcomeId":"outcome-1","price":0.5,"quantity":100,"service":"prediction-market-api","timestamp":"2026-02-09T14:45:50.301Z","tradesExecuted":0,"type":"BUY","userId":"user-1"}
{"bestAsk":null,"bestBid":null,"existingOrders":0,"level":"info","marketId":"market-1","message":"Order book initialized","outcomeId":"outcome-1","service":"prediction-market-api","timestamp":"2026-02-09T14:45:50.302Z"}
{"level":"info","marketId":"market-1","message":"Order placed and processed","orderId":"order-1","outcomeId":"outcome-1","price":0.6,"quantity":100,"service":"prediction-market-api","timestamp":"2026-02-09T14:45:50.302Z","tradesExecuted":0,"type":"BUY","userId":"user-1"}
{"level":"info","marketId":"market-1","message":"Order placed and processed","orderId":"order-2","outcomeId":"outcome-1","price":0.6,"quantity":100,"service":"prediction-market-api","timestamp":"2026-02-09T14:45:50.302Z","tradesExecuted":0,"type":"BUY","userId":"user-2"}
{"level":"info","marketId":"market-1","message":"Order placed and processed","orderId":"order-3","outcomeId":"outcome-1","price":0.6,"quantity":100,"service":"prediction-market-api","timestamp":"2026-02-09T14:45:50.302Z","tradesExecuted":0,"type":"BUY","userId":"user-1"}
{"bestAsk":null,"bestBid":null,"existingOrders":0,"level":"info","marketId":"market-1","message":"Order book initialized","outcomeId":"outcome-1","service":"prediction-market-api","timestamp":"2026-02-09T14:45:50.304Z"}
{"level":"info","marketId":"market-1","message":"Order placed and processed","orderId":"sell-order-1","outcomeId":"outcome-1","price":0.6,"quantity":100,"service":"prediction-market-api","timestamp":"2026-02-09T14:45:50.305Z","tradesExecuted":0,"type":"SELL","userId":"user-1"}
{"level":"info","marketId":"market-1","message":"Order placed and processed","orderId":"buy-order-1","outcomeId":"outcome-1","price":0.6,"quantity":50,"service":"prediction-market-api","timestamp":"2026-02-09T14:45:50.305Z","tradesExecuted":1,"type":"BUY","userId":"user-2"}
{"error":"Invalid token","ip":"127.0.0.1","level":"warn","message":"Authentication failed","service":"prediction-market-api","timestamp":"2026-02-09T14:45:50.350Z"}
{"ip":"127.0.0.1","level":"warn","message":"Admin access denied","method":"GET","path":"/test","roles":["user"],"service":"prediction-market-api","timestamp":"2026-02-09T14:45:50.367Z"}
{"ip":"127.0.0.1","level":"warn","message":"Permission denied","method":"GET","path":"/test","requiredPermission":"create_market","roles":["user"],"service":"prediction-market-api","timestamp":"2026-02-09T14:45:50.371Z"}
{"ip":"127.0.0.1","level":"warn","message":"Role access denied","method":"GET","path":"/test","requiredRoles":["moderator","admin"],"service":"prediction-market-api","timestamp":"2026-02-09T14:45:50.378Z","userRoles":["user"]}
{"field":"userId","ip":"127.0.0.1","level":"warn","message":"Ownership access denied","method":"GET","path":"/test","resourceUserId":"user456","service":"prediction-market-api","timestamp":"2026-02-09T14:45:50.381Z","userId":"user123"}
{"level":"info","message":"Wallet authentication successful","service":"prediction-market-api","timestamp":"2026-02-09T14:45:49.954Z","userId":"user-1","walletAddress":"0x77bd52f9d63dd24f938dc601cab711babb5439ed"}
{"level":"info","message":"Created new user from wallet authentication","service":"prediction-market-api","timestamp":"2026-02-09T14:45:49.961Z","userId":"user-new","walletAddress":"0x77bd52f9d63dd24f938dc601cab711babb5439ed"}
{"level":"info","message":"Wallet authentication successful","service":"prediction-market-api","timestamp":"2026-02-09T14:45:49.963Z","userId":"user-new","walletAddress":"0x77bd52f9d63dd24f938dc601cab711babb5439ed"}
{"error":"Invalid or expired nonce","level":"error","message":"Wallet authentication failed","service":"prediction-market-api","timestamp":"2026-02-09T14:45:49.965Z","walletAddress":"0x77bd52f9d63dd24f938dc601cab711babb5439ed"}
{"error":"invalid raw signature length (argument=\"signature\", value=\"0x1234567890abcdef\", code=INVALID_ARGUMENT, version=6.16.0)","level":"error","message":"Wallet authentication failed","service":"prediction-market-api","timestamp":"2026-02-09T14:45:49.980Z","walletAddress":"0x77bd52f9d63dd24f938dc601cab711babb5439ed"}
{"error":"Invalid signature","level":"error","message":"Wallet authentication failed","service":"prediction-market-api","timestamp":"2026-02-09T14:45:49.994Z","walletAddress":"0x77bd52f9d63dd24f938dc601cab711babb5439ed"}
{"error":"invalid token","level":"warn","message":"Token validation failed","service":"prediction-market-api","timestamp":"2026-02-09T14:45:49.997Z"}
{"error":"User not found","level":"warn","message":"Token validation failed","service":"prediction-market-api","timestamp":"2026-02-09T14:45:50.000Z"}
{"level":"info","message":"Token refresh successful","service":"prediction-market-api","timestamp":"2026-02-09T14:45:50.003Z","userId":"user-1","walletAddress":"0x1234567890123456789012345678901234567890"}
{"error":"invalid token","level":"error","message":"Token refresh failed","service":"prediction-market-api","timestamp":"2026-02-09T14:45:50.003Z"}
{"error":"Invalid refresh token","level":"error","message":"Token refresh failed","service":"prediction-market-api","timestamp":"2026-02-09T14:45:50.004Z"}
{"level":"info","message":"Token revoked successfully","service":"prediction-market-api","timestamp":"2026-02-09T14:45:50.006Z","userId":"user-1","walletAddress":"0x1234567890123456789012345678901234567890"}
{"error":"invalid token","level":"warn","message":"Token revocation failed","service":"prediction-market-api","timestamp":"2026-02-09T14:45:50.006Z"}
{"level":"info","message":"Cleared user sessions","service":"prediction-market-api","timestamp":"2026-02-09T14:45:50.008Z","userId":"user-1"}
{"isAuthenticated":false,"level":"info","message":"WebSocket client connected","service":"prediction-market-api","socketId":"RfrDeQe-pnoXZWUhAAAB","timestamp":"2026-02-09T14:47:23.740Z","userId":"anonymous"}
{"error":"secret or public key must be provided","level":"warn","message":"WebSocket authentication failed","service":"prediction-market-api","socketId":"CEvbYNvSzKwjTy-gAAAD","timestamp":"2026-02-09T14:47:53.796Z"}
{"isAuthenticated":false,"level":"info","message":"WebSocket client connected","service":"prediction-market-api","socketId":"CEvbYNvSzKwjTy-gAAAD","timestamp":"2026-02-09T14:47:53.798Z","userId":"anonymous"}
{"level":"info","marketId":"test-market-1","message":"Client subscribed to market","service":"prediction-market-api","socketId":"RfrDeQe-pnoXZWUhAAAB","subscriptionTypes":["all"],"timestamp":"2026-02-09T14:48:23.799Z","userId":"anonymous"}
{"level":"info","marketId":"test-market-2","message":"Client subscribed to market","service":"prediction-market-api","socketId":"RfrDeQe-pnoXZWUhAAAB","subscriptionTypes":["price_update","trade_executed"],"timestamp":"2026-02-09T14:48:23.806Z","userId":"anonymous"}
{"level":"info","marketId":"test-market-3","message":"Client subscribed to market","service":"prediction-market-api","socketId":"RfrDeQe-pnoXZWUhAAAB","subscriptionTypes":["all"],"timestamp":"2026-02-09T14:48:53.820Z","userId":"anonymous"}
{"level":"info","message":"Client subscribed to outcome","outcomeId":"test-outcome-1","service":"prediction-market-api","socketId":"RfrDeQe-pnoXZWUhAAAB","subscriptionTypes":["all"],"timestamp":"2026-02-09T14:49:23.838Z","userId":"anonymous"}
{"level":"info","message":"Client subscribed to outcome","outcomeId":"test-outcome-2","service":"prediction-market-api","socketId":"RfrDeQe-pnoXZWUhAAAB","subscriptionTypes":["all"],"timestamp":"2026-02-09T14:49:53.846Z","userId":"anonymous"}
{"level":"info","marketId":"test-market-broadcast","message":"Client subscribed to market","service":"prediction-market-api","socketId":"RfrDeQe-pnoXZWUhAAAB","subscriptionTypes":["all"],"timestamp":"2026-02-09T14:50:23.854Z","userId":"anonymous"}
{"level":"info","message":"Client subscribed to outcome","outcomeId":"test-outcome-broadcast","service":"prediction-market-api","socketId":"RfrDeQe-pnoXZWUhAAAB","subscriptionTypes":["all"],"timestamp":"2026-02-09T14:50:53.862Z","userId":"anonymous"}
{"level":"info","marketId":"test-market-price","message":"Client subscribed to market","service":"prediction-market-api","socketId":"RfrDeQe-pnoXZWUhAAAB","subscriptionTypes":["all"],"timestamp":"2026-02-09T14:51:23.869Z","userId":"anonymous"}
{"level":"info","marketId":"test-market-trade","message":"Client subscribed to market","service":"prediction-market-api","socketId":"RfrDeQe-pnoXZWUhAAAB","subscriptionTypes":["all"],"timestamp":"2026-02-09T14:51:53.877Z","userId":"anonymous"}
{"level":"info","marketId":"test-market-status","message":"Client subscribed to market","service":"prediction-market-api","socketId":"RfrDeQe-pnoXZWUhAAAB","subscriptionTypes":["all"],"timestamp":"2026-02-09T14:52:23.886Z","userId":"anonymous"}
{"error":"jwt malformed","level":"warn","message":"WebSocket authentication failed","service":"prediction-market-api","socketId":"AkUgXvlcTv-QTNokAAAF","timestamp":"2026-02-09T14:52:53.915Z"}
{"isAuthenticated":false,"level":"info","message":"WebSocket client connected","service":"prediction-market-api","socketId":"AkUgXvlcTv-QTNokAAAF","timestamp":"2026-02-09T14:52:53.918Z","userId":"anonymous"}
{"level":"info","marketId":"test-market-no-broadcast","message":"Market update broadcasted","service":"prediction-market-api","subscribersCount":0,"timestamp":"2026-02-09T14:52:53.934Z","type":"price_update"}
{"level":"info","marketId":"market-1","message":"Client subscribed to market","service":"prediction-market-api","socketId":"AkUgXvlcTv-QTNokAAAF","subscriptionTypes":["price_update","trade_executed"],"timestamp":"2026-02-09T14:52:53.939Z","userId":"anonymous"}
{"level":"info","marketId":"market-2","message":"Client subscribed to market","service":"prediction-market-api","socketId":"AkUgXvlcTv-QTNokAAAF","subscriptionTypes":["price_update","trade_executed"],"timestamp":"2026-02-09T14:52:53.940Z","userId":"anonymous"}
{"level":"info","message":"Client subscribed to outcome","outcomeId":"outcome-1","service":"prediction-market-api","socketId":"AkUgXvlcTv-QTNokAAAF","subscriptionTypes":["price_update","trade_executed"],"timestamp":"2026-02-09T14:52:53.942Z","userId":"anonymous"}
{"level":"info","marketIds":["market-1","market-2"],"message":"WebSocket subscriptions restored after reconnection","outcomeIds":["outcome-1"],"service":"prediction-market-api","socketId":"AkUgXvlcTv-QTNokAAAF","timestamp":"2026-02-09T14:52:53.943Z","userId":"anonymous"}
{"level":"info","message":"WebSocket client disconnected","reason":"client namespace disconnect","service":"prediction-market-api","socketId":"AkUgXvlcTv-QTNokAAAF","timestamp":"2026-02-09T14:52:53.947Z","userId":"anonymous"}
{"level":"info","message":"WebSocket client disconnected","reason":"server shutting down","service":"prediction-market-api","socketId":"RfrDeQe-pnoXZWUhAAAB","timestamp":"2026-02-09T14:53:23.945Z","userId":"anonymous"}
{"level":"info","message":"WebSocket client disconnected","reason":"server shutting down","service":"prediction-market-api","socketId":"CEvbYNvSzKwjTy-gAAAD","timestamp":"2026-02-09T14:53:23.955Z","userId":"anonymous"}
{"buyerId":"buyer-1","level":"info","marketId":"market-1","message":"Trade executed successfully","outcomeId":"outcome-1","price":0.6,"quantity":100,"sellerId":"seller-1","service":"prediction-market-api","timestamp":"2026-02-09T14:53:24.300Z","totalValue":60,"tradeId":"trade-1"}
{"buyerId":"buyer-1","level":"info","marketId":"market-1","message":"Trade executed successfully","outcomeId":"outcome-1","price":0.6,"quantity":100,"sellerId":"seller-1","service":"prediction-market-api","timestamp":"2026-02-09T14:53:24.304Z","totalValue":60,"tradeId":"trade-1"}
{"error":"Market ID and Outcome ID are required","level":"error","message":"Failed to execute trade","request":{"buyOrderId":"buy-order-1","buyerFee":0.12,"buyerId":"buyer-1","marketId":"","outcomeId":"outcome-1","price":0.6,"quantity":100,"sellOrderId":"sell-order-1","sellerFee":0.12,"sellerId":"seller-1","totalValue":60},"service":"prediction-market-api","timestamp":"2026-02-09T14:53:24.306Z"}
{"error":"Buyer ID and Seller ID are required","level":"error","message":"Failed to execute trade","request":{"buyOrderId":"buy-order-1","buyerFee":0.12,"buyerId":"","marketId":"market-1","outcomeId":"outcome-1","price":0.6,"quantity":100,"sellOrderId":"sell-order-1","sellerFee":0.12,"sellerId":"seller-1","totalValue":60},"service":"prediction-market-api","timestamp":"2026-02-09T14:53:24.324Z"}
{"error":"Quantity must be greater than 0","level":"error","message":"Failed to execute trade","request":{"buyOrderId":"buy-order-1","buyerFee":0.12,"buyerId":"buyer-1","marketId":"market-1","outcomeId":"outcome-1","price":0.6,"quantity":0,"sellOrderId":"sell-order-1","sellerFee":0.12,"sellerId":"seller-1","totalValue":60},"service":"prediction-market-api","timestamp":"2026-02-09T14:53:24.326Z"}
{"error":"Price must be between 0 and 1","level":"error","message":"Failed to execute trade","request":{"buyOrderId":"buy-order-1","buyerFee":0.12,"buyerId":"buyer-1","marketId":"market-1","outcomeId":"outcome-1","price":1.5,"quantity":100,"sellOrderId":"sell-order-1","sellerFee":0.12,"sellerId":"seller-1","totalValue":60},"service":"prediction-market-api","timestamp":"2026-02-09T14:53:24.328Z"}
{"error":"Total value must be greater than 0","level":"error","message":"Failed to execute trade","request":{"buyOrderId":"buy-order-1","buyerFee":0.12,"buyerId":"buyer-1","marketId":"market-1","outcomeId":"outcome-1","price":0.6,"quantity":100,"sellOrderId":"sell-order-1","sellerFee":0.12,"sellerId":"seller-1","totalValue":-10},"service":"prediction-market-api","timestamp":"2026-02-09T14:53:24.331Z"}
{"error":"Buyer not found","level":"error","message":"Failed to execute trade","request":{"buyOrderId":"buy-order-1","buyerFee":0.12,"buyerId":"buyer-1","marketId":"market-1","outcomeId":"outcome-1","price":0.6,"quantity":100,"sellOrderId":"sell-order-1","sellerFee":0.12,"sellerId":"seller-1","totalValue":60},"service":"prediction-market-api","timestamp":"2026-02-09T14:53:24.339Z"}
{"error":"Market is not active","level":"error","message":"Failed to execute trade","request":{"buyOrderId":"buy-order-1","buyerFee":0.12,"buyerId":"buyer-1","marketId":"market-1","outcomeId":"outcome-1","price":0.6,"quantity":100,"sellOrderId":"sell-order-1","sellerFee":0.12,"sellerId":"seller-1","totalValue":60},"service":"prediction-market-api","timestamp":"2026-02-09T14:53:24.341Z"}
{"buyerId":"buyer-1","level":"info","marketId":"market-1","message":"Trade executed successfully","outcomeId":"outcome-1","price":0.6,"quantity":100,"sellerId":"seller-1","service":"prediction-market-api","timestamp":"2026-02-09T14:53:24.343Z","totalValue":60,"tradeId":"trade-1"}
{"error":"User not found","level":"error","message":"Failed to get user balance","service":"prediction-market-api","timestamp":"2026-02-09T14:53:24.346Z","userId":"non-existent"}
{"level":"info","marketId":"market-1","message":"Multiple trades executed successfully","outcomeId":"outcome-1","service":"prediction-market-api","timestamp":"2026-02-09T14:53:24.361Z","totalVolume":46.25,"tradesCount":2}
{"error":"Invalid token","ip":"127.0.0.1","level":"warn","message":"Authentication failed","service":"prediction-market-api","timestamp":"2026-02-09T14:53:24.830Z"}
{"ip":"127.0.0.1","level":"warn","message":"Admin access denied","method":"GET","path":"/test","roles":["user"],"service":"prediction-market-api","timestamp":"2026-02-09T14:53:24.832Z"}
{"ip":"127.0.0.1","level":"warn","message":"Permission denied","method":"GET","path":"/test","requiredPermission":"create_market","roles":["user"],"service":"prediction-market-api","timestamp":"2026-02-09T14:53:24.837Z"}
{"ip":"127.0.0.1","level":"warn","message":"Role access denied","method":"GET","path":"/test","requiredRoles":["moderator","admin"],"service":"prediction-market-api","timestamp":"2026-02-09T14:53:24.840Z","userRoles":["user"]}
{"field":"userId","ip":"127.0.0.1","level":"warn","message":"Ownership access denied","method":"GET","path":"/test","resourceUserId":"user456","service":"prediction-market-api","timestamp":"2026-02-09T14:53:24.845Z","userId":"user123"}
{"bestAsk":null,"bestBid":null,"existingOrders":0,"level":"info","marketId":"market-1","message":"Order book initialized","outcomeId":"outcome-1","service":"prediction-market-api","timestamp":"2026-02-09T14:53:25.005Z"}
{"bestAsk":0.7,"bestBid":0.6,"existingOrders":2,"level":"info","marketId":"market-1","message":"Order book initialized","outcomeId":"outcome-1","service":"prediction-market-api","timestamp":"2026-02-09T14:53:25.007Z"}
{"bestAsk":null,"bestBid":null,"existingOrders":0,"level":"info","marketId":"market-1","message":"Order book initialized","outcomeId":"outcome-1","service":"prediction-market-api","timestamp":"2026-02-09T14:53:25.008Z"}
{"level":"info","marketId":"market-1","message":"Order placed and processed","orderId":"order-1","outcomeId":"outcome-1","price":0.6,"quantity":100,"service":"prediction-market-api","timestamp":"2026-02-09T14:53:25.009Z","tradesExecuted":0,"type":"BUY","userId":"user-1"}
{"bestAsk":null,"bestBid":null,"existingOrders":0,"level":"info","marketId":"market-1","message":"Order book initialized","outcomeId":"outcome-1","service":"prediction-market-api","timestamp":"2026-02-09T14:53:25.010Z"}
{"level":"info","marketId":"market-1","message":"Order placed and processed","orderId":"order-1","outcomeId":"outcome-1","price":0.7,"quantity":50,"service":"prediction-market-api","timestamp":"2026-02-09T14:53:25.012Z","tradesExecuted":0,"type":"SELL","userId":"user-1"}
{"bestAsk":null,"bestBid":null,"existingOrders":0,"level":"info","marketId":"market-1","message":"Order book initialized","outcomeId":"outcome-1","service":"prediction-market-api","timestamp":"2026-02-09T14:53:25.012Z"}
{"level":"info","marketId":"market-1","message":"Order placed and processed","orderId":"sell-order-1","outcomeId":"outcome-1","price":0.6,"quantity":50,"service":"prediction-market-api","timestamp":"2026-02-09T14:53:25.013Z","tradesExecuted":0,"type":"SELL","userId":"user-1"}
{"level":"info","marketId":"market-1","message":"Order placed and processed","orderId":"buy-order-1","outcomeId":"outcome-1","price":0.6,"quantity":30,"service":"prediction-market-api","timestamp":"2026-02-09T14:53:25.014Z","tradesExecuted":1,"type":"BUY","userId":"user-2"}
{"bestAsk":null,"bestBid":null,"existingOrders":0,"level":"info","marketId":"market-1","message":"Order book initialized","outcomeId":"outcome-1","service":"prediction-market-api","timestamp":"2026-02-09T14:53:25.015Z"}
{"level":"info","marketId":"market-1","message":"Order placed and processed","orderId":"sell-order-1","outcomeId":"outcome-1","price":0.6,"quantity":30,"service":"prediction-market-api","timestamp":"2026-02-09T14:53:25.015Z","tradesExecuted":0,"type":"SELL","userId":"user-1"}
{"level":"info","marketId":"market-1","message":"Order placed and processed","orderId":"buy-order-1","outcomeId":"outcome-1","price":0.6,"quantity":50,"service":"prediction-market-api","timestamp":"2026-02-09T14:53:25.016Z","tradesExecuted":1,"type":"BUY","userId":"user-2"}
{"bestAsk":null,"bestBid":null,"existingOrders":0,"level":"info","marketId":"market-1","message":"Order book initialized","outcomeId":"outcome-1","service":"prediction-market-api","timestamp":"2026-02-09T14:53:25.017Z"}
{"level":"info","marketId":"market-1","message":"Order placed and processed","orderId":"sell-order-1","outcomeId":"outcome-1","price":0.7,"quantity":50,"service":"prediction-market-api","timestamp":"2026-02-09T14:53:25.018Z","tradesExecuted":0,"type":"SELL","userId":"user-1"}
{"level":"info","marketId":"market-1","message":"Order placed and processed","orderId":"buy-order-1","outcomeId":"outcome-1","price":0.7,"quantity":30,"service":"prediction-market-api","timestamp":"2026-02-09T14:53:25.019Z","tradesExecuted":1,"type":"BUY","userId":"user-2"}
{"bestAsk":null,"bestBid":null,"existingOrders":0,"level":"info","marketId":"market-1","message":"Order book initialized","outcomeId":"outcome-1","service":"prediction-market-api","timestamp":"2026-02-09T14:53:25.020Z"}
{"error":"User ID is required","level":"error","message":"Failed to place order","request":{"marketId":"market-1","orderType":"LIMIT","outcomeId":"outcome-1","price":0.6,"quantity":100,"type":"BUY"},"service":"prediction-market-api","timestamp":"2026-02-09T14:53:25.021Z"}
{"error":"Order type must be BUY or SELL","level":"error","message":"Failed to place order","request":{"marketId":"market-1","orderType":"LIMIT","outcomeId":"outcome-1","price":0.6,"quantity":100,"type":"INVALID","userId":"user-1"},"service":"prediction-market-api","timestamp":"2026-02-09T14:53:25.029Z"}
{"error":"Quantity must be greater than 0","level":"error","message":"Failed to place order","request":{"marketId":"market-1","orderType":"LIMIT","outcomeId":"outcome-1","price":0.6,"quantity":0,"type":"BUY","userId":"user-1"},"service":"prediction-market-api","timestamp":"2026-02-09T14:53:25.030Z"}
{"error":"Price must be between 0.01 and 0.99","level":"error","message":"Failed to place order","request":{"marketId":"market-1","orderType":"LIMIT","outcomeId":"outcome-1","price":1.5,"quantity":100,"type":"BUY","userId":"user-1"},"service":"prediction-market-api","timestamp":"2026-02-09T14:53:25.031Z"}
{"bestAsk":null,"bestBid":null,"existingOrders":0,"level":"info","marketId":"market-1","message":"Order book initialized","outcomeId":"outcome-1","service":"prediction-market-api","timestamp":"2026-02-09T14:53:25.032Z"}
{"level":"info","marketId":"market-1","message":"Order placed and processed","orderId":"order-1","outcomeId":"outcome-1","price":0.6,"quantity":100,"service":"prediction-market-api","timestamp":"2026-02-09T14:53:25.034Z","tradesExecuted":0,"type":"BUY","userId":"user-1"}
{"level":"info","marketId":"market-1","message":"Order cancelled","orderId":"order-1","outcomeId":"outcome-1","service":"prediction-market-api","timestamp":"2026-02-09T14:53:25.034Z","userId":"user-1"}
{"bestAsk":null,"bestBid":null,"existingOrders":0,"level":"info","marketId":"market-1","message":"Order book initialized","outcomeId":"outcome-1","service":"prediction-market-api","timestamp":"2026-02-09T14:53:25.035Z"}
{"error":"Unauthorized to cancel this order","level":"error","message":"Failed to cancel order","orderId":"order-1","service":"prediction-market-api","timestamp":"2026-02-09T14:53:25.036Z","userId":"user-2"}
{"bestAsk":null,"bestBid":null,"existingOrders":0,"level":"info","marketId":"market-1","message":"Order book initialized","outcomeId":"outcome-1","service":"prediction-market-api","timestamp":"2026-02-09T14:53:25.037Z"}
{"error":"Order cannot be cancelled","level":"error","message":"Failed to cancel order","orderId":"order-1","service":"prediction-market-api","timestamp":"2026-02-09T14:53:25.037Z","userId":"user-1"}
{"bestAsk":null,"bestBid":null,"existingOrders":0,"level":"info","marketId":"market-1","message":"Order book initialized","outcomeId":"outcome-1","service":"prediction-market-api","timestamp":"2026-02-09T14:53:25.038Z"}
{"error":"Order not found","level":"error","message":"Failed to cancel order","orderId":"non-existent","service":"prediction-market-api","timestamp":"2026-02-09T14:53:25.039Z","userId":"user-1"}
{"bestAsk":null,"bestBid":null,"existingOrders":0,"level":"info","marketId":"market-1","message":"Order book initialized","outcomeId":"outcome-1","service":"prediction-market-api","timestamp":"2026-02-09T14:53:25.040Z"}
{"bestAsk":null,"bestBid":null,"existingOrders":0,"level":"info","marketId":"market-1","message":"Order book initialized","outcomeId":"outcome-1","service":"prediction-market-api","timestamp":"2026-02-09T14:53:25.042Z"}
{"level":"info","marketId":"market-1","message":"Order placed and processed","orderId":"order-1","outcomeId":"outcome-1","price":0.6,"quantity":100,"service":"prediction-market-api","timestamp":"2026-02-09T14:53:25.042Z","tradesExecuted":0,"type":"BUY","userId":"user-1"}
{"level":"info","marketId":"market-1","message":"Order placed and processed","orderId":"order-2","outcomeId":"outcome-1","price":0.55,"quantity":50,"service":"prediction-market-api","timestamp":"2026-02-09T14:53:25.043Z","tradesExecuted":0,"type":"BUY","userId":"user-1"}
{"level":"info","marketId":"market-1","message":"Order placed and processed","orderId":"order-3","outcomeId":"outcome-1","price":0.65,"quantity":75,"service":"prediction-market-api","timestamp":"2026-02-09T14:53:25.043Z","tradesExecuted":0,"type":"SELL","userId":"user-2"}
{"bestAsk":null,"bestBid":null,"existingOrders":0,"level":"info","marketId":"market-1","message":"Order book initialized","outcomeId":"outcome-1","service":"prediction-market-api","timestamp":"2026-02-09T14:53:25.044Z"}
{"level":"info","marketId":"market-1","message":"Order placed and processed","orderId":"order-1","outcomeId":"outcome-1","price":0.5,"quantity":10,"service":"prediction-market-api","timestamp":"2026-02-09T14:53:25.045Z","tradesExecuted":0,"type":"BUY","userId":"user-1"}
{"level":"info","marketId":"market-1","message":"Order placed and processed","orderId":"order-2","outcomeId":"outcome-1","price":0.49,"quantity":10,"service":"prediction-market-api","timestamp":"2026-02-09T14:53:25.045Z","tradesExecuted":0,"type":"BUY","userId":"user-1"}
{"level":"info","marketId":"market-1","message":"Order placed and processed","orderId":"order-3","outcomeId":"outcome-1","price":0.48,"quantity":10,"service":"prediction-market-api","timestamp":"2026-02-09T14:53:25.046Z","tradesExecuted":0,"type":"BUY","userId":"user-1"}
{"level":"info","marketId":"market-1","message":"Order placed and processed","orderId":"order-4","outcomeId":"outcome-1","price":0.47,"quantity":10,"service":"prediction-market-api","timestamp":"2026-02-09T14:53:25.046Z","tradesExecuted":0,"type":"BUY","userId":"user-1"}
{"level":"info","marketId":"market-1","message":"Order placed and processed","orderId":"order-5","outcomeId":"outcome-1","price":0.46,"quantity":10,"service":"prediction-market-api","timestamp":"2026-02-09T14:53:25.047Z","tradesExecuted":0,"type":"BUY","userId":"user-1"}
{"level":"info","marketId":"market-1","message":"Order placed and processed","orderId":"order-6","outcomeId":"outcome-1","price":0.45,"quantity":10,"service":"prediction-market-api","timestamp":"2026-02-09T14:53:25.047Z","tradesExecuted":0,"type":"BUY","userId":"user-1"}
{"level":"info","marketId":"market-1","message":"Order placed and processed","orderId":"order-7","outcomeId":"outcome-1","price":0.44,"quantity":10,"service":"prediction-market-api","timestamp":"2026-02-09T14:53:25.048Z","tradesExecuted":0,"type":"BUY","userId":"user-1"}
{"level":"info","marketId":"market-1","message":"Order placed and processed","orderId":"order-8","outcomeId":"outcome-1","price":0.43,"quantity":10,"service":"prediction-market-api","timestamp":"2026-02-09T14:53:25.049Z","tradesExecuted":0,"type":"BUY","userId":"user-1"}
{"level":"info","marketId":"market-1","message":"Order placed and processed","orderId":"order-9","outcomeId":"outcome-1","price":0.42,"quantity":10,"service":"prediction-market-api","timestamp":"2026-02-09T14:53:25.049Z","tradesExecuted":0,"type":"BUY","userId":"user-1"}
{"level":"info","marketId":"market-1","message":"Order placed and processed","orderId":"order-10","outcomeId":"outcome-1","price":0.41000000000000003,"quantity":10,"service":"prediction-market-api","timestamp":"2026-02-09T14:53:25.050Z","tradesExecuted":0,"type":"BUY","userId":"user-1"}
{"level":"info","marketId":"market-1","message":"Order placed and processed","orderId":"order-11","outcomeId":"outcome-1","price":0.4,"quantity":10,"service":"prediction-market-api","timestamp":"2026-02-09T14:53:25.050Z","tradesExecuted":0,"type":"BUY","userId":"user-1"}
{"level":"info","marketId":"market-1","message":"Order placed and processed","orderId":"order-12","outcomeId":"outcome-1","price":0.39,"quantity":10,"service":"prediction-market-api","timestamp":"2026-02-09T14:53:25.051Z","tradesExecuted":0,"type":"BUY","userId":"user-1"}
{"level":"info","marketId":"market-1","message":"Order placed and processed","orderId":"order-13","outcomeId":"outcome-1","price":0.38,"quantity":10,"service":"prediction-market-api","timestamp":"2026-02-09T14:53:25.051Z","tradesExecuted":0,"type":"BUY","userId":"user-1"}
{"level":"info","marketId":"market-1","message":"Order placed and processed","orderId":"order-14","outcomeId":"outcome-1","price":0.37,"quantity":10,"service":"prediction-market-api","timestamp":"2026-02-09T14:53:25.052Z","tradesExecuted":0,"type":"BUY","userId":"user-1"}
{"level":"info","marketId":"market-1","message":"Order placed and processed","orderId":"order-15","outcomeId":"outcome-1","price":0.36,"quantity":10,"service":"prediction-market-api","timestamp":"2026-02-09T14:53:25.052Z","tradesExecuted":0,"type":"BUY","userId":"user-1"}
{"bestAsk":null,"bestBid":null,"existingOrders":0,"level":"info","marketId":"market-1","message":"Order book initialized","outcomeId":"outcome-1","service":"prediction-market-api","timestamp":"2026-02-09T14:53:25.053Z"}
{"level":"info","marketId":"market-1","message":"Order placed and processed","orderId":"order-1","outcomeId":"outcome-1","price":0.55,"quantity":100,"service":"prediction-market-api","timestamp":"2026-02-09T14:53:25.054Z","tradesExecuted":0,"type":"BUY","userId":"user-1"}
{"level":"info","marketId":"market-1","message":"Order placed and processed","orderId":"order-2","outcomeId":"outcome-1","price":0.6,"quantity":100,"service":"prediction-market-api","timestamp":"2026-02-09T14:53:25.054Z","tradesExecuted":0,"type":"BUY","userId":"user-2"}
{"level":"info","marketId":"market-1","message":"Order placed and processed","orderId":"order-3","outcomeId":"outcome-1","price":0.5,"quantity":100,"service":"prediction-market-api","timestamp":"2026-02-09T14:53:25.055Z","tradesExecuted":0,"type":"BUY","userId":"user-1"}
{"bestAsk":null,"bestBid":null,"existingOrders":0,"level":"info","marketId":"market-1","message":"Order book initialized","outcomeId":"outcome-1","service":"prediction-market-api","timestamp":"2026-02-09T14:53:25.056Z"}
{"level":"info","marketId":"market-1","message":"Order placed and processed","orderId":"order-1","outcomeId":"outcome-1","price":0.6,"quantity":100,"service":"prediction-market-api","timestamp":"2026-02-09T14:53:25.057Z","tradesExecuted":0,"type":"BUY","userId":"user-1"}
{"level":"info","marketId":"market-1","message":"Order placed and processed","orderId":"order-2","outcomeId":"outcome-1","price":0.6,"quantity":100,"service":"prediction-market-api","timestamp":"2026-02-09T14:53:25.057Z","tradesExecuted":0,"type":"BUY","userId":"user-2"}
{"level":"info","marketId":"market-1","message":"Order placed and processed","orderId":"order-3","outcomeId":"outcome-1","price":0.6,"quantity":100,"service":"prediction-market-api","timestamp":"2026-02-09T14:53:25.058Z","tradesExecuted":0,"type":"BUY","userId":"user-1"}
{"bestAsk":null,"bestBid":null,"existingOrders":0,"level":"info","marketId":"market-1","message":"Order book initialized","outcomeId":"outcome-1","service":"prediction-market-api","timestamp":"2026-02-09T14:53:25.058Z"}
{"level":"info","marketId":"market-1","message":"Order placed and processed","orderId":"sell-order-1","outcomeId":"outcome-1","price":0.6,"quantity":100,"service":"prediction-market-api","timestamp":"2026-02-09T14:53:25.059Z","tradesExecuted":0,"type":"SELL","userId":"user-1"}
{"level":"info","marketId":"market-1","message":"Order placed and processed","orderId":"buy-order-1","outcomeId":"outcome-1","price":0.6,"quantity":50,"service":"prediction-market-api","timestamp":"2026-02-09T14:53:25.060Z","tradesExecuted":1,"type":"BUY","userId":"user-2"}
{"creatorId":"user123","level":"info","marketId":"market123","message":"Market created successfully","outcomesCount":2,"service":"prediction-market-api","timestamp":"2026-02-09T14:53:25.225Z","title":"Will Bitcoin reach $100k by 2024?","type":"binary"}
{"creatorId":"user123","level":"info","marketId":"market456","message":"Market created successfully","outcomesCount":3,"service":"prediction-market-api","timestamp":"2026-02-09T14:53:25.226Z","title":"Who will win the 2024 election?","type":"multi-outcome"}
{"level":"info","marketId":"market123","message":"Market updated successfully","service":"prediction-market-api","timestamp":"2026-02-09T14:53:25.240Z","updaterId":"user123","updates":{"title":"New Title"}}
{"error":"Market not found","level":"error","marketId":"nonexistent","message":"Failed to update market","service":"prediction-market-api","timestamp":"2026-02-09T14:53:25.243Z","updaterId":"user123","updates":{}}
{"error":"Cannot update resolved market","level":"error","marketId":"market123","message":"Failed to update market","service":"prediction-market-api","timestamp":"2026-02-09T14:53:25.244Z","updaterId":"user123","updates":{}}
{"closerId":"user123","level":"info","marketId":"market123","message":"Market closed successfully","previousStatus":"ACTIVE","service":"prediction-market-api","timestamp":"2026-02-09T14:53:25.245Z"}
{"closerId":"user123","error":"Market is not active and cannot be closed","level":"error","marketId":"market123","message":"Failed to close market","service":"prediction-market-api","timestamp":"2026-02-09T14:53:25.246Z"}
{"level":"info","message":"Generated nonce for wallet authentication","nonce":"4tei9kc3fou","service":"prediction-market-api","timestamp":"2026-02-09T14:53:26.099Z","walletAddress":"0x1234567890123456789012345678901234567890"}
{"level":"info","message":"Wallet authentication successful","service":"prediction-market-api","timestamp":"2026-02-09T14:53:26.106Z","userId":"user-1","walletAddress":"0x15fa6a0331d7dab6614315ad76e852fde7d02705"}
{"level":"info","message":"Created new user from wallet authentication","service":"prediction-market-api","timestamp":"2026-02-09T14:53:26.111Z","userId":"user-new","walletAddress":"0x15fa6a0331d7dab6614315ad76e852fde7d02705"}
{"level":"info","message":"Wallet authentication successful","service":"prediction-market-api","timestamp":"2026-02-09T14:53:26.112Z","userId":"user-new","walletAddress":"0x15fa6a0331d7dab6614315ad76e852fde7d02705"}
{"error":"Invalid or expired nonce","level":"error","message":"Wallet authentication failed","service":"prediction-market-api","timestamp":"2026-02-09T14:53:26.114Z","walletAddress":"0x15fa6a0331d7dab6614315ad76e852fde7d02705"}
{"error":"invalid raw signature length (argument=\"signature\", value=\"0x1234567890abcdef\", code=INVALID_ARGUMENT, version=6.16.0)","level":"error","message":"Wallet authentication failed","service":"prediction-market-api","timestamp":"2026-02-09T14:53:26.120Z","walletAddress":"0x15fa6a0331d7dab6614315ad76e852fde7d02705"}
{"error":"Invalid signature","level":"error","message":"Wallet authentication failed","service":"prediction-market-api","timestamp":"2026-02-09T14:53:26.135Z","walletAddress":"0x15fa6a0331d7dab6614315ad76e852fde7d02705"}
{"error":"invalid token","level":"warn","message":"Token validation failed","service":"prediction-market-api","timestamp":"2026-02-09T14:53:26.138Z"}
{"error":"User not found","level":"warn","message":"Token validation failed","service":"prediction-market-api","timestamp":"2026-02-09T14:53:26.140Z"}
{"level":"info","message":"Token refresh successful","service":"prediction-market-api","timestamp":"2026-02-09T14:53:26.142Z","userId":"user-1","walletAddress":"0x1234567890123456789012345678901234567890"}
{"error":"invalid token","level":"error","message":"Token refresh failed","service":"prediction-market-api","timestamp":"2026-02-09T14:53:26.145Z"}
{"error":"Invalid refresh token","level":"error","message":"Token refresh failed","service":"prediction-market-api","timestamp":"2026-02-09T14:53:26.147Z"}
{"level":"info","message":"Token revoked successfully","service":"prediction-market-api","timestamp":"2026-02-09T14:53:26.149Z","userId":"user-1","walletAddress":"0x1234567890123456789012345678901234567890"}
{"error":"invalid token","level":"warn","message":"Token revocation failed","service":"prediction-market-api","timestamp":"2026-02-09T14:53:26.151Z"}
{"level":"info","message":"Cleared user sessions","service":"prediction-market-api","timestamp":"2026-02-09T14:53:26.152Z","userId":"user-1"}
{"error":"Invalid token","ip":"127.0.0.1","level":"warn","message":"Authentication failed","service":"prediction-market-api","timestamp":"2026-02-09T14:54:16.817Z"}
{"ip":"127.0.0.1","level":"warn","message":"Admin access denied","method":"GET","path":"/test","roles":["user"],"service":"prediction-market-api","timestamp":"2026-02-09T14:54:16.951Z"}
{"ip":"127.0.0.1","level":"warn","message":"Permission denied","method":"GET","path":"/test","requiredPermission":"create_market","roles":["user"],"service":"prediction-market-api","timestamp":"2026-02-09T14:54:16.970Z"}
{"ip":"127.0.0.1","level":"warn","message":"Role access denied","method":"GET","path":"/test","requiredRoles":["moderator","admin"],"service":"prediction-market-api","timestamp":"2026-02-09T14:54:16.993Z","userRoles":["user"]}
{"field":"userId","ip":"127.0.0.1","level":"warn","message":"Ownership access denied","method":"GET","path":"/test","resourceUserId":"user456","service":"prediction-market-api","timestamp":"2026-02-09T14:54:17.000Z","userId":"user123"}
{"level":"info","message":"Generated nonce for wallet authentication","nonce":"9634lruufh","service":"prediction-market-api","timestamp":"2026-02-09T14:54:17.140Z","walletAddress":"0x1234567890123456789012345678901234567890"}
{"level":"info","message":"Wallet authentication successful","service":"prediction-market-api","timestamp":"2026-02-09T14:54:17.177Z","userId":"user-1","walletAddress":"0x68124f582cdd1486f4b2940f4ccadc69ebb5e99c"}
{"level":"info","message":"Created new user from wallet authentication","service":"prediction-market-api","timestamp":"2026-02-09T14:54:17.198Z","userId":"user-new","walletAddress":"0x68124f582cdd1486f4b2940f4ccadc69ebb5e99c"}
{"level":"info","message":"Wallet authentication successful","service":"prediction-market-api","timestamp":"2026-02-09T14:54:17.200Z","userId":"user-new","walletAddress":"0x68124f582cdd1486f4b2940f4ccadc69ebb5e99c"}
{"error":"Invalid or expired nonce","level":"error","message":"Wallet authentication failed","service":"prediction-market-api","timestamp":"2026-02-09T14:54:17.202Z","walletAddress":"0x68124f582cdd1486f4b2940f4ccadc69ebb5e99c"}
{"error":"invalid raw signature length (argument=\"signature\", value=\"0x1234567890abcdef\", code=INVALID_ARGUMENT, version=6.16.0)","level":"error","message":"Wallet authentication failed","service":"prediction-market-api","timestamp":"2026-02-09T14:54:17.224Z","walletAddress":"0x68124f582cdd1486f4b2940f4ccadc69ebb5e99c"}
{"error":"Invalid signature","level":"error","message":"Wallet authentication failed","service":"prediction-market-api","timestamp":"2026-02-09T14:54:17.254Z","walletAddress":"0x68124f582cdd1486f4b2940f4ccadc69ebb5e99c"}
{"error":"invalid token","level":"warn","message":"Token validation failed","service":"prediction-market-api","timestamp":"2026-02-09T14:54:17.256Z"}
{"error":"User not found","level":"warn","message":"Token validation failed","service":"prediction-market-api","timestamp":"2026-02-09T14:54:17.259Z"}
{"level":"info","message":"Token refresh successful","service":"prediction-market-api","timestamp":"2026-02-09T14:54:17.261Z","userId":"user-1","walletAddress":"0x1234567890123456789012345678901234567890"}
{"error":"invalid token","level":"error","message":"Token refresh failed","service":"prediction-market-api","timestamp":"2026-02-09T14:54:17.261Z"}
{"error":"Invalid refresh token","level":"error","message":"Token refresh failed","service":"prediction-market-api","timestamp":"2026-02-09T14:54:17.263Z"}
{"level":"info","message":"Token revoked successfully","service":"prediction-market-api","timestamp":"2026-02-09T14:54:17.264Z","userId":"user-1","walletAddress":"0x1234567890123456789012345678901234567890"}
{"error":"invalid token","level":"warn","message":"Token revocation failed","service":"prediction-market-api","timestamp":"2026-02-09T14:54:17.265Z"}
{"level":"info","message":"Cleared user sessions","service":"prediction-market-api","timestamp":"2026-02-09T14:54:17.265Z","userId":"user-1"}
{"isAuthenticated":false,"level":"info","message":"WebSocket client connected","service":"prediction-market-api","socketId":"VTNWktUzCeA71c8jAAAB","timestamp":"2026-02-09T14:54:17.956Z","userId":"anonymous"}
{"bestAsk":null,"bestBid":null,"existingOrders":0,"level":"info","marketId":"market-1","message":"Order book initialized","outcomeId":"outcome-1","service":"prediction-market-api","timestamp":"2026-02-09T14:54:18.066Z"}
{"bestAsk":0.7,"bestBid":0.6,"existingOrders":2,"level":"info","marketId":"market-1","message":"Order book initialized","outcomeId":"outcome-1","service":"prediction-market-api","timestamp":"2026-02-09T14:54:18.082Z"}
{"bestAsk":null,"bestBid":null,"existingOrders":0,"level":"info","marketId":"market-1","message":"Order book initialized","outcomeId":"outcome-1","service":"prediction-market-api","timestamp":"2026-02-09T14:54:18.083Z"}
{"level":"info","marketId":"market-1","message":"Order placed and processed","orderId":"order-1","outcomeId":"outcome-1","price":0.6,"quantity":100,"service":"prediction-market-api","timestamp":"2026-02-09T14:54:18.084Z","tradesExecuted":0,"type":"BUY","userId":"user-1"}
{"bestAsk":null,"bestBid":null,"existingOrders":0,"level":"info","marketId":"market-1","message":"Order book initialized","outcomeId":"outcome-1","service":"prediction-market-api","timestamp":"2026-02-09T14:54:18.085Z"}
{"level":"info","marketId":"market-1","message":"Order placed and processed","orderId":"order-1","outcomeId":"outcome-1","price":0.7,"quantity":50,"service":"prediction-market-api","timestamp":"2026-02-09T14:54:18.086Z","tradesExecuted":0,"type":"SELL","userId":"user-1"}
{"bestAsk":null,"bestBid":null,"existingOrders":0,"level":"info","marketId":"market-1","message":"Order book initialized","outcomeId":"outcome-1","service":"prediction-market-api","timestamp":"2026-02-09T14:54:18.087Z"}
{"level":"info","marketId":"market-1","message":"Order placed and processed","orderId":"sell-order-1","outcomeId":"outcome-1","price":0.6,"quantity":50,"service":"prediction-market-api","timestamp":"2026-02-09T14:54:18.087Z","tradesExecuted":0,"type":"SELL","userId":"user-1"}
{"level":"info","marketId":"market-1","message":"Order placed and processed","orderId":"buy-order-1","outcomeId":"outcome-1","price":0.6,"quantity":30,"service":"prediction-market-api","timestamp":"2026-02-09T14:54:18.088Z","tradesExecuted":1,"type":"BUY","userId":"user-2"}
{"bestAsk":null,"bestBid":null,"existingOrders":0,"level":"info","marketId":"market-1","message":"Order book initialized","outcomeId":"outcome-1","service":"prediction-market-api","timestamp":"2026-02-09T14:54:18.088Z"}
{"level":"info","marketId":"market-1","message":"Order placed and processed","orderId":"sell-order-1","outcomeId":"outcome-1","price":0.6,"quantity":30,"service":"prediction-market-api","timestamp":"2026-02-09T14:54:18.089Z","tradesExecuted":0,"type":"SELL","userId":"user-1"}
{"level":"info","marketId":"market-1","message":"Order placed and processed","orderId":"buy-order-1","outcomeId":"outcome-1","price":0.6,"quantity":50,"service":"prediction-market-api","timestamp":"2026-02-09T14:54:18.089Z","tradesExecuted":1,"type":"BUY","userId":"user-2"}
{"bestAsk":null,"bestBid":null,"existingOrders":0,"level":"info","marketId":"market-1","message":"Order book initialized","outcomeId":"outcome-1","service":"prediction-market-api","timestamp":"2026-02-09T14:54:18.090Z"}
{"level":"info","marketId":"market-1","message":"Order placed and processed","orderId":"sell-order-1","outcomeId":"outcome-1","price":0.7,"quantity":50,"service":"prediction-market-api","timestamp":"2026-02-09T14:54:18.090Z","tradesExecuted":0,"type":"SELL","userId":"user-1"}
{"level":"info","marketId":"market-1","message":"Order placed and processed","orderId":"buy-order-1","outcomeId":"outcome-1","price":0.7,"quantity":30,"service":"prediction-market-api","timestamp":"2026-02-09T14:54:18.090Z","tradesExecuted":1,"type":"BUY","userId":"user-2"}
{"bestAsk":null,"bestBid":null,"existingOrders":0,"level":"info","marketId":"market-1","message":"Order book initialized","outcomeId":"outcome-1","service":"prediction-market-api","timestamp":"2026-02-09T14:54:18.090Z"}
{"error":"User ID is required","level":"error","message":"Failed to place order","request":{"marketId":"market-1","orderType":"LIMIT","outcomeId":"outcome-1","price":0.6,"quantity":100,"type":"BUY"},"service":"prediction-market-api","timestamp":"2026-02-09T14:54:18.094Z"}
{"error":"Order type must be BUY or SELL","level":"error","message":"Failed to place order","request":{"marketId":"market-1","orderType":"LIMIT","outcomeId":"outcome-1","price":0.6,"quantity":100,"type":"INVALID","userId":"user-1"},"service":"prediction-market-api","timestamp":"2026-02-09T14:54:18.108Z"}
{"error":"Quantity must be greater than 0","level":"error","message":"Failed to place order","request":{"marketId":"market-1","orderType":"LIMIT","outcomeId":"outcome-1","price":0.6,"quantity":0,"type":"BUY","userId":"user-1"},"service":"prediction-market-api","timestamp":"2026-02-09T14:54:18.108Z"}
{"error":"Price must be between 0.01 and 0.99","level":"error","message":"Failed to place order","request":{"marketId":"market-1","orderType":"LIMIT","outcomeId":"outcome-1","price":1.5,"quantity":100,"type":"BUY","userId":"user-1"},"service":"prediction-market-api","timestamp":"2026-02-09T14:54:18.108Z"}
{"bestAsk":null,"bestBid":null,"existingOrders":0,"level":"info","marketId":"market-1","message":"Order book initialized","outcomeId":"outcome-1","service":"prediction-market-api","timestamp":"2026-02-09T14:54:18.109Z"}
{"level":"info","marketId":"market-1","message":"Order placed and processed","orderId":"order-1","outcomeId":"outcome-1","price":0.6,"quantity":100,"service":"prediction-market-api","timestamp":"2026-02-09T14:54:18.109Z","tradesExecuted":0,"type":"BUY","userId":"user-1"}
{"level":"info","marketId":"market-1","message":"Order cancelled","orderId":"order-1","outcomeId":"outcome-1","service":"prediction-market-api","timestamp":"2026-02-09T14:54:18.109Z","userId":"user-1"}
{"bestAsk":null,"bestBid":null,"existingOrders":0,"level":"info","marketId":"market-1","message":"Order book initialized","outcomeId":"outcome-1","service":"prediction-market-api","timestamp":"2026-02-09T14:54:18.110Z"}
{"error":"Unauthorized to cancel this order","level":"error","message":"Failed to cancel order","orderId":"order-1","service":"prediction-market-api","timestamp":"2026-02-09T14:54:18.110Z","userId":"user-2"}
{"bestAsk":null,"bestBid":null,"existingOrders":0,"level":"info","marketId":"market-1","message":"Order book initialized","outcomeId":"outcome-1","service":"prediction-market-api","timestamp":"2026-02-09T14:54:18.111Z"}
{"error":"Order cannot be cancelled","level":"error","message":"Failed to cancel order","orderId":"order-1","service":"prediction-market-api","timestamp":"2026-02-09T14:54:18.111Z","userId":"user-1"}
{"bestAsk":null,"bestBid":null,"existingOrders":0,"level":"info","marketId":"market-1","message":"Order book initialized","outcomeId":"outcome-1","service":"prediction-market-api","timestamp":"2026-02-09T14:54:18.111Z"}
{"error":"Order not found","level":"error","message":"Failed to cancel order","orderId":"non-existent","service":"prediction-market-api","timestamp":"2026-02-09T14:54:18.111Z","userId":"user-1"}
{"bestAsk":null,"bestBid":null,"existingOrders":0,"level":"info","marketId":"market-1","message":"Order book initialized","outcomeId":"outcome-1","service":"prediction-market-api","timestamp":"2026-02-09T14:54:18.112Z"}
{"bestAsk":null,"bestBid":null,"existingOrders":0,"level":"info","marketId":"market-1","message":"Order book initialized","outcomeId":"outcome-1","service":"prediction-market-api","timestamp":"2026-02-09T14:54:18.112Z"}
{"level":"info","marketId":"market-1","message":"Order placed and processed","orderId":"order-1","outcomeId":"outcome-1","price":0.6,"quantity":100,"service":"prediction-market-api","timestamp":"2026-02-09T14:54:18.112Z","tradesExecuted":0,"type":"BUY","userId":"user-1"}
{"level":"info","marketId":"market-1","message":"Order placed and processed","orderId":"order-2","outcomeId":"outcome-1","price":0.55,"quantity":50,"service":"prediction-market-api","timestamp":"2026-02-09T14:54:18.112Z","tradesExecuted":0,"type":"BUY","userId":"user-1"}
{"level":"info","marketId":"market-1","message":"Order placed and processed","orderId":"order-3","outcomeId":"outcome-1","price":0.65,"quantity":75,"service":"prediction-market-api","timestamp":"2026-02-09T14:54:18.113Z","tradesExecuted":0,"type":"SELL","userId":"user-2"}
{"bestAsk":null,"bestBid":null,"existingOrders":0,"level":"info","marketId":"market-1","message":"Order book initialized","outcomeId":"outcome-1","service":"prediction-market-api","timestamp":"2026-02-09T14:54:18.113Z"}
{"level":"info","marketId":"market-1","message":"Order placed and processed","orderId":"order-1","outcomeId":"outcome-1","price":0.5,"quantity":10,"service":"prediction-market-api","timestamp":"2026-02-09T14:54:18.113Z","tradesExecuted":0,"type":"BUY","userId":"user-1"}
{"level":"info","marketId":"market-1","message":"Order placed and processed","orderId":"order-2","outcomeId":"outcome-1","price":0.49,"quantity":10,"service":"prediction-market-api","timestamp":"2026-02-09T14:54:18.113Z","tradesExecuted":0,"type":"BUY","userId":"user-1"}
{"level":"info","marketId":"market-1","message":"Order placed and processed","orderId":"order-3","outcomeId":"outcome-1","price":0.48,"quantity":10,"service":"prediction-market-api","timestamp":"2026-02-09T14:54:18.113Z","tradesExecuted":0,"type":"BUY","userId":"user-1"}
{"level":"info","marketId":"market-1","message":"Order placed and processed","orderId":"order-4","outcomeId":"outcome-1","price":0.47,"quantity":10,"service":"prediction-market-api","timestamp":"2026-02-09T14:54:18.113Z","tradesExecuted":0,"type":"BUY","userId":"user-1"}
{"level":"info","marketId":"market-1","message":"Order placed and processed","orderId":"order-5","outcomeId":"outcome-1","price":0.46,"quantity":10,"service":"prediction-market-api","timestamp":"2026-02-09T14:54:18.114Z","tradesExecuted":0,"type":"BUY","userId":"user-1"}
{"level":"info","marketId":"market-1","message":"Order placed and processed","orderId":"order-6","outcomeId":"outcome-1","price":0.45,"quantity":10,"service":"prediction-market-api","timestamp":"2026-02-09T14:54:18.114Z","tradesExecuted":0,"type":"BUY","userId":"user-1"}
{"level":"info","marketId":"market-1","message":"Order placed and processed","orderId":"order-7","outcomeId":"outcome-1","price":0.44,"quantity":10,"service":"prediction-market-api","timestamp":"2026-02-09T14:54:18.114Z","tradesExecuted":0,"type":"BUY","userId":"user-1"}
{"level":"info","marketId":"market-1","message":"Order placed and processed","orderId":"order-8","outcomeId":"outcome-1","price":0.43,"quantity":10,"service":"prediction-market-api","timestamp":"2026-02-09T14:54:18.114Z","tradesExecuted":0,"type":"BUY","userId":"user-1"}
{"level":"info","marketId":"market-1","message":"Order placed and processed","orderId":"order-9","outcomeId":"outcome-1","price":0.42,"quantity":10,"service":"prediction-market-api","timestamp":"2026-02-09T14:54:18.114Z","tradesExecuted":0,"type":"BUY","userId":"user-1"}
{"level":"info","marketId":"market-1","message":"Order placed and processed","orderId":"order-10","outcomeId":"outcome-1","price":0.41000000000000003,"quantity":10,"service":"prediction-market-api","timestamp":"2026-02-09T14:54:18.114Z","tradesExecuted":0,"type":"BUY","userId":"user-1"}
{"level":"info","marketId":"market-1","message":"Order placed and processed","orderId":"order-11","outcomeId":"outcome-1","price":0.4,"quantity":10,"service":"prediction-market-api","timestamp":"2026-02-09T14:54:18.115Z","tradesExecuted":0,"type":"BUY","userId":"user-1"}
{"level":"info","marketId":"market-1","message":"Order placed and processed","orderId":"order-12","outcomeId":"outcome-1","price":0.39,"quantity":10,"service":"prediction-market-api","timestamp":"2026-02-09T14:54:18.115Z","tradesExecuted":0,"type":"BUY","userId":"user-1"}
{"level":"info","marketId":"market-1","message":"Order placed and processed","orderId":"order-13","outcomeId":"outcome-1","price":0.38,"quantity":10,"service":"prediction-market-api","timestamp":"2026-02-09T14:54:18.115Z","tradesExecuted":0,"type":"BUY","userId":"user-1"}
{"level":"info","marketId":"market-1","message":"Order placed and processed","orderId":"order-14","outcomeId":"outcome-1","price":0.37,"quantity":10,"service":"prediction-market-api","timestamp":"2026-02-09T14:54:18.115Z","tradesExecuted":0,"type":"BUY","userId":"user-1"}
{"level":"info","marketId":"market-1","message":"Order placed and processed","orderId":"order-15","outcomeId":"outcome-1","price":0.36,"quantity":10,"service":"prediction-market-api","timestamp":"2026-02-09T14:54:18.115Z","tradesExecuted":0,"type":"BUY","userId":"user-1"}
{"bestAsk":null,"bestBid":null,"existingOrders":0,"level":"info","marketId":"market-1","message":"Order book initialized","outcomeId":"outcome-1","service":"prediction-market-api","timestamp":"2026-02-09T14:54:18.115Z"}
{"level":"info","marketId":"market-1","message":"Order placed and processed","orderId":"order-1","outcomeId":"outcome-1","price":0.55,"quantity":100,"service":"prediction-market-api","timestamp":"2026-02-09T14:54:18.119Z","tradesExecuted":0,"type":"BUY","userId":"user-1"}
{"level":"info","marketId":"market-1","message":"Order placed and processed","orderId":"order-2","outcomeId":"outcome-1","price":0.6,"quantity":100,"service":"prediction-market-api","timestamp":"2026-02-09T14:54:18.119Z","tradesExecuted":0,"type":"BUY","userId":"user-2"}
{"level":"info","marketId":"market-1","message":"Order placed and processed","orderId":"order-3","outcomeId":"outcome-1","price":0.5,"quantity":100,"service":"prediction-market-api","timestamp":"2026-02-09T14:54:18.120Z","tradesExecuted":0,"type":"BUY","userId":"user-1"}
{"bestAsk":null,"bestBid":null,"existingOrders":0,"level":"info","marketId":"market-1","message":"Order book initialized","outcomeId":"outcome-1","service":"prediction-market-api","timestamp":"2026-02-09T14:54:18.121Z"}
{"level":"info","marketId":"market-1","message":"Order placed and processed","orderId":"order-1","outcomeId":"outcome-1","price":0.6,"quantity":100,"service":"prediction-market-api","timestamp":"2026-02-09T14:54:18.121Z","tradesExecuted":0,"type":"BUY","userId":"user-1"}
{"level":"info","marketId":"market-1","message":"Order placed and processed","orderId":"order-2","outcomeId":"outcome-1","price":0.6,"quantity":100,"service":"prediction-market-api","timestamp":"2026-02-09T14:54:18.121Z","tradesExecuted":0,"type":"BUY","userId":"user-2"}
{"level":"info","marketId":"market-1","message":"Order placed and processed","orderId":"order-3","outcomeId":"outcome-1","price":0.6,"quantity":100,"service":"prediction-market-api","timestamp":"2026-02-09T14:54:18.121Z","tradesExecuted":0,"type":"BUY","userId":"user-1"}
{"bestAsk":null,"bestBid":null,"existingOrders":0,"level":"info","marketId":"market-1","message":"Order book initialized","outcomeId":"outcome-1","service":"prediction-market-api","timestamp":"2026-02-09T14:54:18.122Z"}
{"level":"info","marketId":"market-1","message":"Order placed and processed","orderId":"sell-order-1","outcomeId":"outcome-1","price":0.6,"quantity":100,"service":"prediction-market-api","timestamp":"2026-02-09T14:54:18.122Z","tradesExecuted":0,"type":"SELL","userId":"user-1"}
{"level":"info","marketId":"market-1","message":"Order placed and processed","orderId":"buy-order-1","outcomeId":"outcome-1","price":0.6,"quantity":50,"service":"prediction-market-api","timestamp":"2026-02-09T14:54:18.122Z","tradesExecuted":1,"type":"BUY","userId":"user-2"}
{"buyerId":"buyer-1","level":"info","marketId":"market-1","message":"Trade executed successfully","outcomeId":"outcome-1","price":0.6,"quantity":100,"sellerId":"seller-1","service":"prediction-market-api","timestamp":"2026-02-09T14:54:18.091Z","totalValue":60,"tradeId":"trade-1"}
{"buyerId":"buyer-1","level":"info","marketId":"market-1","message":"Trade executed successfully","outcomeId":"outcome-1","price":0.6,"quantity":100,"sellerId":"seller-1","service":"prediction-market-api","timestamp":"2026-02-09T14:54:18.108Z","totalValue":60,"tradeId":"trade-1"}
{"error":"Market ID and Outcome ID are required","level":"error","message":"Failed to execute trade","request":{"buyOrderId":"buy-order-1","buyerFee":0.12,"buyerId":"buyer-1","marketId":"","outcomeId":"outcome-1","price":0.6,"quantity":100,"sellOrderId":"sell-order-1","sellerFee":0.12,"sellerId":"seller-1","totalValue":60},"service":"prediction-market-api","timestamp":"2026-02-09T14:54:18.109Z"}
{"error":"Buyer ID and Seller ID are required","level":"error","message":"Failed to execute trade","request":{"buyOrderId":"buy-order-1","buyerFee":0.12,"buyerId":"","marketId":"market-1","outcomeId":"outcome-1","price":0.6,"quantity":100,"sellOrderId":"sell-order-1","sellerFee":0.12,"sellerId":"seller-1","totalValue":60},"service":"prediction-market-api","timestamp":"2026-02-09T14:54:18.123Z"}
{"error":"Quantity must be greater than 0","level":"error","message":"Failed to execute trade","request":{"buyOrderId":"buy-order-1","buyerFee":0.12,"buyerId":"buyer-1","marketId":"market-1","outcomeId":"outcome-1","price":0.6,"quantity":0,"sellOrderId":"sell-order-1","sellerFee":0.12,"sellerId":"seller-1","totalValue":60},"service":"prediction-market-api","timestamp":"2026-02-09T14:54:18.123Z"}
{"error":"Price must be between 0 and 1","level":"error","message":"Failed to execute trade","request":{"buyOrderId":"buy-order-1","buyerFee":0.12,"buyerId":"buyer-1","marketId":"market-1","outcomeId":"outcome-1","price":1.5,"quantity":100,"sellOrderId":"sell-order-1","sellerFee":0.12,"sellerId":"seller-1","totalValue":60},"service":"prediction-market-api","timestamp":"2026-02-09T14:54:18.124Z"}
{"error":"Total value must be greater than 0","level":"error","message":"Failed to execute trade","request":{"buyOrderId":"buy-order-1","buyerFee":0.12,"buyerId":"buyer-1","marketId":"market-1","outcomeId":"outcome-1","price":0.6,"quantity":100,"sellOrderId":"sell-order-1","sellerFee":0.12,"sellerId":"seller-1","totalValue":-10},"service":"prediction-market-api","timestamp":"2026-02-09T14:54:18.127Z"}
{"error":"Buyer not found","level":"error","message":"Failed to execute trade","request":{"buyOrderId":"buy-order-1","buyerFee":0.12,"buyerId":"buyer-1","marketId":"market-1","outcomeId":"outcome-1","price":0.6,"quantity":100,"sellOrderId":"sell-order-1","sellerFee":0.12,"sellerId":"seller-1","totalValue":60},"service":"prediction-market-api","timestamp":"2026-02-09T14:54:18.127Z"}
{"error":"Market is not active","level":"error","message":"Failed to execute trade","request":{"buyOrderId":"buy-order-1","buyerFee":0.12,"buyerId":"buyer-1","marketId":"market-1","outcomeId":"outcome-1","price":0.6,"quantity":100,"sellOrderId":"sell-order-1","sellerFee":0.12,"sellerId":"seller-1","totalValue":60},"service":"prediction-market-api","timestamp":"2026-02-09T14:54:18.128Z"}
{"buyerId":"buyer-1","level":"info","marketId":"market-1","message":"Trade executed successfully","outcomeId":"outcome-1","price":0.6,"quantity":100,"sellerId":"seller-1","service":"prediction-market-api","timestamp":"2026-02-09T14:54:18.128Z","totalValue":60,"tradeId":"trade-1"}
{"error":"User not found","level":"error","message":"Failed to get user balance","service":"prediction-market-api","timestamp":"2026-02-09T14:54:18.130Z","userId":"non-existent"}
{"level":"info","marketId":"market-1","message":"Multiple trades executed successfully","outcomeId":"outcome-1","service":"prediction-market-api","timestamp":"2026-02-09T14:54:18.133Z","totalVolume":46.25,"tradesCount":2}
{"creatorId":"user123","level":"info","marketId":"market123","message":"Market created successfully","outcomesCount":2,"service":"prediction-market-api","timestamp":"2026-02-09T14:54:18.197Z","title":"Will Bitcoin reach $100k by 2024?","type":"binary"}
{"creatorId":"user123","level":"info","marketId":"market456","message":"Market created successfully","outcomesCount":3,"service":"prediction-market-api","timestamp":"2026-02-09T14:54:18.210Z","title":"Who will win the 2024 election?","type":"multi-outcome"}
{"level":"info","marketId":"market123","message":"Market updated successfully","service":"prediction-market-api","timestamp":"2026-02-09T14:54:18.222Z","updaterId":"user123","updates":{"title":"New Title"}}
{"error":"Market not found","level":"error","marketId":"nonexistent","message":"Failed to update market","service":"prediction-market-api","timestamp":"2026-02-09T14:54:18.222Z","updaterId":"user123","updates":{}}
{"error":"Cannot update resolved market","level":"error","marketId":"market123","message":"Failed to update market","service":"prediction-market-api","timestamp":"2026-02-09T14:54:18.223Z","updaterId":"user123","updates":{}}
{"closerId":"user123","level":"info","marketId":"market123","message":"Market closed successfully","previousStatus":"ACTIVE","service":"prediction-market-api","timestamp":"2026-02-09T14:54:18.223Z"}
{"closerId":"user123","error":"Market is not active and cannot be closed","level":"error","marketId":"market123","message":"Failed to close market","service":"prediction-market-api","timestamp":"2026-02-09T14:54:18.224Z"}
{"error":"secret or public key must be provided","level":"warn","message":"WebSocket authentication failed","service":"prediction-market-api","socketId":"wnmN6cGSLV0zoAOhAAAD","timestamp":"2026-02-09T14:54:48.029Z"}
{"isAuthenticated":false,"level":"info","message":"WebSocket client connected","service":"prediction-market-api","socketId":"wnmN6cGSLV0zoAOhAAAD","timestamp":"2026-02-09T14:54:48.031Z","userId":"anonymous"}
{"level":"info","marketId":"test-market-1","message":"Client subscribed to market","service":"prediction-market-api","socketId":"VTNWktUzCeA71c8jAAAB","subscriptionTypes":["all"],"timestamp":"2026-02-09T14:55:18.044Z","userId":"anonymous"}
{"level":"info","marketId":"test-market-2","message":"Client subscribed to market","service":"prediction-market-api","socketId":"VTNWktUzCeA71c8jAAAB","subscriptionTypes":["price_update","trade_executed"],"timestamp":"2026-02-09T14:55:18.048Z","userId":"anonymous"}
{"level":"info","marketId":"test-market-3","message":"Client subscribed to market","service":"prediction-market-api","socketId":"VTNWktUzCeA71c8jAAAB","subscriptionTypes":["all"],"timestamp":"2026-02-09T14:55:48.060Z","userId":"anonymous"}
{"level":"info","message":"Client subscribed to outcome","outcomeId":"test-outcome-1","service":"prediction-market-api","socketId":"VTNWktUzCeA71c8jAAAB","subscriptionTypes":["all"],"timestamp":"2026-02-09T14:56:18.065Z","userId":"anonymous"}
{"level":"info","message":"Client subscribed to outcome","outcomeId":"test-outcome-2","service":"prediction-market-api","socketId":"VTNWktUzCeA71c8jAAAB","subscriptionTypes":["all"],"timestamp":"2026-02-09T14:56:48.074Z","userId":"anonymous"}
{"level":"info","marketId":"test-market-broadcast","message":"Client subscribed to market","service":"prediction-market-api","socketId":"VTNWktUzCeA71c8jAAAB","subscriptionTypes":["all"],"timestamp":"2026-02-09T14:57:18.080Z","userId":"anonymous"}
{"level":"info","message":"Client subscribed to outcome","outcomeId":"test-outcome-broadcast","service":"prediction-market-api","socketId":"VTNWktUzCeA71c8jAAAB","subscriptionTypes":["all"],"timestamp":"2026-02-09T14:57:48.086Z","userId":"anonymous"}
{"level":"info","marketId":"test-market-price","message":"Client subscribed to market","service":"prediction-market-api","socketId":"VTNWktUzCeA71c8jAAAB","subscriptionTypes":["all"],"timestamp":"2026-02-09T14:58:18.096Z","userId":"anonymous"}
{"level":"info","marketId":"test-market-trade","message":"Client subscribed to market","service":"prediction-market-api","socketId":"VTNWktUzCeA71c8jAAAB","subscriptionTypes":["all"],"timestamp":"2026-02-09T14:58:48.099Z","userId":"anonymous"}
{"level":"info","marketId":"test-market-status","message":"Client subscribed to market","service":"prediction-market-api","socketId":"VTNWktUzCeA71c8jAAAB","subscriptionTypes":["all"],"timestamp":"2026-02-09T14:59:18.107Z","userId":"anonymous"}
{"error":"jwt malformed","level":"warn","message":"WebSocket authentication failed","service":"prediction-market-api","socketId":"0uKvbNNAHzy8a2Q_AAAF","timestamp":"2026-02-09T14:59:48.131Z"}
{"isAuthenticated":false,"level":"info","message":"WebSocket client connected","service":"prediction-market-api","socketId":"0uKvbNNAHzy8a2Q_AAAF","timestamp":"2026-02-09T14:59:48.132Z","userId":"anonymous"}
{"level":"info","marketId":"test-market-no-broadcast","message":"Market update broadcasted","service":"prediction-market-api","subscribersCount":0,"timestamp":"2026-02-09T14:59:48.138Z","type":"price_update"}
{"level":"info","marketId":"market-1","message":"Client subscribed to market","service":"prediction-market-api","socketId":"0uKvbNNAHzy8a2Q_AAAF","subscriptionTypes":["price_update","trade_executed"],"timestamp":"2026-02-09T14:59:48.148Z","userId":"anonymous"}
{"level":"info","marketId":"market-2","message":"Client subscribed to market","service":"prediction-market-api","socketId":"0uKvbNNAHzy8a2Q_AAAF","subscriptionTypes":["price_update","trade_executed"],"timestamp":"2026-02-09T14:59:48.148Z","userId":"anonymous"}
{"level":"info","message":"Client subscribed to outcome","outcomeId":"outcome-1","service":"prediction-market-api","socketId":"0uKvbNNAHzy8a2Q_AAAF","subscriptionTypes":["price_update","trade_executed"],"timestamp":"2026-02-09T14:59:48.149Z","userId":"anonymous"}
{"level":"info","marketIds":["market-1","market-2"],"message":"WebSocket subscriptions restored after reconnection","outcomeIds":["outcome-1"],"service":"prediction-market-api","socketId":"0uKvbNNAHzy8a2Q_AAAF","timestamp":"2026-02-09T14:59:48.150Z","userId":"anonymous"}
{"level":"info","message":"WebSocket client disconnected","reason":"client namespace disconnect","service":"prediction-market-api","socketId":"0uKvbNNAHzy8a2Q_AAAF","timestamp":"2026-02-09T14:59:48.152Z","userId":"anonymous"}
{"level":"info","message":"WebSocket client disconnected","reason":"server shutting down","service":"prediction-market-api","socketId":"VTNWktUzCeA71c8jAAAB","timestamp":"2026-02-09T15:00:18.147Z","userId":"anonymous"}
{"level":"info","message":"WebSocket client disconnected","reason":"server shutting down","service":"prediction-market-api","socketId":"wnmN6cGSLV0zoAOhAAAD","timestamp":"2026-02-09T15:00:18.153Z","userId":"anonymous"}
{"buyerId":"buyer-1","level":"info","marketId":"market-1","message":"Trade executed successfully","outcomeId":"outcome-1","price":0.6,"quantity":100,"sellerId":"seller-1","service":"prediction-market-api","timestamp":"2026-02-10T00:10:41.383Z","totalValue":60,"tradeId":"trade-1"}
{"buyerId":"buyer-1","level":"info","marketId":"market-1","message":"Trade executed successfully","outcomeId":"outcome-1","price":0.6,"quantity":100,"sellerId":"seller-1","service":"prediction-market-api","timestamp":"2026-02-10T00:10:41.399Z","totalValue":60,"tradeId":"trade-1"}
{"error":"Market ID and Outcome ID are required","level":"error","message":"Failed to execute trade","request":{"buyOrderId":"buy-order-1","buyerFee":0.12,"buyerId":"buyer-1","marketId":"","outcomeId":"outcome-1","price":0.6,"quantity":100,"sellOrderId":"sell-order-1","sellerFee":0.12,"sellerId":"seller-1","totalValue":60},"service":"prediction-market-api","timestamp":"2026-02-10T00:10:41.403Z"}
{"error":"Buyer ID and Seller ID are required","level":"error","message":"Failed to execute trade","request":{"buyOrderId":"buy-order-1","buyerFee":0.12,"buyerId":"","marketId":"market-1","outcomeId":"outcome-1","price":0.6,"quantity":100,"sellOrderId":"sell-order-1","sellerFee":0.12,"sellerId":"seller-1","totalValue":60},"service":"prediction-market-api","timestamp":"2026-02-10T00:10:41.426Z"}
{"error":"Quantity must be greater than 0","level":"error","message":"Failed to execute trade","request":{"buyOrderId":"buy-order-1","buyerFee":0.12,"buyerId":"buyer-1","marketId":"market-1","outcomeId":"outcome-1","price":0.6,"quantity":0,"sellOrderId":"sell-order-1","sellerFee":0.12,"sellerId":"seller-1","totalValue":60},"service":"prediction-market-api","timestamp":"2026-02-10T00:10:41.435Z"}
{"error":"Price must be between 0 and 1","level":"error","message":"Failed to execute trade","request":{"buyOrderId":"buy-order-1","buyerFee":0.12,"buyerId":"buyer-1","marketId":"market-1","outcomeId":"outcome-1","price":1.5,"quantity":100,"sellOrderId":"sell-order-1","sellerFee":0.12,"sellerId":"seller-1","totalValue":60},"service":"prediction-market-api","timestamp":"2026-02-10T00:10:41.439Z"}
{"error":"Total value must be greater than 0","level":"error","message":"Failed to execute trade","request":{"buyOrderId":"buy-order-1","buyerFee":0.12,"buyerId":"buyer-1","marketId":"market-1","outcomeId":"outcome-1","price":0.6,"quantity":100,"sellOrderId":"sell-order-1","sellerFee":0.12,"sellerId":"seller-1","totalValue":-10},"service":"prediction-market-api","timestamp":"2026-02-10T00:10:41.442Z"}
{"error":"Buyer not found","level":"error","message":"Failed to execute trade","request":{"buyOrderId":"buy-order-1","buyerFee":0.12,"buyerId":"buyer-1","marketId":"market-1","outcomeId":"outcome-1","price":0.6,"quantity":100,"sellOrderId":"sell-order-1","sellerFee":0.12,"sellerId":"seller-1","totalValue":60},"service":"prediction-market-api","timestamp":"2026-02-10T00:10:41.447Z"}
{"error":"Market is not active","level":"error","message":"Failed to execute trade","request":{"buyOrderId":"buy-order-1","buyerFee":0.12,"buyerId":"buyer-1","marketId":"market-1","outcomeId":"outcome-1","price":0.6,"quantity":100,"sellOrderId":"sell-order-1","sellerFee":0.12,"sellerId":"seller-1","totalValue":60},"service":"prediction-market-api","timestamp":"2026-02-10T00:10:41.473Z"}
{"buyerId":"buyer-1","level":"info","marketId":"market-1","message":"Trade executed successfully","outcomeId":"outcome-1","price":0.6,"quantity":100,"sellerId":"seller-1","service":"prediction-market-api","timestamp":"2026-02-10T00:10:41.476Z","totalValue":60,"tradeId":"trade-1"}
{"error":"User not found","level":"error","message":"Failed to get user balance","service":"prediction-market-api","timestamp":"2026-02-10T00:10:41.482Z","userId":"non-existent"}
{"level":"info","marketId":"market-1","message":"Multiple trades executed successfully","outcomeId":"outcome-1","service":"prediction-market-api","timestamp":"2026-02-10T00:10:41.498Z","totalVolume":46.25,"tradesCount":2}
{"bestAsk":null,"bestBid":null,"existingOrders":0,"level":"info","marketId":"market-1","message":"Order book initialized","outcomeId":"outcome-1","service":"prediction-market-api","timestamp":"2026-02-10T00:10:41.448Z"}
{"bestAsk":0.7,"bestBid":0.6,"existingOrders":2,"level":"info","marketId":"market-1","message":"Order book initialized","outcomeId":"outcome-1","service":"prediction-market-api","timestamp":"2026-02-10T00:10:41.504Z"}
{"bestAsk":null,"bestBid":null,"existingOrders":0,"level":"info","marketId":"market-1","message":"Order book initialized","outcomeId":"outcome-1","service":"prediction-market-api","timestamp":"2026-02-10T00:10:41.505Z"}
{"level":"info","marketId":"market-1","message":"Order placed and processed","orderId":"order-1","outcomeId":"outcome-1","price":0.6,"quantity":100,"service":"prediction-market-api","timestamp":"2026-02-10T00:10:41.506Z","tradesExecuted":0,"type":"BUY","userId":"user-1"}
{"bestAsk":null,"bestBid":null,"existingOrders":0,"level":"info","marketId":"market-1","message":"Order book initialized","outcomeId":"outcome-1","service":"prediction-market-api","timestamp":"2026-02-10T00:10:41.510Z"}
{"level":"info","marketId":"market-1","message":"Order placed and processed","orderId":"order-1","outcomeId":"outcome-1","price":0.7,"quantity":50,"service":"prediction-market-api","timestamp":"2026-02-10T00:10:41.514Z","tradesExecuted":0,"type":"SELL","userId":"user-1"}
{"bestAsk":null,"bestBid":null,"existingOrders":0,"level":"info","marketId":"market-1","message":"Order book initialized","outcomeId":"outcome-1","service":"prediction-market-api","timestamp":"2026-02-10T00:10:41.514Z"}
{"level":"info","marketId":"market-1","message":"Order placed and processed","orderId":"sell-order-1","outcomeId":"outcome-1","price":0.6,"quantity":50,"service":"prediction-market-api","timestamp":"2026-02-10T00:10:41.515Z","tradesExecuted":0,"type":"SELL","userId":"user-1"}
{"level":"info","marketId":"market-1","message":"Order placed and processed","orderId":"buy-order-1","outcomeId":"outcome-1","price":0.6,"quantity":30,"service":"prediction-market-api","timestamp":"2026-02-10T00:10:41.515Z","tradesExecuted":1,"type":"BUY","userId":"user-2"}
{"bestAsk":null,"bestBid":null,"existingOrders":0,"level":"info","marketId":"market-1","message":"Order book initialized","outcomeId":"outcome-1","service":"prediction-market-api","timestamp":"2026-02-10T00:10:41.516Z"}
{"level":"info","marketId":"market-1","message":"Order placed and processed","orderId":"sell-order-1","outcomeId":"outcome-1","price":0.6,"quantity":30,"service":"prediction-market-api","timestamp":"2026-02-10T00:10:41.517Z","tradesExecuted":0,"type":"SELL","userId":"user-1"}
{"level":"info","marketId":"market-1","message":"Order placed and processed","orderId":"buy-order-1","outcomeId":"outcome-1","price":0.6,"quantity":50,"service":"prediction-market-api","timestamp":"2026-02-10T00:10:41.518Z","tradesExecuted":1,"type":"BUY","userId":"user-2"}
{"bestAsk":null,"bestBid":null,"existingOrders":0,"level":"info","marketId":"market-1","message":"Order book initialized","outcomeId":"outcome-1","service":"prediction-market-api","timestamp":"2026-02-10T00:10:41.519Z"}
{"level":"info","marketId":"market-1","message":"Order placed and processed","orderId":"sell-order-1","outcomeId":"outcome-1","price":0.7,"quantity":50,"service":"prediction-market-api","timestamp":"2026-02-10T00:10:41.520Z","tradesExecuted":0,"type":"SELL","userId":"user-1"}
{"level":"info","marketId":"market-1","message":"Order placed and processed","orderId":"buy-order-1","outcomeId":"outcome-1","price":0.7,"quantity":30,"service":"prediction-market-api","timestamp":"2026-02-10T00:10:41.521Z","tradesExecuted":1,"type":"BUY","userId":"user-2"}
{"bestAsk":null,"bestBid":null,"existingOrders":0,"level":"info","marketId":"market-1","message":"Order book initialized","outcomeId":"outcome-1","service":"prediction-market-api","timestamp":"2026-02-10T00:10:41.522Z"}
{"error":"User ID is required","level":"error","message":"Failed to place order","request":{"marketId":"market-1","orderType":"LIMIT","outcomeId":"outcome-1","price":0.6,"quantity":100,"type":"BUY"},"service":"prediction-market-api","timestamp":"2026-02-10T00:10:41.523Z"}
{"error":"Order type must be BUY or SELL","level":"error","message":"Failed to place order","request":{"marketId":"market-1","orderType":"LIMIT","outcomeId":"outcome-1","price":0.6,"quantity":100,"type":"INVALID","userId":"user-1"},"service":"prediction-market-api","timestamp":"2026-02-10T00:10:41.540Z"}
{"error":"Quantity must be greater than 0","level":"error","message":"Failed to place order","request":{"marketId":"market-1","orderType":"LIMIT","outcomeId":"outcome-1","price":0.6,"quantity":0,"type":"BUY","userId":"user-1"},"service":"prediction-market-api","timestamp":"2026-02-10T00:10:41.541Z"}
{"error":"Price must be between 0.01 and 0.99","level":"error","message":"Failed to place order","request":{"marketId":"market-1","orderType":"LIMIT","outcomeId":"outcome-1","price":1.5,"quantity":100,"type":"BUY","userId":"user-1"},"service":"prediction-market-api","timestamp":"2026-02-10T00:10:41.541Z"}
{"bestAsk":null,"bestBid":null,"existingOrders":0,"level":"info","marketId":"market-1","message":"Order book initialized","outcomeId":"outcome-1","service":"prediction-market-api","timestamp":"2026-02-10T00:10:41.542Z"}
{"level":"info","marketId":"market-1","message":"Order placed and processed","orderId":"order-1","outcomeId":"outcome-1","price":0.6,"quantity":100,"service":"prediction-market-api","timestamp":"2026-02-10T00:10:41.542Z","tradesExecuted":0,"type":"BUY","userId":"user-1"}
{"level":"info","marketId":"market-1","message":"Order cancelled","orderId":"order-1","outcomeId":"outcome-1","service":"prediction-market-api","timestamp":"2026-02-10T00:10:41.542Z","userId":"user-1"}
{"bestAsk":null,"bestBid":null,"existingOrders":0,"level":"info","marketId":"market-1","message":"Order book initialized","outcomeId":"outcome-1","service":"prediction-market-api","timestamp":"2026-02-10T00:10:41.543Z"}
{"error":"Unauthorized to cancel this order","level":"error","message":"Failed to cancel order","orderId":"order-1","service":"prediction-market-api","timestamp":"2026-02-10T00:10:41.544Z","userId":"user-2"}
{"bestAsk":null,"bestBid":null,"existingOrders":0,"level":"info","marketId":"market-1","message":"Order book initialized","outcomeId":"outcome-1","service":"prediction-market-api","timestamp":"2026-02-10T00:10:41.545Z"}
{"error":"Order cannot be cancelled","level":"error","message":"Failed to cancel order","orderId":"order-1","service":"prediction-market-api","timestamp":"2026-02-10T00:10:41.545Z","userId":"user-1"}
{"bestAsk":null,"bestBid":null,"existingOrders":0,"level":"info","marketId":"market-1","message":"Order book initialized","outcomeId":"outcome-1","service":"prediction-market-api","timestamp":"2026-02-10T00:10:41.545Z"}
{"error":"Order not found","level":"error","message":"Failed to cancel order","orderId":"non-existent","service":"prediction-market-api","timestamp":"2026-02-10T00:10:41.546Z","userId":"user-1"}
{"bestAsk":null,"bestBid":null,"existingOrders":0,"level":"info","marketId":"market-1","message":"Order book initialized","outcomeId":"outcome-1","service":"prediction-market-api","timestamp":"2026-02-10T00:10:41.546Z"}
{"bestAsk":null,"bestBid":null,"existingOrders":0,"level":"info","marketId":"market-1","message":"Order book initialized","outcomeId":"outcome-1","service":"prediction-market-api","timestamp":"2026-02-10T00:10:41.547Z"}
{"level":"info","marketId":"market-1","message":"Order placed and processed","orderId":"order-1","outcomeId":"outcome-1","price":0.6,"quantity":100,"service":"prediction-market-api","timestamp":"2026-02-10T00:10:41.547Z","tradesExecuted":0,"type":"BUY","userId":"user-1"}
{"level":"info","marketId":"market-1","message":"Order placed and processed","orderId":"order-2","outcomeId":"outcome-1","price":0.55,"quantity":50,"service":"prediction-market-api","timestamp":"2026-02-10T00:10:41.547Z","tradesExecuted":0,"type":"BUY","userId":"user-1"}
{"level":"info","marketId":"market-1","message":"Order placed and processed","orderId":"order-3","outcomeId":"outcome-1","price":0.65,"quantity":75,"service":"prediction-market-api","timestamp":"2026-02-10T00:10:41.548Z","tradesExecuted":0,"type":"SELL","userId":"user-2"}
{"bestAsk":null,"bestBid":null,"existingOrders":0,"level":"info","marketId":"market-1","message":"Order book initialized","outcomeId":"outcome-1","service":"prediction-market-api","timestamp":"2026-02-10T00:10:41.558Z"}
{"level":"info","marketId":"market-1","message":"Order placed and processed","orderId":"order-1","outcomeId":"outcome-1","price":0.5,"quantity":10,"service":"prediction-market-api","timestamp":"2026-02-10T00:10:41.558Z","tradesExecuted":0,"type":"BUY","userId":"user-1"}
{"level":"info","marketId":"market-1","message":"Order placed and processed","orderId":"order-2","outcomeId":"outcome-1","price":0.49,"quantity":10,"service":"prediction-market-api","timestamp":"2026-02-10T00:10:41.559Z","tradesExecuted":0,"type":"BUY","userId":"user-1"}
{"level":"info","marketId":"market-1","message":"Order placed and processed","orderId":"order-3","outcomeId":"outcome-1","price":0.48,"quantity":10,"service":"prediction-market-api","timestamp":"2026-02-10T00:10:41.559Z","tradesExecuted":0,"type":"BUY","userId":"user-1"}
{"level":"info","marketId":"market-1","message":"Order placed and processed","orderId":"order-4","outcomeId":"outcome-1","price":0.47,"quantity":10,"service":"prediction-market-api","timestamp":"2026-02-10T00:10:41.559Z","tradesExecuted":0,"type":"BUY","userId":"user-1"}
{"level":"info","marketId":"market-1","message":"Order placed and processed","orderId":"order-5","outcomeId":"outcome-1","price":0.46,"quantity":10,"service":"prediction-market-api","timestamp":"2026-02-10T00:10:41.559Z","tradesExecuted":0,"type":"BUY","userId":"user-1"}
{"level":"info","marketId":"market-1","message":"Order placed and processed","orderId":"order-6","outcomeId":"outcome-1","price":0.45,"quantity":10,"service":"prediction-market-api","timestamp":"2026-02-10T00:10:41.559Z","tradesExecuted":0,"type":"BUY","userId":"user-1"}
{"level":"info","marketId":"market-1","message":"Order placed and processed","orderId":"order-7","outcomeId":"outcome-1","price":0.44,"quantity":10,"service":"prediction-market-api","timestamp":"2026-02-10T00:10:41.560Z","tradesExecuted":0,"type":"BUY","userId":"user-1"}
{"level":"info","marketId":"market-1","message":"Order placed and processed","orderId":"order-8","outcomeId":"outcome-1","price":0.43,"quantity":10,"service":"prediction-market-api","timestamp":"2026-02-10T00:10:41.560Z","tradesExecuted":0,"type":"BUY","userId":"user-1"}
{"level":"info","marketId":"market-1","message":"Order placed and processed","orderId":"order-9","outcomeId":"outcome-1","price":0.42,"quantity":10,"service":"prediction-market-api","timestamp":"2026-02-10T00:10:41.560Z","tradesExecuted":0,"type":"BUY","userId":"user-1"}
{"level":"info","marketId":"market-1","message":"Order placed and processed","orderId":"order-10","outcomeId":"outcome-1","price":0.41000000000000003,"quantity":10,"service":"prediction-market-api","timestamp":"2026-02-10T00:10:41.560Z","tradesExecuted":0,"type":"BUY","userId":"user-1"}
{"level":"info","marketId":"market-1","message":"Order placed and processed","orderId":"order-11","outcomeId":"outcome-1","price":0.4,"quantity":10,"service":"prediction-market-api","timestamp":"2026-02-10T00:10:41.560Z","tradesExecuted":0,"type":"BUY","userId":"user-1"}
{"level":"info","marketId":"market-1","message":"Order placed and processed","orderId":"order-12","outcomeId":"outcome-1","price":0.39,"quantity":10,"service":"prediction-market-api","timestamp":"2026-02-10T00:10:41.560Z","tradesExecuted":0,"type":"BUY","userId":"user-1"}
{"level":"info","marketId":"market-1","message":"Order placed and processed","orderId":"order-13","outcomeId":"outcome-1","price":0.38,"quantity":10,"service":"prediction-market-api","timestamp":"2026-02-10T00:10:41.560Z","tradesExecuted":0,"type":"BUY","userId":"user-1"}
{"level":"info","marketId":"market-1","message":"Order placed and processed","orderId":"order-14","outcomeId":"outcome-1","price":0.37,"quantity":10,"service":"prediction-market-api","timestamp":"2026-02-10T00:10:41.561Z","tradesExecuted":0,"type":"BUY","userId":"user-1"}
{"level":"info","marketId":"market-1","message":"Order placed and processed","orderId":"order-15","outcomeId":"outcome-1","price":0.36,"quantity":10,"service":"prediction-market-api","timestamp":"2026-02-10T00:10:41.561Z","tradesExecuted":0,"type":"BUY","userId":"user-1"}
{"bestAsk":null,"bestBid":null,"existingOrders":0,"level":"info","marketId":"market-1","message":"Order book initialized","outcomeId":"outcome-1","service":"prediction-market-api","timestamp":"2026-02-10T00:10:41.561Z"}
{"level":"info","marketId":"market-1","message":"Order placed and processed","orderId":"order-1","outcomeId":"outcome-1","price":0.55,"quantity":100,"service":"prediction-market-api","timestamp":"2026-02-10T00:10:41.561Z","tradesExecuted":0,"type":"BUY","userId":"user-1"}
{"level":"info","marketId":"market-1","message":"Order placed and processed","orderId":"order-2","outcomeId":"outcome-1","price":0.6,"quantity":100,"service":"prediction-market-api","timestamp":"2026-02-10T00:10:41.561Z","tradesExecuted":0,"type":"BUY","userId":"user-2"}
{"level":"info","marketId":"market-1","message":"Order placed and processed","orderId":"order-3","outcomeId":"outcome-1","price":0.5,"quantity":100,"service":"prediction-market-api","timestamp":"2026-02-10T00:10:41.562Z","tradesExecuted":0,"type":"BUY","userId":"user-1"}
{"bestAsk":null,"bestBid":null,"existingOrders":0,"level":"info","marketId":"market-1","message":"Order book initialized","outcomeId":"outcome-1","service":"prediction-market-api","timestamp":"2026-02-10T00:10:41.562Z"}
{"level":"info","marketId":"market-1","message":"Order placed and processed","orderId":"order-1","outcomeId":"outcome-1","price":0.6,"quantity":100,"service":"prediction-market-api","timestamp":"2026-02-10T00:10:41.562Z","tradesExecuted":0,"type":"BUY","userId":"user-1"}
{"level":"info","marketId":"market-1","message":"Order placed and processed","orderId":"order-2","outcomeId":"outcome-1","price":0.6,"quantity":100,"service":"prediction-market-api","timestamp":"2026-02-10T00:10:41.562Z","tradesExecuted":0,"type":"BUY","userId":"user-2"}
{"level":"info","marketId":"market-1","message":"Order placed and processed","orderId":"order-3","outcomeId":"outcome-1","price":0.6,"quantity":100,"service":"prediction-market-api","timestamp":"2026-02-10T00:10:41.562Z","tradesExecuted":0,"type":"BUY","userId":"user-1"}
{"bestAsk":null,"bestBid":null,"existingOrders":0,"level":"info","marketId":"market-1","message":"Order book initialized","outcomeId":"outcome-1","service":"prediction-market-api","timestamp":"2026-02-10T00:10:41.563Z"}
{"level":"info","marketId":"market-1","message":"Order placed and processed","orderId":"sell-order-1","outcomeId":"outcome-1","price":0.6,"quantity":100,"service":"prediction-market-api","timestamp":"2026-02-10T00:10:41.563Z","tradesExecuted":0,"type":"SELL","userId":"user-1"}
{"level":"info","marketId":"market-1","message":"Order placed and processed","orderId":"buy-order-1","outcomeId":"outcome-1","price":0.6,"quantity":50,"service":"prediction-market-api","timestamp":"2026-02-10T00:10:41.563Z","tradesExecuted":1,"type":"BUY","userId":"user-2"}
{"creatorId":"user123","level":"info","marketId":"market123","message":"Market created successfully","outcomesCount":2,"service":"prediction-market-api","timestamp":"2026-02-10T00:10:41.534Z","title":"Will Bitcoin reach $100k by 2024?","type":"binary"}
{"creatorId":"user123","level":"info","marketId":"market456","message":"Market created successfully","outcomesCount":3,"service":"prediction-market-api","timestamp":"2026-02-10T00:10:41.558Z","title":"Who will win the 2024 election?","type":"multi-outcome"}
{"level":"info","marketId":"market123","message":"Market updated successfully","service":"prediction-market-api","timestamp":"2026-02-10T00:10:41.576Z","updaterId":"user123","updates":{"title":"New Title"}}
{"error":"Market not found","level":"error","marketId":"nonexistent","message":"Failed to update market","service":"prediction-market-api","timestamp":"2026-02-10T00:10:41.577Z","updaterId":"user123","updates":{}}
{"error":"Cannot update resolved market","level":"error","marketId":"market123","message":"Failed to update market","service":"prediction-market-api","timestamp":"2026-02-10T00:10:41.577Z","updaterId":"user123","updates":{}}
{"closerId":"user123","level":"info","marketId":"market123","message":"Market closed successfully","previousStatus":"ACTIVE","service":"prediction-market-api","timestamp":"2026-02-10T00:10:41.578Z"}
{"closerId":"user123","error":"Market is not active and cannot be closed","level":"error","marketId":"market123","message":"Failed to close market","service":"prediction-market-api","timestamp":"2026-02-10T00:10:41.579Z"}
{"error":"Invalid token","ip":"127.0.0.1","level":"warn","message":"Authentication failed","service":"prediction-market-api","timestamp":"2026-02-10T00:10:41.581Z"}
{"ip":"127.0.0.1","level":"warn","message":"Admin access denied","method":"GET","path":"/test","roles":["user"],"service":"prediction-market-api","timestamp":"2026-02-10T00:10:41.595Z"}
{"ip":"127.0.0.1","level":"warn","message":"Permission denied","method":"GET","path":"/test","requiredPermission":"create_market","roles":["user"],"service":"prediction-market-api","timestamp":"2026-02-10T00:10:41.601Z"}
{"ip":"127.0.0.1","level":"warn","message":"Role access denied","method":"GET","path":"/test","requiredRoles":["moderator","admin"],"service":"prediction-market-api","timestamp":"2026-02-10T00:10:41.602Z","userRoles":["user"]}
{"field":"userId","ip":"127.0.0.1","level":"warn","message":"Ownership access denied","method":"GET","path":"/test","resourceUserId":"user456","service":"prediction-market-api","timestamp":"2026-02-10T00:10:41.605Z","userId":"user123"}
{"isAuthenticated":false,"level":"info","message":"WebSocket client connected","service":"prediction-market-api","socketId":"v_27fDXTxZJHZZihAAAB","timestamp":"2026-02-10T00:10:41.625Z","userId":"anonymous"}
{"level":"info","message":"Generated nonce for wallet authentication","nonce":"gmycqwzpjeg","service":"prediction-market-api","timestamp":"2026-02-10T00:10:41.713Z","walletAddress":"0x1234567890123456789012345678901234567890"}
{"level":"info","message":"Wallet authentication successful","service":"prediction-market-api","timestamp":"2026-02-10T00:10:41.724Z","userId":"user-1","walletAddress":"0xeeb912911dcb34ba9ba4ab9e5894fa6fca117d94"}
{"level":"info","message":"Created new user from wallet authentication","service":"prediction-market-api","timestamp":"2026-02-10T00:10:41.729Z","userId":"user-new","walletAddress":"0xeeb912911dcb34ba9ba4ab9e5894fa6fca117d94"}
{"level":"info","message":"Wallet authentication successful","service":"prediction-market-api","timestamp":"2026-02-10T00:10:41.730Z","userId":"user-new","walletAddress":"0xeeb912911dcb34ba9ba4ab9e5894fa6fca117d94"}
{"error":"Invalid or expired nonce","level":"error","message":"Wallet authentication failed","service":"prediction-market-api","timestamp":"2026-02-10T00:10:41.731Z","walletAddress":"0xeeb912911dcb34ba9ba4ab9e5894fa6fca117d94"}
{"error":"invalid raw signature length (argument=\"signature\", value=\"0x1234567890abcdef\", code=INVALID_ARGUMENT, version=6.16.0)","level":"error","message":"Wallet authentication failed","service":"prediction-market-api","timestamp":"2026-02-10T00:10:41.732Z","walletAddress":"0xeeb912911dcb34ba9ba4ab9e5894fa6fca117d94"}
{"error":"Invalid signature","level":"error","message":"Wallet authentication failed","service":"prediction-market-api","timestamp":"2026-02-10T00:10:41.749Z","walletAddress":"0xeeb912911dcb34ba9ba4ab9e5894fa6fca117d94"}
{"error":"invalid token","level":"warn","message":"Token validation failed","service":"prediction-market-api","timestamp":"2026-02-10T00:10:41.752Z"}
{"error":"User not found","level":"warn","message":"Token validation failed","service":"prediction-market-api","timestamp":"2026-02-10T00:10:41.754Z"}
{"level":"info","message":"Token refresh successful","service":"prediction-market-api","timestamp":"2026-02-10T00:10:41.756Z","userId":"user-1","walletAddress":"0x1234567890123456789012345678901234567890"}
{"error":"invalid token","level":"error","message":"Token refresh failed","service":"prediction-market-api","timestamp":"2026-02-10T00:10:41.756Z"}
{"error":"Invalid refresh token","level":"error","message":"Token refresh failed","service":"prediction-market-api","timestamp":"2026-02-10T00:10:41.758Z"}
{"level":"info","message":"Token revoked successfully","service":"prediction-market-api","timestamp":"2026-02-10T00:10:41.759Z","userId":"user-1","walletAddress":"0x1234567890123456789012345678901234567890"}
{"error":"invalid token","level":"warn","message":"Token revocation failed","service":"prediction-market-api","timestamp":"2026-02-10T00:10:41.759Z"}
{"level":"info","message":"Cleared user sessions","service":"prediction-market-api","timestamp":"2026-02-10T00:10:41.760Z","userId":"user-1"}
{"error":"secret or public key must be provided","level":"warn","message":"WebSocket authentication failed","service":"prediction-market-api","socketId":"j3C8vNF52YopceiDAAAD","timestamp":"2026-02-10T00:11:11.623Z"}
{"isAuthenticated":false,"level":"info","message":"WebSocket client connected","service":"prediction-market-api","socketId":"j3C8vNF52YopceiDAAAD","timestamp":"2026-02-10T00:11:11.624Z","userId":"anonymous"}
{"level":"info","message":"WebSocket client disconnected","reason":"transport close","service":"prediction-market-api","socketId":"j3C8vNF52YopceiDAAAD","timestamp":"2026-02-10T00:12:13.805Z","userId":"anonymous"}
{"level":"info","message":"WebSocket client disconnected","reason":"transport close","service":"prediction-market-api","socketId":"v_27fDXTxZJHZZihAAAB","timestamp":"2026-02-10T00:12:13.813Z","userId":"anonymous"}
{"error":"secret or public key must be provided","level":"warn","message":"WebSocket authentication failed","service":"prediction-market-api","socketId":"hOcBXnSF2l0dAMF3AAAF","timestamp":"2026-02-10T00:12:14.673Z"}
{"isAuthenticated":false,"level":"info","message":"WebSocket client connected","service":"prediction-market-api","socketId":"hOcBXnSF2l0dAMF3AAAF","timestamp":"2026-02-10T00:12:14.674Z","userId":"anonymous"}
{"isAuthenticated":false,"level":"info","message":"WebSocket client connected","service":"prediction-market-api","socketId":"GVTBRpKR9jjSfTo0AAAH","timestamp":"2026-02-10T00:12:14.693Z","userId":"anonymous"}
{"level":"info","marketId":"test-market-1","message":"Client subscribed to market","service":"prediction-market-api","socketId":"GVTBRpKR9jjSfTo0AAAH","subscriptionTypes":["all"],"timestamp":"2026-02-10T00:12:14.703Z","userId":"anonymous"}
{"level":"info","marketId":"test-market-2","message":"Client subscribed to market","service":"prediction-market-api","socketId":"GVTBRpKR9jjSfTo0AAAH","subscriptionTypes":["price_update","trade_executed"],"timestamp":"2026-02-10T00:12:14.706Z","userId":"anonymous"}
{"level":"info","message":"WebSocket client disconnected","reason":"transport close","service":"prediction-market-api","socketId":"GVTBRpKR9jjSfTo0AAAH","timestamp":"2026-02-10T00:28:34.356Z","userId":"anonymous"}
{"level":"info","message":"WebSocket client disconnected","reason":"transport close","service":"prediction-market-api","socketId":"hOcBXnSF2l0dAMF3AAAF","timestamp":"2026-02-10T00:28:34.361Z","userId":"anonymous"}
{"isAuthenticated":false,"level":"info","message":"WebSocket client connected","service":"prediction-market-api","socketId":"f3lXiNVsXh6AELO5AAAJ","timestamp":"2026-02-10T00:28:35.640Z","userId":"anonymous"}
{"level":"info","marketId":"test-market-3","message":"Client subscribed to market","service":"prediction-market-api","socketId":"f3lXiNVsXh6AELO5AAAJ","subscriptionTypes":["all"],"timestamp":"2026-02-10T00:28:35.647Z","userId":"anonymous"}
{"error":"secret or public key must be provided","level":"warn","message":"WebSocket authentication failed","service":"prediction-market-api","socketId":"-JhaNcVGqVUikDbQAAAL","timestamp":"2026-02-10T00:28:35.654Z"}
{"isAuthenticated":false,"level":"info","message":"WebSocket client connected","service":"prediction-market-api","socketId":"-JhaNcVGqVUikDbQAAAL","timestamp":"2026-02-10T00:28:35.654Z","userId":"anonymous"}
{"level":"info","message":"WebSocket client disconnected","reason":"transport close","service":"prediction-market-api","socketId":"-JhaNcVGqVUikDbQAAAL","timestamp":"2026-02-10T00:40:39.950Z","userId":"anonymous"}
{"level":"info","message":"WebSocket client disconnected","reason":"transport close","service":"prediction-market-api","socketId":"f3lXiNVsXh6AELO5AAAJ","timestamp":"2026-02-10T00:40:39.959Z","userId":"anonymous"}
{"error":"secret or public key must be provided","level":"warn","message":"WebSocket authentication failed","service":"prediction-market-api","socketId":"5qU3UFgEL68UebabAAAN","timestamp":"2026-02-10T00:40:40.559Z"}
{"isAuthenticated":false,"level":"info","message":"WebSocket client connected","service":"prediction-market-api","socketId":"5qU3UFgEL68UebabAAAN","timestamp":"2026-02-10T00:40:40.560Z","userId":"anonymous"}
{"isAuthenticated":false,"level":"info","message":"WebSocket client connected","service":"prediction-market-api","socketId":"oo9oBdygQmW7j-geAAAP","timestamp":"2026-02-10T00:40:41.350Z","userId":"anonymous"}
{"level":"info","message":"Client subscribed to outcome","outcomeId":"test-outcome-1","service":"prediction-market-api","socketId":"oo9oBdygQmW7j-geAAAP","subscriptionTypes":["all"],"timestamp":"2026-02-10T00:40:41.359Z","userId":"anonymous"}
{"level":"info","message":"Client subscribed to outcome","outcomeId":"test-outcome-2","service":"prediction-market-api","socketId":"oo9oBdygQmW7j-geAAAP","subscriptionTypes":["all"],"timestamp":"2026-02-10T00:41:09.951Z","userId":"anonymous"}
{"level":"info","marketId":"test-market-broadcast","message":"Client subscribed to market","service":"prediction-market-api","socketId":"oo9oBdygQmW7j-geAAAP","subscriptionTypes":["all"],"timestamp":"2026-02-10T00:41:39.982Z","userId":"anonymous"}
{"level":"info","message":"Client subscribed to outcome","outcomeId":"test-outcome-broadcast","service":"prediction-market-api","socketId":"oo9oBdygQmW7j-geAAAP","subscriptionTypes":["all"],"timestamp":"2026-02-10T00:42:09.974Z","userId":"anonymous"}
{"level":"info","marketId":"test-market-price","message":"Client subscribed to market","service":"prediction-market-api","socketId":"oo9oBdygQmW7j-geAAAP","subscriptionTypes":["all"],"timestamp":"2026-02-10T00:42:39.981Z","userId":"anonymous"}
{"level":"info","marketId":"test-market-trade","message":"Client subscribed to market","service":"prediction-market-api","socketId":"oo9oBdygQmW7j-geAAAP","subscriptionTypes":["all"],"timestamp":"2026-02-10T00:43:09.986Z","userId":"anonymous"}
{"level":"info","marketId":"test-market-status","message":"Client subscribed to market","service":"prediction-market-api","socketId":"oo9oBdygQmW7j-geAAAP","subscriptionTypes":["all"],"timestamp":"2026-02-10T00:43:39.987Z","userId":"anonymous"}
{"error":"jwt malformed","level":"warn","message":"WebSocket authentication failed","service":"prediction-market-api","socketId":"dKbnGH7ZHoCxJoMIAAAR","timestamp":"2026-02-10T00:44:10.007Z"}
{"isAuthenticated":false,"level":"info","message":"WebSocket client connected","service":"prediction-market-api","socketId":"dKbnGH7ZHoCxJoMIAAAR","timestamp":"2026-02-10T00:44:10.008Z","userId":"anonymous"}
{"level":"info","marketId":"test-market-no-broadcast","message":"Market update broadcasted","service":"prediction-market-api","subscribersCount":0,"timestamp":"2026-02-10T00:44:10.016Z","type":"price_update"}
{"level":"info","marketId":"market-1","message":"Client subscribed to market","service":"prediction-market-api","socketId":"dKbnGH7ZHoCxJoMIAAAR","subscriptionTypes":["price_update","trade_executed"],"timestamp":"2026-02-10T00:44:10.026Z","userId":"anonymous"}
{"level":"info","marketId":"market-2","message":"Client subscribed to market","service":"prediction-market-api","socketId":"dKbnGH7ZHoCxJoMIAAAR","subscriptionTypes":["price_update","trade_executed"],"timestamp":"2026-02-10T00:44:10.027Z","userId":"anonymous"}
{"level":"info","message":"Client subscribed to outcome","outcomeId":"outcome-1","service":"prediction-market-api","socketId":"dKbnGH7ZHoCxJoMIAAAR","subscriptionTypes":["price_update","trade_executed"],"timestamp":"2026-02-10T00:44:10.027Z","userId":"anonymous"}
{"level":"info","marketIds":["market-1","market-2"],"message":"WebSocket subscriptions restored after reconnection","outcomeIds":["outcome-1"],"service":"prediction-market-api","socketId":"dKbnGH7ZHoCxJoMIAAAR","timestamp":"2026-02-10T00:44:10.028Z","userId":"anonymous"}
{"level":"info","message":"WebSocket client disconnected","reason":"client namespace disconnect","service":"prediction-market-api","socketId":"dKbnGH7ZHoCxJoMIAAAR","timestamp":"2026-02-10T00:44:10.028Z","userId":"anonymous"}
{"level":"info","message":"WebSocket client disconnected","reason":"server shutting down","service":"prediction-market-api","socketId":"5qU3UFgEL68UebabAAAN","timestamp":"2026-02-10T00:44:40.032Z","userId":"anonymous"}
{"level":"info","message":"WebSocket client disconnected","reason":"server shutting down","service":"prediction-market-api","socketId":"oo9oBdygQmW7j-geAAAP","timestamp":"2026-02-10T00:44:40.039Z","userId":"anonymous"}
{"error":"Invalid token","ip":"127.0.0.1","level":"warn","message":"Authentication failed","service":"prediction-market-api","timestamp":"2026-02-10T05:23:25.401Z"}
{"ip":"127.0.0.1","level":"warn","message":"Admin access denied","method":"GET","path":"/test","roles":["user"],"service":"prediction-market-api","timestamp":"2026-02-10T05:23:25.467Z"}
{"ip":"127.0.0.1","level":"warn","message":"Permission denied","method":"GET","path":"/test","requiredPermission":"create_market","roles":["user"],"service":"prediction-market-api","timestamp":"2026-02-10T05:23:25.479Z"}
{"ip":"127.0.0.1","level":"warn","message":"Role access denied","method":"GET","path":"/test","requiredRoles":["moderator","admin"],"service":"prediction-market-api","timestamp":"2026-02-10T05:23:25.497Z","userRoles":["user"]}
{"field":"userId","ip":"127.0.0.1","level":"warn","message":"Ownership access denied","method":"GET","path":"/test","resourceUserId":"user456","service":"prediction-market-api","timestamp":"2026-02-10T05:23:25.505Z","userId":"user123"}
{"bestAsk":null,"bestBid":null,"existingOrders":0,"level":"info","marketId":"market-1","message":"Order book initialized","outcomeId":"outcome-1","service":"prediction-market-api","timestamp":"2026-02-10T05:23:25.450Z"}
{"bestAsk":0.7,"bestBid":0.6,"existingOrders":2,"level":"info","marketId":"market-1","message":"Order book initialized","outcomeId":"outcome-1","service":"prediction-market-api","timestamp":"2026-02-10T05:23:25.468Z"}
{"bestAsk":null,"bestBid":null,"existingOrders":0,"level":"info","marketId":"market-1","message":"Order book initialized","outcomeId":"outcome-1","service":"prediction-market-api","timestamp":"2026-02-10T05:23:25.470Z"}
{"level":"info","marketId":"market-1","message":"Order placed and processed","orderId":"order-1","outcomeId":"outcome-1","price":0.6,"quantity":100,"service":"prediction-market-api","timestamp":"2026-02-10T05:23:25.470Z","tradesExecuted":0,"type":"BUY","userId":"user-1"}
{"bestAsk":null,"bestBid":null,"existingOrders":0,"level":"info","marketId":"market-1","message":"Order book initialized","outcomeId":"outcome-1","service":"prediction-market-api","timestamp":"2026-02-10T05:23:25.476Z"}
{"level":"info","marketId":"market-1","message":"Order placed and processed","orderId":"order-1","outcomeId":"outcome-1","price":0.7,"quantity":50,"service":"prediction-market-api","timestamp":"2026-02-10T05:23:25.480Z","tradesExecuted":0,"type":"SELL","userId":"user-1"}
{"bestAsk":null,"bestBid":null,"existingOrders":0,"level":"info","marketId":"market-1","message":"Order book initialized","outcomeId":"outcome-1","service":"prediction-market-api","timestamp":"2026-02-10T05:23:25.480Z"}
{"level":"info","marketId":"market-1","message":"Order placed and processed","orderId":"sell-order-1","outcomeId":"outcome-1","price":0.6,"quantity":50,"service":"prediction-market-api","timestamp":"2026-02-10T05:23:25.481Z","tradesExecuted":0,"type":"SELL","userId":"user-1"}
{"level":"info","marketId":"market-1","message":"Order placed and processed","orderId":"buy-order-1","outcomeId":"outcome-1","price":0.6,"quantity":30,"service":"prediction-market-api","timestamp":"2026-02-10T05:23:25.481Z","tradesExecuted":1,"type":"BUY","userId":"user-2"}
{"bestAsk":null,"bestBid":null,"existingOrders":0,"level":"info","marketId":"market-1","message":"Order book initialized","outcomeId":"outcome-1","service":"prediction-market-api","timestamp":"2026-02-10T05:23:25.482Z"}
{"level":"info","marketId":"market-1","message":"Order placed and processed","orderId":"sell-order-1","outcomeId":"outcome-1","price":0.6,"quantity":30,"service":"prediction-market-api","timestamp":"2026-02-10T05:23:25.482Z","tradesExecuted":0,"type":"SELL","userId":"user-1"}
{"level":"info","marketId":"market-1","message":"Order placed and processed","orderId":"buy-order-1","outcomeId":"outcome-1","price":0.6,"quantity":50,"service":"prediction-market-api","timestamp":"2026-02-10T05:23:25.483Z","tradesExecuted":1,"type":"BUY","userId":"user-2"}
{"bestAsk":null,"bestBid":null,"existingOrders":0,"level":"info","marketId":"market-1","message":"Order book initialized","outcomeId":"outcome-1","service":"prediction-market-api","timestamp":"2026-02-10T05:23:25.483Z"}
{"level":"info","marketId":"market-1","message":"Order placed and processed","orderId":"sell-order-1","outcomeId":"outcome-1","price":0.7,"quantity":50,"service":"prediction-market-api","timestamp":"2026-02-10T05:23:25.483Z","tradesExecuted":0,"type":"SELL","userId":"user-1"}
{"level":"info","marketId":"market-1","message":"Order placed and processed","orderId":"buy-order-1","outcomeId":"outcome-1","price":0.7,"quantity":30,"service":"prediction-market-api","timestamp":"2026-02-10T05:23:25.483Z","tradesExecuted":1,"type":"BUY","userId":"user-2"}
{"bestAsk":null,"bestBid":null,"existingOrders":0,"level":"info","marketId":"market-1","message":"Order book initialized","outcomeId":"outcome-1","service":"prediction-market-api","timestamp":"2026-02-10T05:23:25.484Z"}
{"error":"User ID is required","level":"error","message":"Failed to place order","request":{"marketId":"market-1","orderType":"LIMIT","outcomeId":"outcome-1","price":0.6,"quantity":100,"type":"BUY"},"service":"prediction-market-api","timestamp":"2026-02-10T05:23:25.484Z"}
{"error":"Order type must be BUY or SELL","level":"error","message":"Failed to place order","request":{"marketId":"market-1","orderType":"LIMIT","outcomeId":"outcome-1","price":0.6,"quantity":100,"type":"INVALID","userId":"user-1"},"service":"prediction-market-api","timestamp":"2026-02-10T05:23:25.497Z"}
{"error":"Quantity must be greater than 0","level":"error","message":"Failed to place order","request":{"marketId":"market-1","orderType":"LIMIT","outcomeId":"outcome-1","price":0.6,"quantity":0,"type":"BUY","userId":"user-1"},"service":"prediction-market-api","timestamp":"2026-02-10T05:23:25.498Z"}
{"error":"Price must be between 0.01 and 0.99","level":"error","message":"Failed to place order","request":{"marketId":"market-1","orderType":"LIMIT","outcomeId":"outcome-1","price":1.5,"quantity":100,"type":"BUY","userId":"user-1"},"service":"prediction-market-api","timestamp":"2026-02-10T05:23:25.498Z"}
{"bestAsk":null,"bestBid":null,"existingOrders":0,"level":"info","marketId":"market-1","message":"Order book initialized","outcomeId":"outcome-1","service":"prediction-market-api","timestamp":"2026-02-10T05:23:25.499Z"}
{"level":"info","marketId":"market-1","message":"Order placed and processed","orderId":"order-1","outcomeId":"outcome-1","price":0.6,"quantity":100,"service":"prediction-market-api","timestamp":"2026-02-10T05:23:25.499Z","tradesExecuted":0,"type":"BUY","userId":"user-1"}
{"level":"info","marketId":"market-1","message":"Order cancelled","orderId":"order-1","outcomeId":"outcome-1","service":"prediction-market-api","timestamp":"2026-02-10T05:23:25.499Z","userId":"user-1"}
{"bestAsk":null,"bestBid":null,"existingOrders":0,"level":"info","marketId":"market-1","message":"Order book initialized","outcomeId":"outcome-1","service":"prediction-market-api","timestamp":"2026-02-10T05:23:25.500Z"}
{"error":"Unauthorized to cancel this order","level":"error","message":"Failed to cancel order","orderId":"order-1","service":"prediction-market-api","timestamp":"2026-02-10T05:23:25.500Z","userId":"user-2"}
{"bestAsk":null,"bestBid":null,"existingOrders":0,"level":"info","marketId":"market-1","message":"Order book initialized","outcomeId":"outcome-1","service":"prediction-market-api","timestamp":"2026-02-10T05:23:25.502Z"}
{"error":"Order cannot be cancelled","level":"error","message":"Failed to cancel order","orderId":"order-1","service":"prediction-market-api","timestamp":"2026-02-10T05:23:25.503Z","userId":"user-1"}
{"bestAsk":null,"bestBid":null,"existingOrders":0,"level":"info","marketId":"market-1","message":"Order book initialized","outcomeId":"outcome-1","service":"prediction-market-api","timestamp":"2026-02-10T05:23:25.512Z"}
{"error":"Order not found","level":"error","message":"Failed to cancel order","orderId":"non-existent","service":"prediction-market-api","timestamp":"2026-02-10T05:23:25.512Z","userId":"user-1"}
{"bestAsk":null,"bestBid":null,"existingOrders":0,"level":"info","marketId":"market-1","message":"Order book initialized","outcomeId":"outcome-1","service":"prediction-market-api","timestamp":"2026-02-10T05:23:25.515Z"}
{"bestAsk":null,"bestBid":null,"existingOrders":0,"level":"info","marketId":"market-1","message":"Order book initialized","outcomeId":"outcome-1","service":"prediction-market-api","timestamp":"2026-02-10T05:23:25.515Z"}
{"level":"info","marketId":"market-1","message":"Order placed and processed","orderId":"order-1","outcomeId":"outcome-1","price":0.6,"quantity":100,"service":"prediction-market-api","timestamp":"2026-02-10T05:23:25.515Z","tradesExecuted":0,"type":"BUY","userId":"user-1"}
{"level":"info","marketId":"market-1","message":"Order placed and processed","orderId":"order-2","outcomeId":"outcome-1","price":0.55,"quantity":50,"service":"prediction-market-api","timestamp":"2026-02-10T05:23:25.516Z","tradesExecuted":0,"type":"BUY","userId":"user-1"}
{"level":"info","marketId":"market-1","message":"Order placed and processed","orderId":"order-3","outcomeId":"outcome-1","price":0.65,"quantity":75,"service":"prediction-market-api","timestamp":"2026-02-10T05:23:25.516Z","tradesExecuted":0,"type":"SELL","userId":"user-2"}
{"bestAsk":null,"bestBid":null,"existingOrders":0,"level":"info","marketId":"market-1","message":"Order book initialized","outcomeId":"outcome-1","service":"prediction-market-api","timestamp":"2026-02-10T05:23:25.520Z"}
{"level":"info","marketId":"market-1","message":"Order placed and processed","orderId":"order-1","outcomeId":"outcome-1","price":0.5,"quantity":10,"service":"prediction-market-api","timestamp":"2026-02-10T05:23:25.521Z","tradesExecuted":0,"type":"BUY","userId":"user-1"}
{"level":"info","marketId":"market-1","message":"Order placed and processed","orderId":"order-2","outcomeId":"outcome-1","price":0.49,"quantity":10,"service":"prediction-market-api","timestamp":"2026-02-10T05:23:25.521Z","tradesExecuted":0,"type":"BUY","userId":"user-1"}
{"level":"info","marketId":"market-1","message":"Order placed and processed","orderId":"order-3","outcomeId":"outcome-1","price":0.48,"quantity":10,"service":"prediction-market-api","timestamp":"2026-02-10T05:23:25.522Z","tradesExecuted":0,"type":"BUY","userId":"user-1"}
{"level":"info","marketId":"market-1","message":"Order placed and processed","orderId":"order-4","outcomeId":"outcome-1","price":0.47,"quantity":10,"service":"prediction-market-api","timestamp":"2026-02-10T05:23:25.523Z","tradesExecuted":0,"type":"BUY","userId":"user-1"}
{"level":"info","marketId":"market-1","message":"Order placed and processed","orderId":"order-5","outcomeId":"outcome-1","price":0.46,"quantity":10,"service":"prediction-market-api","timestamp":"2026-02-10T05:23:25.541Z","tradesExecuted":0,"type":"BUY","userId":"user-1"}
{"level":"info","marketId":"market-1","message":"Order placed and processed","orderId":"order-6","outcomeId":"outcome-1","price":0.45,"quantity":10,"service":"prediction-market-api","timestamp":"2026-02-10T05:23:25.541Z","tradesExecuted":0,"type":"BUY","userId":"user-1"}
{"level":"info","marketId":"market-1","message":"Order placed and processed","orderId":"order-7","outcomeId":"outcome-1","price":0.44,"quantity":10,"service":"prediction-market-api","timestamp":"2026-02-10T05:23:25.542Z","tradesExecuted":0,"type":"BUY","userId":"user-1"}
{"level":"info","marketId":"market-1","message":"Order placed and processed","orderId":"order-8","outcomeId":"outcome-1","price":0.43,"quantity":10,"service":"prediction-market-api","timestamp":"2026-02-10T05:23:25.542Z","tradesExecuted":0,"type":"BUY","userId":"user-1"}
{"level":"info","marketId":"market-1","message":"Order placed and processed","orderId":"order-9","outcomeId":"outcome-1","price":0.42,"quantity":10,"service":"prediction-market-api","timestamp":"2026-02-10T05:23:25.542Z","tradesExecuted":0,"type":"BUY","userId":"user-1"}
{"level":"info","marketId":"market-1","message":"Order placed and processed","orderId":"order-10","outcomeId":"outcome-1","price":0.41000000000000003,"quantity":10,"service":"prediction-market-api","timestamp":"2026-02-10T05:23:25.543Z","tradesExecuted":0,"type":"BUY","userId":"user-1"}
{"level":"info","marketId":"market-1","message":"Order placed and processed","orderId":"order-11","outcomeId":"outcome-1","price":0.4,"quantity":10,"service":"prediction-market-api","timestamp":"2026-02-10T05:23:25.543Z","tradesExecuted":0,"type":"BUY","userId":"user-1"}
{"level":"info","marketId":"market-1","message":"Order placed and processed","orderId":"order-12","outcomeId":"outcome-1","price":0.39,"quantity":10,"service":"prediction-market-api","timestamp":"2026-02-10T05:23:25.544Z","tradesExecuted":0,"type":"BUY","userId":"user-1"}
{"level":"info","marketId":"market-1","message":"Order placed and processed","orderId":"order-13","outcomeId":"outcome-1","price":0.38,"quantity":10,"service":"prediction-market-api","timestamp":"2026-02-10T05:23:25.550Z","tradesExecuted":0,"type":"BUY","userId":"user-1"}
{"level":"info","marketId":"market-1","message":"Order placed and processed","orderId":"order-14","outcomeId":"outcome-1","price":0.37,"quantity":10,"service":"prediction-market-api","timestamp":"2026-02-10T05:23:25.550Z","tradesExecuted":0,"type":"BUY","userId":"user-1"}
{"level":"info","marketId":"market-1","message":"Order placed and processed","orderId":"order-15","outcomeId":"outcome-1","price":0.36,"quantity":10,"service":"prediction-market-api","timestamp":"2026-02-10T05:23:25.551Z","tradesExecuted":0,"type":"BUY","userId":"user-1"}
{"bestAsk":null,"bestBid":null,"existingOrders":0,"level":"info","marketId":"market-1","message":"Order book initialized","outcomeId":"outcome-1","service":"prediction-market-api","timestamp":"2026-02-10T05:23:25.552Z"}
{"level":"info","marketId":"market-1","message":"Order placed and processed","orderId":"order-1","outcomeId":"outcome-1","price":0.55,"quantity":100,"service":"prediction-market-api","timestamp":"2026-02-10T05:23:25.553Z","tradesExecuted":0,"type":"BUY","userId":"user-1"}
{"level":"info","marketId":"market-1","message":"Order placed and processed","orderId":"order-2","outcomeId":"outcome-1","price":0.6,"quantity":100,"service":"prediction-market-api","timestamp":"2026-02-10T05:23:25.553Z","tradesExecuted":0,"type":"BUY","userId":"user-2"}
{"level":"info","marketId":"market-1","message":"Order placed and processed","orderId":"order-3","outcomeId":"outcome-1","price":0.5,"quantity":100,"service":"prediction-market-api","timestamp":"2026-02-10T05:23:25.553Z","tradesExecuted":0,"type":"BUY","userId":"user-1"}
{"bestAsk":null,"bestBid":null,"existingOrders":0,"level":"info","marketId":"market-1","message":"Order book initialized","outcomeId":"outcome-1","service":"prediction-market-api","timestamp":"2026-02-10T05:23:25.554Z"}
{"level":"info","marketId":"market-1","message":"Order placed and processed","orderId":"order-1","outcomeId":"outcome-1","price":0.6,"quantity":100,"service":"prediction-market-api","timestamp":"2026-02-10T05:23:25.555Z","tradesExecuted":0,"type":"BUY","userId":"user-1"}
{"level":"info","marketId":"market-1","message":"Order placed and processed","orderId":"order-2","outcomeId":"outcome-1","price":0.6,"quantity":100,"service":"prediction-market-api","timestamp":"2026-02-10T05:23:25.555Z","tradesExecuted":0,"type":"BUY","userId":"user-2"}
{"level":"info","marketId":"market-1","message":"Order placed and processed","orderId":"order-3","outcomeId":"outcome-1","price":0.6,"quantity":100,"service":"prediction-market-api","timestamp":"2026-02-10T05:23:25.555Z","tradesExecuted":0,"type":"BUY","userId":"user-1"}
{"bestAsk":null,"bestBid":null,"existingOrders":0,"level":"info","marketId":"market-1","message":"Order book initialized","outcomeId":"outcome-1","service":"prediction-market-api","timestamp":"2026-02-10T05:23:25.557Z"}
{"level":"info","marketId":"market-1","message":"Order placed and processed","orderId":"sell-order-1","outcomeId":"outcome-1","price":0.6,"quantity":100,"service":"prediction-market-api","timestamp":"2026-02-10T05:23:25.558Z","tradesExecuted":0,"type":"SELL","userId":"user-1"}
{"level":"info","marketId":"market-1","message":"Order placed and processed","orderId":"buy-order-1","outcomeId":"outcome-1","price":0.6,"quantity":50,"service":"prediction-market-api","timestamp":"2026-02-10T05:23:25.559Z","tradesExecuted":1,"type":"BUY","userId":"user-2"}
{"buyerId":"buyer-1","level":"info","marketId":"market-1","message":"Trade executed successfully","outcomeId":"outcome-1","price":0.6,"quantity":100,"sellerId":"seller-1","service":"prediction-market-api","timestamp":"2026-02-10T05:23:25.387Z","totalValue":60,"tradeId":"trade-1"}
{"buyerId":"buyer-1","level":"info","marketId":"market-1","message":"Trade executed successfully","outcomeId":"outcome-1","price":0.6,"quantity":100,"sellerId":"seller-1","service":"prediction-market-api","timestamp":"2026-02-10T05:23:25.421Z","totalValue":60,"tradeId":"trade-1"}
{"error":"Market ID and Outcome ID are required","level":"error","message":"Failed to execute trade","request":{"buyOrderId":"buy-order-1","buyerFee":0.12,"buyerId":"buyer-1","marketId":"","outcomeId":"outcome-1","price":0.6,"quantity":100,"sellOrderId":"sell-order-1","sellerFee":0.12,"sellerId":"seller-1","totalValue":60},"service":"prediction-market-api","timestamp":"2026-02-10T05:23:25.424Z"}
{"error":"Buyer ID and Seller ID are required","level":"error","message":"Failed to execute trade","request":{"buyOrderId":"buy-order-1","buyerFee":0.12,"buyerId":"","marketId":"market-1","outcomeId":"outcome-1","price":0.6,"quantity":100,"sellOrderId":"sell-order-1","sellerFee":0.12,"sellerId":"seller-1","totalValue":60},"service":"prediction-market-api","timestamp":"2026-02-10T05:23:25.511Z"}
{"error":"Quantity must be greater than 0","level":"error","message":"Failed to execute trade","request":{"buyOrderId":"buy-order-1","buyerFee":0.12,"buyerId":"buyer-1","marketId":"market-1","outcomeId":"outcome-1","price":0.6,"quantity":0,"sellOrderId":"sell-order-1","sellerFee":0.12,"sellerId":"seller-1","totalValue":60},"service":"prediction-market-api","timestamp":"2026-02-10T05:23:25.514Z"}
{"error":"Price must be between 0 and 1","level":"error","message":"Failed to execute trade","request":{"buyOrderId":"buy-order-1","buyerFee":0.12,"buyerId":"buyer-1","marketId":"market-1","outcomeId":"outcome-1","price":1.5,"quantity":100,"sellOrderId":"sell-order-1","sellerFee":0.12,"sellerId":"seller-1","totalValue":60},"service":"prediction-market-api","timestamp":"2026-02-10T05:23:25.515Z"}
{"error":"Total value must be greater than 0","level":"error","message":"Failed to execute trade","request":{"buyOrderId":"buy-order-1","buyerFee":0.12,"buyerId":"buyer-1","marketId":"market-1","outcomeId":"outcome-1","price":0.6,"quantity":100,"sellOrderId":"sell-order-1","sellerFee":0.12,"sellerId":"seller-1","totalValue":-10},"service":"prediction-market-api","timestamp":"2026-02-10T05:23:25.518Z"}
{"error":"Buyer not found","level":"error","message":"Failed to execute trade","request":{"buyOrderId":"buy-order-1","buyerFee":0.12,"buyerId":"buyer-1","marketId":"market-1","outcomeId":"outcome-1","price":0.6,"quantity":100,"sellOrderId":"sell-order-1","sellerFee":0.12,"sellerId":"seller-1","totalValue":60},"service":"prediction-market-api","timestamp":"2026-02-10T05:23:25.520Z"}
{"error":"Market is not active","level":"error","message":"Failed to execute trade","request":{"buyOrderId":"buy-order-1","buyerFee":0.12,"buyerId":"buyer-1","marketId":"market-1","outcomeId":"outcome-1","price":0.6,"quantity":100,"sellOrderId":"sell-order-1","sellerFee":0.12,"sellerId":"seller-1","totalValue":60},"service":"prediction-market-api","timestamp":"2026-02-10T05:23:25.522Z"}
{"buyerId":"buyer-1","level":"info","marketId":"market-1","message":"Trade executed successfully","outcomeId":"outcome-1","price":0.6,"quantity":100,"sellerId":"seller-1","service":"prediction-market-api","timestamp":"2026-02-10T05:23:25.531Z","totalValue":60,"tradeId":"trade-1"}
{"error":"User not found","level":"error","message":"Failed to get user balance","service":"prediction-market-api","timestamp":"2026-02-10T05:23:25.535Z","userId":"non-existent"}
{"level":"info","marketId":"market-1","message":"Multiple trades executed successfully","outcomeId":"outcome-1","service":"prediction-market-api","timestamp":"2026-02-10T05:23:25.539Z","totalVolume":46.25,"tradesCount":2}
{"creatorId":"user123","level":"info","marketId":"market123","message":"Market created successfully","outcomesCount":2,"service":"prediction-market-api","timestamp":"2026-02-10T05:23:25.595Z","title":"Will Bitcoin reach $100k by 2024?","type":"binary"}
{"creatorId":"user123","level":"info","marketId":"market456","message":"Market created successfully","outcomesCount":3,"service":"prediction-market-api","timestamp":"2026-02-10T05:23:25.600Z","title":"Who will win the 2024 election?","type":"multi-outcome"}
{"level":"info","marketId":"market123","message":"Market updated successfully","service":"prediction-market-api","timestamp":"2026-02-10T05:23:25.619Z","updaterId":"user123","updates":{"title":"New Title"}}
{"error":"Market not found","level":"error","marketId":"nonexistent","message":"Failed to update market","service":"prediction-market-api","timestamp":"2026-02-10T05:23:25.620Z","updaterId":"user123","updates":{}}
{"error":"Cannot update resolved market","level":"error","marketId":"market123","message":"Failed to update market","service":"prediction-market-api","timestamp":"2026-02-10T05:23:25.620Z","updaterId":"user123","updates":{}}
{"closerId":"user123","level":"info","marketId":"market123","message":"Market closed successfully","previousStatus":"ACTIVE","service":"prediction-market-api","timestamp":"2026-02-10T05:23:25.622Z"}
{"closerId":"user123","error":"Market is not active and cannot be closed","level":"error","marketId":"market123","message":"Failed to close market","service":"prediction-market-api","timestamp":"2026-02-10T05:23:25.622Z"}
{"isAuthenticated":false,"level":"info","message":"WebSocket client connected","service":"prediction-market-api","socketId":"_W97yfmwrXz737fFAAAB","timestamp":"2026-02-10T05:23:25.685Z","userId":"anonymous"}
{"level":"info","message":"Generated nonce for wallet authentication","nonce":"afizyl2vgo9","service":"prediction-market-api","timestamp":"2026-02-10T05:23:25.647Z","walletAddress":"0x1234567890123456789012345678901234567890"}
{"level":"info","message":"Wallet authentication successful","service":"prediction-market-api","timestamp":"2026-02-10T05:23:25.660Z","userId":"user-1","walletAddress":"0x02b76135379b842929fdf1e7fafea02629e3729c"}
{"level":"info","message":"Created new user from wallet authentication","service":"prediction-market-api","timestamp":"2026-02-10T05:23:25.664Z","userId":"user-new","walletAddress":"0x02b76135379b842929fdf1e7fafea02629e3729c"}
{"level":"info","message":"Wallet authentication successful","service":"prediction-market-api","timestamp":"2026-02-10T05:23:25.665Z","userId":"user-new","walletAddress":"0x02b76135379b842929fdf1e7fafea02629e3729c"}
{"error":"Invalid or expired nonce","level":"error","message":"Wallet authentication failed","service":"prediction-market-api","timestamp":"2026-02-10T05:23:25.667Z","walletAddress":"0x02b76135379b842929fdf1e7fafea02629e3729c"}
{"error":"invalid raw signature length (argument=\"signature\", value=\"0x1234567890abcdef\", code=INVALID_ARGUMENT, version=6.16.0)","level":"error","message":"Wallet authentication failed","service":"prediction-market-api","timestamp":"2026-02-10T05:23:25.669Z","walletAddress":"0x02b76135379b842929fdf1e7fafea02629e3729c"}
{"error":"Invalid signature","level":"error","message":"Wallet authentication failed","service":"prediction-market-api","timestamp":"2026-02-10T05:23:25.689Z","walletAddress":"0x02b76135379b842929fdf1e7fafea02629e3729c"}
{"error":"invalid token","level":"warn","message":"Token validation failed","service":"prediction-market-api","timestamp":"2026-02-10T05:23:25.692Z"}
{"error":"User not found","level":"warn","message":"Token validation failed","service":"prediction-market-api","timestamp":"2026-02-10T05:23:25.694Z"}
{"level":"info","message":"Token refresh successful","service":"prediction-market-api","timestamp":"2026-02-10T05:23:25.696Z","userId":"user-1","walletAddress":"0x1234567890123456789012345678901234567890"}
{"error":"invalid token","level":"error","message":"Token refresh failed","service":"prediction-market-api","timestamp":"2026-02-10T05:23:25.697Z"}
{"error":"Invalid refresh token","level":"error","message":"Token refresh failed","service":"prediction-market-api","timestamp":"2026-02-10T05:23:25.698Z"}
{"level":"info","message":"Token revoked successfully","service":"prediction-market-api","timestamp":"2026-02-10T05:23:25.699Z","userId":"user-1","walletAddress":"0x1234567890123456789012345678901234567890"}
{"error":"invalid token","level":"warn","message":"Token revocation failed","service":"prediction-market-api","timestamp":"2026-02-10T05:23:25.700Z"}
{"level":"info","message":"Cleared user sessions","service":"prediction-market-api","timestamp":"2026-02-10T05:23:25.701Z","userId":"user-1"}
{"error":"secret or public key must be provided","level":"warn","message":"WebSocket authentication failed","service":"prediction-market-api","socketId":"OsCUjsiosBwofIgaAAAD","timestamp":"2026-02-10T05:23:55.736Z"}
{"isAuthenticated":false,"level":"info","message":"WebSocket client connected","service":"prediction-market-api","socketId":"OsCUjsiosBwofIgaAAAD","timestamp":"2026-02-10T05:23:55.737Z","userId":"anonymous"}
{"level":"info","marketId":"test-market-1","message":"Client subscribed to market","service":"prediction-market-api","socketId":"_W97yfmwrXz737fFAAAB","subscriptionTypes":["all"],"timestamp":"2026-02-10T05:24:25.742Z","userId":"anonymous"}
{"level":"info","marketId":"test-market-2","message":"Client subscribed to market","service":"prediction-market-api","socketId":"_W97yfmwrXz737fFAAAB","subscriptionTypes":["price_update","trade_executed"],"timestamp":"2026-02-10T05:24:25.746Z","userId":"anonymous"}
{"level":"info","marketId":"test-market-3","message":"Client subscribed to market","service":"prediction-market-api","socketId":"_W97yfmwrXz737fFAAAB","subscriptionTypes":["all"],"timestamp":"2026-02-10T05:24:55.749Z","userId":"anonymous"}
{"level":"info","message":"Client subscribed to outcome","outcomeId":"test-outcome-1","service":"prediction-market-api","socketId":"_W97yfmwrXz737fFAAAB","subscriptionTypes":["all"],"timestamp":"2026-02-10T05:25:25.755Z","userId":"anonymous"}
{"error":"Unknown error","level":"error","message":"Decryption failed","service":"prediction-market-api","timestamp":"2026-02-10T11:29:19.138Z"}
{"error":"Unknown error","level":"error","message":"Decryption failed","service":"prediction-market-api","timestamp":"2026-02-10T11:30:06.090Z"}
{"description":"Test threat","level":"warn","message":"Security threat detected","service":"prediction-market-api","source":"192.168.1.1","threatId":"threat_1770723109682_wrvu4om","timestamp":"2026-02-10T11:31:49.682Z","type":"suspicious_activity"}
{"level":"info","message":"Security action taken","reason":"Test threat","service":"prediction-market-api","target":"192.168.1.1","timestamp":"2026-02-10T11:31:49.684Z","type":"log_event"}
{"description":"XSS attempt detected","level":"warn","message":"Security threat detected","service":"prediction-market-api","source":"192.168.1.2","threatId":"threat_1770723109685_qmrg9hz","timestamp":"2026-02-10T11:31:49.685Z","type":"xss_attempt"}
{"level":"info","message":"Security action taken","reason":"XSS attempt detected","service":"prediction-market-api","target":"192.168.1.2","timestamp":"2026-02-10T11:31:49.686Z","type":"log_event"}
{"description":"DDoS attack","level":"warn","message":"Security threat detected","service":"prediction-market-api","source":"192.168.1.3","threatId":"threat_1770723109686_3ifg2bx","timestamp":"2026-02-10T11:31:49.686Z","type":"ddos"}
{"description":"DDoS attack","level":"error","message":"SECURITY ALERT: Admin notification required","service":"prediction-market-api","source":"192.168.1.3","threatId":"threat_1770723109686_3ifg2bx","timestamp":"2026-02-10T11:31:49.686Z","type":"ddos"}
{"duration":86400,"level":"info","message":"Security action taken","reason":"Critical security threat","service":"prediction-market-api","target":"192.168.1.3","timestamp":"2026-02-10T11:31:49.686Z","type":"block_ip"}
{"level":"info","message":"Security action taken","reason":"critical threat: DDoS attack","service":"prediction-market-api","target":"admins","timestamp":"2026-02-10T11:31:49.687Z","type":"alert_admin"}
{"ip":"192.168.1.12","level":"info","message":"IP unblocked","service":"prediction-market-api","timestamp":"2026-02-10T11:31:50.792Z"}
{"level":"info","message":"User unsuspended","service":"prediction-market-api","timestamp":"2026-02-10T11:31:51.896Z","userId":"user-125"}
{"description":"5 failed authentication attempts","level":"warn","message":"Security threat detected","metadata":{"attempts":5},"service":"prediction-market-api","source":"192.168.1.21","threatId":"threat_1770723111898_17pu1e1","timestamp":"2026-02-10T11:31:51.898Z","type":"brute_force"}
{"description":"5 failed authentication attempts","level":"error","message":"SECURITY ALERT: Admin notification required","service":"prediction-market-api","source":"192.168.1.21","threatId":"threat_1770723111898_17pu1e1","timestamp":"2026-02-10T11:31:51.898Z","type":"brute_force"}
{"duration":3600,"level":"info","message":"Security action taken","reason":"High security threat","service":"prediction-market-api","target":"192.168.1.21","timestamp":"2026-02-10T11:31:51.898Z","type":"block_ip"}
{"level":"info","message":"Security action taken","reason":"high threat: 5 failed authentication attempts","service":"prediction-market-api","target":"admins","timestamp":"2026-02-10T11:31:51.898Z","type":"alert_admin"}
{"description":"DDoS attack detected: 101 requests in 60s","level":"warn","message":"Security threat detected","metadata":{"requestCount":101},"service":"prediction-market-api","source":"192.168.1.30","threatId":"threat_1770723111898_nxx118v","timestamp":"2026-02-10T11:31:51.898Z","type":"ddos"}
{"description":"DDoS attack detected: 101 requests in 60s","level":"error","message":"SECURITY ALERT: Admin notification required","service":"prediction-market-api","source":"192.168.1.30","threatId":"threat_1770723111898_nxx118v","timestamp":"2026-02-10T11:31:51.898Z","type":"ddos"}
{"duration":86400,"level":"info","message":"Security action taken","reason":"Critical security threat","service":"prediction-market-api","target":"192.168.1.30","timestamp":"2026-02-10T11:31:51.898Z","type":"block_ip"}
{"level":"info","message":"Security action taken","reason":"critical threat: DDoS attack detected: 101 requests in 60s","service":"prediction-market-api","target":"admins","timestamp":"2026-02-10T11:31:51.898Z","type":"alert_admin"}
{"description":"Test 1","level":"warn","message":"Security threat detected","service":"prediction-market-api","source":"192.168.1.40","threatId":"threat_1770723111899_u8i4dzd","timestamp":"2026-02-10T11:31:51.899Z","type":"suspicious_activity"}
{"level":"info","message":"Security action taken","reason":"Test 1","service":"prediction-market-api","target":"192.168.1.40","timestamp":"2026-02-10T11:31:51.899Z","type":"log_event"}
{"description":"Test 2","level":"warn","message":"Security threat detected","service":"prediction-market-api","source":"192.168.1.40","threatId":"threat_1770723111899_bd8rfs1","timestamp":"2026-02-10T11:31:51.899Z","type":"xss_attempt"}
{"level":"info","message":"Security action taken","reason":"Test 2","service":"prediction-market-api","target":"192.168.1.40","timestamp":"2026-02-10T11:31:51.899Z","type":"log_event"}
{"description":"Test","level":"warn","message":"Security threat detected","service":"prediction-market-api","source":"192.168.1.41","threatId":"threat_1770723111899_r85vl58","timestamp":"2026-02-10T11:31:51.899Z","type":"suspicious_activity"}
{"level":"info","message":"Security action taken","reason":"Test","service":"prediction-market-api","target":"192.168.1.41","timestamp":"2026-02-10T11:31:51.899Z","type":"log_event"}
{"description":"Test 1","level":"warn","message":"Security threat detected","service":"prediction-market-api","source":"192.168.1.50","threatId":"threat_1770723111909_dutg34u","timestamp":"2026-02-10T11:31:51.909Z","type":"suspicious_activity"}
{"level":"info","message":"Security action taken","reason":"Test 1","service":"prediction-market-api","target":"192.168.1.50","timestamp":"2026-02-10T11:31:51.910Z","type":"log_event"}
{"description":"Test 2","level":"warn","message":"Security threat detected","service":"prediction-market-api","source":"192.168.1.51","threatId":"threat_1770723111910_99kj8xp","timestamp":"2026-02-10T11:31:51.910Z","type":"xss_attempt"}
{"level":"info","message":"Security action taken","reason":"Test 2","service":"prediction-market-api","target":"192.168.1.51","timestamp":"2026-02-10T11:31:51.910Z","type":"log_event"}
{"description":"Test 0","level":"warn","message":"Security threat detected","service":"prediction-market-api","source":"192.168.1.60","threatId":"threat_1770723111911_7fzhqob","timestamp":"2026-02-10T11:31:51.911Z","type":"suspicious_activity"}
{"level":"info","message":"Security action taken","reason":"Test 0","service":"prediction-market-api","target":"192.168.1.60","timestamp":"2026-02-10T11:31:51.911Z","type":"log_event"}
{"description":"Test 1","level":"warn","message":"Security threat detected","service":"prediction-market-api","source":"192.168.1.61","threatId":"threat_1770723111911_x94czho","timestamp":"2026-02-10T11:31:51.911Z","type":"suspicious_activity"}
{"level":"info","message":"Security action taken","reason":"Test 1","service":"prediction-market-api","target":"192.168.1.61","timestamp":"2026-02-10T11:31:51.911Z","type":"log_event"}
{"description":"Test 2","level":"warn","message":"Security threat detected","service":"prediction-market-api","source":"192.168.1.62","threatId":"threat_1770723111911_wm1qt3c","timestamp":"2026-02-10T11:31:51.911Z","type":"suspicious_activity"}
{"level":"info","message":"Security action taken","reason":"Test 2","service":"prediction-market-api","target":"192.168.1.62","timestamp":"2026-02-10T11:31:51.911Z","type":"log_event"}
{"description":"Test 3","level":"warn","message":"Security threat detected","service":"prediction-market-api","source":"192.168.1.63","threatId":"threat_1770723111911_f46b8tn","timestamp":"2026-02-10T11:31:51.911Z","type":"suspicious_activity"}
{"level":"info","message":"Security action taken","reason":"Test 3","service":"prediction-market-api","target":"192.168.1.63","timestamp":"2026-02-10T11:31:51.911Z","type":"log_event"}
{"description":"Test 4","level":"warn","message":"Security threat detected","service":"prediction-market-api","source":"192.168.1.64","threatId":"threat_1770723111911_y9m5icy","timestamp":"2026-02-10T11:31:51.911Z","type":"suspicious_activity"}
{"level":"info","message":"Security action taken","reason":"Test 4","service":"prediction-market-api","target":"192.168.1.64","timestamp":"2026-02-10T11:31:51.911Z","type":"log_event"}
{"description":"Test 5","level":"warn","message":"Security threat detected","service":"prediction-market-api","source":"192.168.1.65","threatId":"threat_1770723111911_tb04zhp","timestamp":"2026-02-10T11:31:51.911Z","type":"suspicious_activity"}
{"level":"info","message":"Security action taken","reason":"Test 5","service":"prediction-market-api","target":"192.168.1.65","timestamp":"2026-02-10T11:31:51.911Z","type":"log_event"}
{"description":"Test 6","level":"warn","message":"Security threat detected","service":"prediction-market-api","source":"192.168.1.66","threatId":"threat_1770723111911_actmuks","timestamp":"2026-02-10T11:31:51.911Z","type":"suspicious_activity"}
{"level":"info","message":"Security action taken","reason":"Test 6","service":"prediction-market-api","target":"192.168.1.66","timestamp":"2026-02-10T11:31:51.912Z","type":"log_event"}
{"description":"Test 7","level":"warn","message":"Security threat detected","service":"prediction-market-api","source":"192.168.1.67","threatId":"threat_1770723111912_nroi7lb","timestamp":"2026-02-10T11:31:51.912Z","type":"suspicious_activity"}
{"level":"info","message":"Security action taken","reason":"Test 7","service":"prediction-market-api","target":"192.168.1.67","timestamp":"2026-02-10T11:31:51.912Z","type":"log_event"}
{"description":"Test 8","level":"warn","message":"Security threat detected","service":"prediction-market-api","source":"192.168.1.68","threatId":"threat_1770723111912_1l6drfi","timestamp":"2026-02-10T11:31:51.912Z","type":"suspicious_activity"}
{"level":"info","message":"Security action taken","reason":"Test 8","service":"prediction-market-api","target":"192.168.1.68","timestamp":"2026-02-10T11:31:51.912Z","type":"log_event"}
{"description":"Test 9","level":"warn","message":"Security threat detected","service":"prediction-market-api","source":"192.168.1.69","threatId":"threat_1770723111912_6oycpxr","timestamp":"2026-02-10T11:31:51.912Z","type":"suspicious_activity"}
{"level":"info","message":"Security action taken","reason":"Test 9","service":"prediction-market-api","target":"192.168.1.69","timestamp":"2026-02-10T11:31:51.912Z","type":"log_event"}
{"description":"Test","level":"warn","message":"Security threat detected","service":"prediction-market-api","source":"192.168.1.70","threatId":"threat_1770723111912_58k9tv5","timestamp":"2026-02-10T11:31:51.912Z","type":"brute_force"}
{"description":"Test","level":"error","message":"SECURITY ALERT: Admin notification required","service":"prediction-market-api","source":"192.168.1.70","threatId":"threat_1770723111912_58k9tv5","timestamp":"2026-02-10T11:31:51.912Z","type":"brute_force"}
{"duration":3600,"level":"info","message":"Security action taken","reason":"High security threat","service":"prediction-market-api","target":"192.168.1.70","timestamp":"2026-02-10T11:31:51.912Z","type":"block_ip"}
{"level":"info","message":"Security action taken","reason":"high threat: Test","service":"prediction-market-api","target":"admins","timestamp":"2026-02-10T11:31:51.912Z","type":"alert_admin"}
{"description":"Test","level":"warn","message":"Security threat detected","service":"prediction-market-api","source":"192.168.1.71","threatId":"threat_1770723111912_0q4mszk","timestamp":"2026-02-10T11:31:51.912Z","type":"sql_injection"}
{"description":"Test","level":"error","message":"SECURITY ALERT: Admin notification required","service":"prediction-market-api","source":"192.168.1.71","threatId":"threat_1770723111912_0q4mszk","timestamp":"2026-02-10T11:31:51.912Z","type":"sql_injection"}
{"duration":86400,"level":"info","message":"Security action taken","reason":"Critical security threat","service":"prediction-market-api","target":"192.168.1.71","timestamp":"2026-02-10T11:31:51.912Z","type":"block_ip"}
{"level":"info","message":"Security action taken","reason":"critical threat: Test","service":"prediction-market-api","target":"admins","timestamp":"2026-02-10T11:31:51.913Z","type":"alert_admin"}
{"description":"Test threat","level":"warn","message":"Security threat detected","service":"prediction-market-api","source":"192.168.1.1","threatId":"threat_1770724923626_2ellh8e","timestamp":"2026-02-10T12:02:03.626Z","type":"suspicious_activity"}
{"level":"info","message":"Security action taken","reason":"Test threat","service":"prediction-market-api","target":"192.168.1.1","timestamp":"2026-02-10T12:02:03.629Z","type":"log_event"}
{"description":"XSS attempt detected","level":"warn","message":"Security threat detected","service":"prediction-market-api","source":"192.168.1.2","threatId":"threat_1770724923630_km5gkjh","timestamp":"2026-02-10T12:02:03.630Z","type":"xss_attempt"}
{"level":"info","message":"Security action taken","reason":"XSS attempt detected","service":"prediction-market-api","target":"192.168.1.2","timestamp":"2026-02-10T12:02:03.630Z","type":"log_event"}
{"description":"DDoS attack","level":"warn","message":"Security threat detected","service":"prediction-market-api","source":"192.168.1.3","threatId":"threat_1770724923631_kx1rdcz","timestamp":"2026-02-10T12:02:03.631Z","type":"ddos"}
{"description":"DDoS attack","level":"error","message":"SECURITY ALERT: Admin notification required","service":"prediction-market-api","source":"192.168.1.3","threatId":"threat_1770724923631_kx1rdcz","timestamp":"2026-02-10T12:02:03.631Z","type":"ddos"}
{"duration":86400,"level":"info","message":"Security action taken","reason":"Critical security threat","service":"prediction-market-api","target":"192.168.1.3","timestamp":"2026-02-10T12:02:03.631Z","type":"block_ip"}
{"level":"info","message":"Security action taken","reason":"critical threat: DDoS attack","service":"prediction-market-api","target":"admins","timestamp":"2026-02-10T12:02:03.631Z","type":"alert_admin"}
{"ip":"192.168.1.12","level":"info","message":"IP unblocked","service":"prediction-market-api","timestamp":"2026-02-10T12:02:04.738Z"}
{"level":"info","message":"User unsuspended","service":"prediction-market-api","timestamp":"2026-02-10T12:02:05.847Z","userId":"user-125"}
{"description":"5 failed authentication attempts","level":"warn","message":"Security threat detected","metadata":{"attempts":5},"service":"prediction-market-api","source":"192.168.1.21","threatId":"threat_1770724925850_u5tgxn4","timestamp":"2026-02-10T12:02:05.850Z","type":"brute_force"}
{"description":"5 failed authentication attempts","level":"error","message":"SECURITY ALERT: Admin notification required","service":"prediction-market-api","source":"192.168.1.21","threatId":"threat_1770724925850_u5tgxn4","timestamp":"2026-02-10T12:02:05.850Z","type":"brute_force"}
{"duration":3600,"level":"info","message":"Security action taken","reason":"High security threat","service":"prediction-market-api","target":"192.168.1.21","timestamp":"2026-02-10T12:02:05.850Z","type":"block_ip"}
{"level":"info","message":"Security action taken","reason":"high threat: 5 failed authentication attempts","service":"prediction-market-api","target":"admins","timestamp":"2026-02-10T12:02:05.851Z","type":"alert_admin"}
{"description":"DDoS attack detected: 101 requests in 60s","level":"warn","message":"Security threat detected","metadata":{"requestCount":101},"service":"prediction-market-api","source":"192.168.1.30","threatId":"threat_1770724925851_65hp8r2","timestamp":"2026-02-10T12:02:05.851Z","type":"ddos"}
{"description":"DDoS attack detected: 101 requests in 60s","level":"error","message":"SECURITY ALERT: Admin notification required","service":"prediction-market-api","source":"192.168.1.30","threatId":"threat_1770724925851_65hp8r2","timestamp":"2026-02-10T12:02:05.852Z","type":"ddos"}
{"duration":86400,"level":"info","message":"Security action taken","reason":"Critical security threat","service":"prediction-market-api","target":"192.168.1.30","timestamp":"2026-02-10T12:02:05.852Z","type":"block_ip"}
{"level":"info","message":"Security action taken","reason":"critical threat: DDoS attack detected: 101 requests in 60s","service":"prediction-market-api","target":"admins","timestamp":"2026-02-10T12:02:05.852Z","type":"alert_admin"}
{"description":"Test 1","level":"warn","message":"Security threat detected","service":"prediction-market-api","source":"192.168.1.40","threatId":"threat_1770724925853_kt4435p","timestamp":"2026-02-10T12:02:05.853Z","type":"suspicious_activity"}
{"level":"info","message":"Security action taken","reason":"Test 1","service":"prediction-market-api","target":"192.168.1.40","timestamp":"2026-02-10T12:02:05.853Z","type":"log_event"}
{"description":"Test 2","level":"warn","message":"Security threat detected","service":"prediction-market-api","source":"192.168.1.40","threatId":"threat_1770724925853_x62qvph","timestamp":"2026-02-10T12:02:05.853Z","type":"xss_attempt"}
{"level":"info","message":"Security action taken","reason":"Test 2","service":"prediction-market-api","target":"192.168.1.40","timestamp":"2026-02-10T12:02:05.853Z","type":"log_event"}
{"description":"Test","level":"warn","message":"Security threat detected","service":"prediction-market-api","source":"192.168.1.41","threatId":"threat_1770724925854_7tmqj46","timestamp":"2026-02-10T12:02:05.854Z","type":"suspicious_activity"}
{"level":"info","message":"Security action taken","reason":"Test","service":"prediction-market-api","target":"192.168.1.41","timestamp":"2026-02-10T12:02:05.854Z","type":"log_event"}
{"description":"Test 1","level":"warn","message":"Security threat detected","service":"prediction-market-api","source":"192.168.1.50","threatId":"threat_1770724925868_a4dgpdq","timestamp":"2026-02-10T12:02:05.868Z","type":"suspicious_activity"}
{"level":"info","message":"Security action taken","reason":"Test 1","service":"prediction-market-api","target":"192.168.1.50","timestamp":"2026-02-10T12:02:05.868Z","type":"log_event"}
{"description":"Test 2","level":"warn","message":"Security threat detected","service":"prediction-market-api","source":"192.168.1.51","threatId":"threat_1770724925868_f9vhjno","timestamp":"2026-02-10T12:02:05.868Z","type":"xss_attempt"}
{"level":"info","message":"Security action taken","reason":"Test 2","service":"prediction-market-api","target":"192.168.1.51","timestamp":"2026-02-10T12:02:05.868Z","type":"log_event"}
{"description":"Test 0","level":"warn","message":"Security threat detected","service":"prediction-market-api","source":"192.168.1.60","threatId":"threat_1770724925868_bi5vaff","timestamp":"2026-02-10T12:02:05.869Z","type":"suspicious_activity"}
{"level":"info","message":"Security action taken","reason":"Test 0","service":"prediction-market-api","target":"192.168.1.60","timestamp":"2026-02-10T12:02:05.869Z","type":"log_event"}
{"description":"Test 1","level":"warn","message":"Security threat detected","service":"prediction-market-api","source":"192.168.1.61","threatId":"threat_1770724925869_9tqkk9w","timestamp":"2026-02-10T12:02:05.869Z","type":"suspicious_activity"}
{"level":"info","message":"Security action taken","reason":"Test 1","service":"prediction-market-api","target":"192.168.1.61","timestamp":"2026-02-10T12:02:05.869Z","type":"log_event"}
{"description":"Test 2","level":"warn","message":"Security threat detected","service":"prediction-market-api","source":"192.168.1.62","threatId":"threat_1770724925869_lwu36c2","timestamp":"2026-02-10T12:02:05.869Z","type":"suspicious_activity"}
{"level":"info","message":"Security action taken","reason":"Test 2","service":"prediction-market-api","target":"192.168.1.62","timestamp":"2026-02-10T12:02:05.869Z","type":"log_event"}
{"description":"Test 3","level":"warn","message":"Security threat detected","service":"prediction-market-api","source":"192.168.1.63","threatId":"threat_1770724925869_899aw13","timestamp":"2026-02-10T12:02:05.869Z","type":"suspicious_activity"}
{"level":"info","message":"Security action taken","reason":"Test 3","service":"prediction-market-api","target":"192.168.1.63","timestamp":"2026-02-10T12:02:05.869Z","type":"log_event"}
{"description":"Test 4","level":"warn","message":"Security threat detected","service":"prediction-market-api","source":"192.168.1.64","threatId":"threat_1770724925869_9ggv8z0","timestamp":"2026-02-10T12:02:05.869Z","type":"suspicious_activity"}
{"level":"info","message":"Security action taken","reason":"Test 4","service":"prediction-market-api","target":"192.168.1.64","timestamp":"2026-02-10T12:02:05.869Z","type":"log_event"}
{"description":"Test 5","level":"warn","message":"Security threat detected","service":"prediction-market-api","source":"192.168.1.65","threatId":"threat_1770724925869_x5mnh4t","timestamp":"2026-02-10T12:02:05.869Z","type":"suspicious_activity"}
{"level":"info","message":"Security action taken","reason":"Test 5","service":"prediction-market-api","target":"192.168.1.65","timestamp":"2026-02-10T12:02:05.869Z","type":"log_event"}
{"description":"Test 6","level":"warn","message":"Security threat detected","service":"prediction-market-api","source":"192.168.1.66","threatId":"threat_1770724925869_s0twx9q","timestamp":"2026-02-10T12:02:05.869Z","type":"suspicious_activity"}
{"level":"info","message":"Security action taken","reason":"Test 6","service":"prediction-market-api","target":"192.168.1.66","timestamp":"2026-02-10T12:02:05.869Z","type":"log_event"}
{"description":"Test 7","level":"warn","message":"Security threat detected","service":"prediction-market-api","source":"192.168.1.67","threatId":"threat_1770724925869_2obd1bt","timestamp":"2026-02-10T12:02:05.869Z","type":"suspicious_activity"}
{"level":"info","message":"Security action taken","reason":"Test 7","service":"prediction-market-api","target":"192.168.1.67","timestamp":"2026-02-10T12:02:05.869Z","type":"log_event"}
{"description":"Test 8","level":"warn","message":"Security threat detected","service":"prediction-market-api","source":"192.168.1.68","threatId":"threat_1770724925869_elzn70s","timestamp":"2026-02-10T12:02:05.869Z","type":"suspicious_activity"}
{"level":"info","message":"Security action taken","reason":"Test 8","service":"prediction-market-api","target":"192.168.1.68","timestamp":"2026-02-10T12:02:05.869Z","type":"log_event"}
{"description":"Test 9","level":"warn","message":"Security threat detected","service":"prediction-market-api","source":"192.168.1.69","threatId":"threat_1770724925869_i5ogw73","timestamp":"2026-02-10T12:02:05.869Z","type":"suspicious_activity"}
{"level":"info","message":"Security action taken","reason":"Test 9","service":"prediction-market-api","target":"192.168.1.69","timestamp":"2026-02-10T12:02:05.869Z","type":"log_event"}
{"description":"Test","level":"warn","message":"Security threat detected","service":"prediction-market-api","source":"192.168.1.70","threatId":"threat_1770724925870_w9cj6f6","timestamp":"2026-02-10T12:02:05.870Z","type":"brute_force"}
{"description":"Test","level":"error","message":"SECURITY ALERT: Admin notification required","service":"prediction-market-api","source":"192.168.1.70","threatId":"threat_1770724925870_w9cj6f6","timestamp":"2026-02-10T12:02:05.870Z","type":"brute_force"}
{"duration":3600,"level":"info","message":"Security action taken","reason":"High security threat","service":"prediction-market-api","target":"192.168.1.70","timestamp":"2026-02-10T12:02:05.870Z","type":"block_ip"}
{"level":"info","message":"Security action taken","reason":"high threat: Test","service":"prediction-market-api","target":"admins","timestamp":"2026-02-10T12:02:05.870Z","type":"alert_admin"}
{"description":"Test","level":"warn","message":"Security threat detected","service":"prediction-market-api","source":"192.168.1.71","threatId":"threat_1770724925870_3oz4vfx","timestamp":"2026-02-10T12:02:05.870Z","type":"sql_injection"}
{"description":"Test","level":"error","message":"SECURITY ALERT: Admin notification required","service":"prediction-market-api","source":"192.168.1.71","threatId":"threat_1770724925870_3oz4vfx","timestamp":"2026-02-10T12:02:05.870Z","type":"sql_injection"}
{"duration":86400,"level":"info","message":"Security action taken","reason":"Critical security threat","service":"prediction-market-api","target":"192.168.1.71","timestamp":"2026-02-10T12:02:05.870Z","type":"block_ip"}
{"level":"info","message":"Security action taken","reason":"critical threat: Test","service":"prediction-market-api","target":"admins","timestamp":"2026-02-10T12:02:05.870Z","type":"alert_admin"}
{"description":"Test threat","level":"warn","message":"Security threat detected","service":"prediction-market-api","source":"192.168.1.1","threatId":"threat_1770726849101_7zqlfar","timestamp":"2026-02-10T12:34:09.101Z","type":"suspicious_activity"}
{"level":"info","message":"Security action taken","reason":"Test threat","service":"prediction-market-api","target":"192.168.1.1","timestamp":"2026-02-10T12:34:09.103Z","type":"log_event"}
{"description":"XSS attempt detected","level":"warn","message":"Security threat detected","service":"prediction-market-api","source":"192.168.1.2","threatId":"threat_1770726849105_mwiv8vv","timestamp":"2026-02-10T12:34:09.105Z","type":"xss_attempt"}
{"level":"info","message":"Security action taken","reason":"XSS attempt detected","service":"prediction-market-api","target":"192.168.1.2","timestamp":"2026-02-10T12:34:09.105Z","type":"log_event"}
{"description":"DDoS attack","level":"warn","message":"Security threat detected","service":"prediction-market-api","source":"192.168.1.3","threatId":"threat_1770726849106_j5dxb6c","timestamp":"2026-02-10T12:34:09.106Z","type":"ddos"}
{"description":"DDoS attack","level":"error","message":"SECURITY ALERT: Admin notification required","service":"prediction-market-api","source":"192.168.1.3","threatId":"threat_1770726849106_j5dxb6c","timestamp":"2026-02-10T12:34:09.106Z","type":"ddos"}
{"duration":86400,"level":"info","message":"Security action taken","reason":"Critical security threat","service":"prediction-market-api","target":"192.168.1.3","timestamp":"2026-02-10T12:34:09.106Z","type":"block_ip"}
{"level":"info","message":"Security action taken","reason":"critical threat: DDoS attack","service":"prediction-market-api","target":"admins","timestamp":"2026-02-10T12:34:09.106Z","type":"alert_admin"}
{"ip":"192.168.1.12","level":"info","message":"IP unblocked","service":"prediction-market-api","timestamp":"2026-02-10T12:34:10.211Z"}
{"level":"info","message":"User unsuspended","service":"prediction-market-api","timestamp":"2026-02-10T12:34:11.318Z","userId":"user-125"}
{"description":"5 failed authentication attempts","level":"warn","message":"Security threat detected","metadata":{"attempts":5},"service":"prediction-market-api","source":"192.168.1.21","threatId":"threat_1770726851320_519dk6s","timestamp":"2026-02-10T12:34:11.321Z","type":"brute_force"}
{"description":"5 failed authentication attempts","level":"error","message":"SECURITY ALERT: Admin notification required","service":"prediction-market-api","source":"192.168.1.21","threatId":"threat_1770726851320_519dk6s","timestamp":"2026-02-10T12:34:11.321Z","type":"brute_force"}
{"duration":3600,"level":"info","message":"Security action taken","reason":"High security threat","service":"prediction-market-api","target":"192.168.1.21","timestamp":"2026-02-10T12:34:11.321Z","type":"block_ip"}
{"level":"info","message":"Security action taken","reason":"high threat: 5 failed authentication attempts","service":"prediction-market-api","target":"admins","timestamp":"2026-02-10T12:34:11.321Z","type":"alert_admin"}
{"description":"DDoS attack detected: 101 requests in 60s","level":"warn","message":"Security threat detected","metadata":{"requestCount":101},"service":"prediction-market-api","source":"192.168.1.30","threatId":"threat_1770726851326_yhdvfx9","timestamp":"2026-02-10T12:34:11.326Z","type":"ddos"}
{"description":"DDoS attack detected: 101 requests in 60s","level":"error","message":"SECURITY ALERT: Admin notification required","service":"prediction-market-api","source":"192.168.1.30","threatId":"threat_1770726851326_yhdvfx9","timestamp":"2026-02-10T12:34:11.326Z","type":"ddos"}
{"duration":86400,"level":"info","message":"Security action taken","reason":"Critical security threat","service":"prediction-market-api","target":"192.168.1.30","timestamp":"2026-02-10T12:34:11.326Z","type":"block_ip"}
{"level":"info","message":"Security action taken","reason":"critical threat: DDoS attack detected: 101 requests in 60s","service":"prediction-market-api","target":"admins","timestamp":"2026-02-10T12:34:11.326Z","type":"alert_admin"}
{"description":"Test 1","level":"warn","message":"Security threat detected","service":"prediction-market-api","source":"192.168.1.40","threatId":"threat_1770726851329_vaqsstz","timestamp":"2026-02-10T12:34:11.329Z","type":"suspicious_activity"}
{"level":"info","message":"Security action taken","reason":"Test 1","service":"prediction-market-api","target":"192.168.1.40","timestamp":"2026-02-10T12:34:11.329Z","type":"log_event"}
{"description":"Test 2","level":"warn","message":"Security threat detected","service":"prediction-market-api","source":"192.168.1.40","threatId":"threat_1770726851329_a0cbt2m","timestamp":"2026-02-10T12:34:11.329Z","type":"xss_attempt"}
{"level":"info","message":"Security action taken","reason":"Test 2","service":"prediction-market-api","target":"192.168.1.40","timestamp":"2026-02-10T12:34:11.329Z","type":"log_event"}
{"description":"Test","level":"warn","message":"Security threat detected","service":"prediction-market-api","source":"192.168.1.41","threatId":"threat_1770726851330_a8p7pbn","timestamp":"2026-02-10T12:34:11.330Z","type":"suspicious_activity"}
{"level":"info","message":"Security action taken","reason":"Test","service":"prediction-market-api","target":"192.168.1.41","timestamp":"2026-02-10T12:34:11.330Z","type":"log_event"}
{"description":"Test 1","level":"warn","message":"Security threat detected","service":"prediction-market-api","source":"192.168.1.50","threatId":"threat_1770726851346_761z4bs","timestamp":"2026-02-10T12:34:11.347Z","type":"suspicious_activity"}
{"level":"info","message":"Security action taken","reason":"Test 1","service":"prediction-market-api","target":"192.168.1.50","timestamp":"2026-02-10T12:34:11.347Z","type":"log_event"}
{"description":"Test 2","level":"warn","message":"Security threat detected","service":"prediction-market-api","source":"192.168.1.51","threatId":"threat_1770726851347_xlhqlzu","timestamp":"2026-02-10T12:34:11.347Z","type":"xss_attempt"}
{"level":"info","message":"Security action taken","reason":"Test 2","service":"prediction-market-api","target":"192.168.1.51","timestamp":"2026-02-10T12:34:11.347Z","type":"log_event"}
{"description":"Test 0","level":"warn","message":"Security threat detected","service":"prediction-market-api","source":"192.168.1.60","threatId":"threat_1770726851347_z93c3kd","timestamp":"2026-02-10T12:34:11.347Z","type":"suspicious_activity"}
{"level":"info","message":"Security action taken","reason":"Test 0","service":"prediction-market-api","target":"192.168.1.60","timestamp":"2026-02-10T12:34:11.347Z","type":"log_event"}
{"description":"Test 1","level":"warn","message":"Security threat detected","service":"prediction-market-api","source":"192.168.1.61","threatId":"threat_1770726851348_ptqf59u","timestamp":"2026-02-10T12:34:11.348Z","type":"suspicious_activity"}
{"level":"info","message":"Security action taken","reason":"Test 1","service":"prediction-market-api","target":"192.168.1.61","timestamp":"2026-02-10T12:34:11.348Z","type":"log_event"}
{"description":"Test 2","level":"warn","message":"Security threat detected","service":"prediction-market-api","source":"192.168.1.62","threatId":"threat_1770726851348_uf6a5x0","timestamp":"2026-02-10T12:34:11.348Z","type":"suspicious_activity"}
{"level":"info","message":"Security action taken","reason":"Test 2","service":"prediction-market-api","target":"192.168.1.62","timestamp":"2026-02-10T12:34:11.348Z","type":"log_event"}
{"description":"Test 3","level":"warn","message":"Security threat detected","service":"prediction-market-api","source":"192.168.1.63","threatId":"threat_1770726851348_mt4otvw","timestamp":"2026-02-10T12:34:11.348Z","type":"suspicious_activity"}
{"level":"info","message":"Security action taken","reason":"Test 3","service":"prediction-market-api","target":"192.168.1.63","timestamp":"2026-02-10T12:34:11.348Z","type":"log_event"}
{"description":"Test 4","level":"warn","message":"Security threat detected","service":"prediction-market-api","source":"192.168.1.64","threatId":"threat_1770726851348_zh60ry9","timestamp":"2026-02-10T12:34:11.348Z","type":"suspicious_activity"}
{"level":"info","message":"Security action taken","reason":"Test 4","service":"prediction-market-api","target":"192.168.1.64","timestamp":"2026-02-10T12:34:11.348Z","type":"log_event"}
{"description":"Test 5","level":"warn","message":"Security threat detected","service":"prediction-market-api","source":"192.168.1.65","threatId":"threat_1770726851348_5juttw1","timestamp":"2026-02-10T12:34:11.348Z","type":"suspicious_activity"}
{"level":"info","message":"Security action taken","reason":"Test 5","service":"prediction-market-api","target":"192.168.1.65","timestamp":"2026-02-10T12:34:11.348Z","type":"log_event"}
{"description":"Test 6","level":"warn","message":"Security threat detected","service":"prediction-market-api","source":"192.168.1.66","threatId":"threat_1770726851348_61c8a3m","timestamp":"2026-02-10T12:34:11.348Z","type":"suspicious_activity"}
{"level":"info","message":"Security action taken","reason":"Test 6","service":"prediction-market-api","target":"192.168.1.66","timestamp":"2026-02-10T12:34:11.348Z","type":"log_event"}
{"description":"Test 7","level":"warn","message":"Security threat detected","service":"prediction-market-api","source":"192.168.1.67","threatId":"threat_1770726851348_6g0byjq","timestamp":"2026-02-10T12:34:11.348Z","type":"suspicious_activity"}
{"level":"info","message":"Security action taken","reason":"Test 7","service":"prediction-market-api","target":"192.168.1.67","timestamp":"2026-02-10T12:34:11.348Z","type":"log_event"}
{"description":"Test 8","level":"warn","message":"Security threat detected","service":"prediction-market-api","source":"192.168.1.68","threatId":"threat_1770726851348_8c5isfr","timestamp":"2026-02-10T12:34:11.348Z","type":"suspicious_activity"}
{"level":"info","message":"Security action taken","reason":"Test 8","service":"prediction-market-api","target":"192.168.1.68","timestamp":"2026-02-10T12:34:11.348Z","type":"log_event"}
{"description":"Test 9","level":"warn","message":"Security threat detected","service":"prediction-market-api","source":"192.168.1.69","threatId":"threat_1770726851348_geu7bmd","timestamp":"2026-02-10T12:34:11.348Z","type":"suspicious_activity"}
{"level":"info","message":"Security action taken","reason":"Test 9","service":"prediction-market-api","target":"192.168.1.69","timestamp":"2026-02-10T12:34:11.348Z","type":"log_event"}
{"description":"Test","level":"warn","message":"Security threat detected","service":"prediction-market-api","source":"192.168.1.70","threatId":"threat_1770726851349_2ahh8v3","timestamp":"2026-02-10T12:34:11.349Z","type":"brute_force"}
{"description":"Test","level":"error","message":"SECURITY ALERT: Admin notification required","service":"prediction-market-api","source":"192.168.1.70","threatId":"threat_1770726851349_2ahh8v3","timestamp":"2026-02-10T12:34:11.349Z","type":"brute_force"}
{"duration":3600,"level":"info","message":"Security action taken","reason":"High security threat","service":"prediction-market-api","target":"192.168.1.70","timestamp":"2026-02-10T12:34:11.349Z","type":"block_ip"}
{"level":"info","message":"Security action taken","reason":"high threat: Test","service":"prediction-market-api","target":"admins","timestamp":"2026-02-10T12:34:11.349Z","type":"alert_admin"}
{"description":"Test","level":"warn","message":"Security threat detected","service":"prediction-market-api","source":"192.168.1.71","threatId":"threat_1770726851349_mqvzjok","timestamp":"2026-02-10T12:34:11.349Z","type":"sql_injection"}
{"description":"Test","level":"error","message":"SECURITY ALERT: Admin notification required","service":"prediction-market-api","source":"192.168.1.71","threatId":"threat_1770726851349_mqvzjok","timestamp":"2026-02-10T12:34:11.349Z","type":"sql_injection"}
{"duration":86400,"level":"info","message":"Security action taken","reason":"Critical security threat","service":"prediction-market-api","target":"192.168.1.71","timestamp":"2026-02-10T12:34:11.349Z","type":"block_ip"}
{"level":"info","message":"Security action taken","reason":"critical threat: Test","service":"prediction-market-api","target":"admins","timestamp":"2026-02-10T12:34:11.349Z","type":"alert_admin"}
{"description":"Test threat","level":"warn","message":"Security threat detected","service":"prediction-market-api","source":"192.168.1.1","threatId":"threat_1770734970654_hohw1g6","timestamp":"2026-02-10T14:49:30.654Z","type":"suspicious_activity"}
{"level":"info","message":"Security action taken","reason":"Test threat","service":"prediction-market-api","target":"192.168.1.1","timestamp":"2026-02-10T14:49:30.656Z","type":"log_event"}
{"description":"XSS attempt detected","level":"warn","message":"Security threat detected","service":"prediction-market-api","source":"192.168.1.2","threatId":"threat_1770734970657_hj86del","timestamp":"2026-02-10T14:49:30.657Z","type":"xss_attempt"}
{"level":"info","message":"Security action taken","reason":"XSS attempt detected","service":"prediction-market-api","target":"192.168.1.2","timestamp":"2026-02-10T14:49:30.657Z","type":"log_event"}
{"description":"DDoS attack","level":"warn","message":"Security threat detected","service":"prediction-market-api","source":"192.168.1.3","threatId":"threat_1770734970658_r6ykbny","timestamp":"2026-02-10T14:49:30.658Z","type":"ddos"}
{"description":"DDoS attack","level":"error","message":"SECURITY ALERT: Admin notification required","service":"prediction-market-api","source":"192.168.1.3","threatId":"threat_1770734970658_r6ykbny","timestamp":"2026-02-10T14:49:30.658Z","type":"ddos"}
{"duration":86400,"level":"info","message":"Security action taken","reason":"Critical security threat","service":"prediction-market-api","target":"192.168.1.3","timestamp":"2026-02-10T14:49:30.658Z","type":"block_ip"}
{"level":"info","message":"Security action taken","reason":"critical threat: DDoS attack","service":"prediction-market-api","target":"admins","timestamp":"2026-02-10T14:49:30.658Z","type":"alert_admin"}
{"ip":"192.168.1.12","level":"info","message":"IP unblocked","service":"prediction-market-api","timestamp":"2026-02-10T14:49:31.765Z"}
{"level":"info","message":"User unsuspended","service":"prediction-market-api","timestamp":"2026-02-10T14:49:32.869Z","userId":"user-125"}
{"description":"5 failed authentication attempts","level":"warn","message":"Security threat detected","metadata":{"attempts":5},"service":"prediction-market-api","source":"192.168.1.21","threatId":"threat_1770734972872_ci3m3q4","timestamp":"2026-02-10T14:49:32.872Z","type":"brute_force"}
{"description":"5 failed authentication attempts","level":"error","message":"SECURITY ALERT: Admin notification required","service":"prediction-market-api","source":"192.168.1.21","threatId":"threat_1770734972872_ci3m3q4","timestamp":"2026-02-10T14:49:32.872Z","type":"brute_force"}
{"duration":3600,"level":"info","message":"Security action taken","reason":"High security threat","service":"prediction-market-api","target":"192.168.1.21","timestamp":"2026-02-10T14:49:32.872Z","type":"block_ip"}
{"level":"info","message":"Security action taken","reason":"high threat: 5 failed authentication attempts","service":"prediction-market-api","target":"admins","timestamp":"2026-02-10T14:49:32.873Z","type":"alert_admin"}
{"description":"DDoS attack detected: 101 requests in 60s","level":"warn","message":"Security threat detected","metadata":{"requestCount":101},"service":"prediction-market-api","source":"192.168.1.30","threatId":"threat_1770734972874_o0f6znn","timestamp":"2026-02-10T14:49:32.874Z","type":"ddos"}
{"description":"DDoS attack detected: 101 requests in 60s","level":"error","message":"SECURITY ALERT: Admin notification required","service":"prediction-market-api","source":"192.168.1.30","threatId":"threat_1770734972874_o0f6znn","timestamp":"2026-02-10T14:49:32.874Z","type":"ddos"}
{"duration":86400,"level":"info","message":"Security action taken","reason":"Critical security threat","service":"prediction-market-api","target":"192.168.1.30","timestamp":"2026-02-10T14:49:32.874Z","type":"block_ip"}
{"level":"info","message":"Security action taken","reason":"critical threat: DDoS attack detected: 101 requests in 60s","service":"prediction-market-api","target":"admins","timestamp":"2026-02-10T14:49:32.874Z","type":"alert_admin"}
{"description":"Test 1","level":"warn","message":"Security threat detected","service":"prediction-market-api","source":"192.168.1.40","threatId":"threat_1770734972875_m9mugg0","timestamp":"2026-02-10T14:49:32.875Z","type":"suspicious_activity"}
{"level":"info","message":"Security action taken","reason":"Test 1","service":"prediction-market-api","target":"192.168.1.40","timestamp":"2026-02-10T14:49:32.875Z","type":"log_event"}
{"description":"Test 2","level":"warn","message":"Security threat detected","service":"prediction-market-api","source":"192.168.1.40","threatId":"threat_1770734972875_3u57rmv","timestamp":"2026-02-10T14:49:32.875Z","type":"xss_attempt"}
{"level":"info","message":"Security action taken","reason":"Test 2","service":"prediction-market-api","target":"192.168.1.40","timestamp":"2026-02-10T14:49:32.875Z","type":"log_event"}
{"description":"Test","level":"warn","message":"Security threat detected","service":"prediction-market-api","source":"192.168.1.41","threatId":"threat_1770734972876_wezowhe","timestamp":"2026-02-10T14:49:32.876Z","type":"suspicious_activity"}
{"level":"info","message":"Security action taken","reason":"Test","service":"prediction-market-api","target":"192.168.1.41","timestamp":"2026-02-10T14:49:32.876Z","type":"log_event"}
{"description":"Test 1","level":"warn","message":"Security threat detected","service":"prediction-market-api","source":"192.168.1.50","threatId":"threat_1770734972891_6kxpvo6","timestamp":"2026-02-10T14:49:32.891Z","type":"suspicious_activity"}
{"level":"info","message":"Security action taken","reason":"Test 1","service":"prediction-market-api","target":"192.168.1.50","timestamp":"2026-02-10T14:49:32.891Z","type":"log_event"}
{"description":"Test 2","level":"warn","message":"Security threat detected","service":"prediction-market-api","source":"192.168.1.51","threatId":"threat_1770734972891_mvfyuvl","timestamp":"2026-02-10T14:49:32.891Z","type":"xss_attempt"}
{"level":"info","message":"Security action taken","reason":"Test 2","service":"prediction-market-api","target":"192.168.1.51","timestamp":"2026-02-10T14:49:32.891Z","type":"log_event"}
{"description":"Test 0","level":"warn","message":"Security threat detected","service":"prediction-market-api","source":"192.168.1.60","threatId":"threat_1770734972892_ttlul9r","timestamp":"2026-02-10T14:49:32.892Z","type":"suspicious_activity"}
{"level":"info","message":"Security action taken","reason":"Test 0","service":"prediction-market-api","target":"192.168.1.60","timestamp":"2026-02-10T14:49:32.892Z","type":"log_event"}
{"description":"Test 1","level":"warn","message":"Security threat detected","service":"prediction-market-api","source":"192.168.1.61","threatId":"threat_1770734972892_gyx3eq6","timestamp":"2026-02-10T14:49:32.892Z","type":"suspicious_activity"}
{"level":"info","message":"Security action taken","reason":"Test 1","service":"prediction-market-api","target":"192.168.1.61","timestamp":"2026-02-10T14:49:32.892Z","type":"log_event"}
{"description":"Test 2","level":"warn","message":"Security threat detected","service":"prediction-market-api","source":"192.168.1.62","threatId":"threat_1770734972892_x7g6vft","timestamp":"2026-02-10T14:49:32.892Z","type":"suspicious_activity"}
{"level":"info","message":"Security action taken","reason":"Test 2","service":"prediction-market-api","target":"192.168.1.62","timestamp":"2026-02-10T14:49:32.892Z","type":"log_event"}
{"description":"Test 3","level":"warn","message":"Security threat detected","service":"prediction-market-api","source":"192.168.1.63","threatId":"threat_1770734972892_6nqkdmj","timestamp":"2026-02-10T14:49:32.892Z","type":"suspicious_activity"}
{"level":"info","message":"Security action taken","reason":"Test 3","service":"prediction-market-api","target":"192.168.1.63","timestamp":"2026-02-10T14:49:32.892Z","type":"log_event"}
{"description":"Test 4","level":"warn","message":"Security threat detected","service":"prediction-market-api","source":"192.168.1.64","threatId":"threat_1770734972892_i9ctxfh","timestamp":"2026-02-10T14:49:32.892Z","type":"suspicious_activity"}
{"level":"info","message":"Security action taken","reason":"Test 4","service":"prediction-market-api","target":"192.168.1.64","timestamp":"2026-02-10T14:49:32.892Z","type":"log_event"}
{"description":"Test 5","level":"warn","message":"Security threat detected","service":"prediction-market-api","source":"192.168.1.65","threatId":"threat_1770734972892_2ljma9b","timestamp":"2026-02-10T14:49:32.892Z","type":"suspicious_activity"}
{"level":"info","message":"Security action taken","reason":"Test 5","service":"prediction-market-api","target":"192.168.1.65","timestamp":"2026-02-10T14:49:32.892Z","type":"log_event"}
{"description":"Test 6","level":"warn","message":"Security threat detected","service":"prediction-market-api","source":"192.168.1.66","threatId":"threat_1770734972892_tenlpw1","timestamp":"2026-02-10T14:49:32.892Z","type":"suspicious_activity"}
{"level":"info","message":"Security action taken","reason":"Test 6","service":"prediction-market-api","target":"192.168.1.66","timestamp":"2026-02-10T14:49:32.892Z","type":"log_event"}
{"description":"Test 7","level":"warn","message":"Security threat detected","service":"prediction-market-api","source":"192.168.1.67","threatId":"threat_1770734972892_tcp5mea","timestamp":"2026-02-10T14:49:32.892Z","type":"suspicious_activity"}
{"level":"info","message":"Security action taken","reason":"Test 7","service":"prediction-market-api","target":"192.168.1.67","timestamp":"2026-02-10T14:49:32.892Z","type":"log_event"}
{"description":"Test 8","level":"warn","message":"Security threat detected","service":"prediction-market-api","source":"192.168.1.68","threatId":"threat_1770734972892_akf3q7t","timestamp":"2026-02-10T14:49:32.892Z","type":"suspicious_activity"}
{"level":"info","message":"Security action taken","reason":"Test 8","service":"prediction-market-api","target":"192.168.1.68","timestamp":"2026-02-10T14:49:32.893Z","type":"log_event"}
{"description":"Test 9","level":"warn","message":"Security threat detected","service":"prediction-market-api","source":"192.168.1.69","threatId":"threat_1770734972893_sd6jcr7","timestamp":"2026-02-10T14:49:32.893Z","type":"suspicious_activity"}
{"level":"info","message":"Security action taken","reason":"Test 9","service":"prediction-market-api","target":"192.168.1.69","timestamp":"2026-02-10T14:49:32.893Z","type":"log_event"}
{"description":"Test","level":"warn","message":"Security threat detected","service":"prediction-market-api","source":"192.168.1.70","threatId":"threat_1770734972893_rhgzl9h","timestamp":"2026-02-10T14:49:32.893Z","type":"brute_force"}
{"description":"Test","level":"error","message":"SECURITY ALERT: Admin notification required","service":"prediction-market-api","source":"192.168.1.70","threatId":"threat_1770734972893_rhgzl9h","timestamp":"2026-02-10T14:49:32.893Z","type":"brute_force"}
{"duration":3600,"level":"info","message":"Security action taken","reason":"High security threat","service":"prediction-market-api","target":"192.168.1.70","timestamp":"2026-02-10T14:49:32.893Z","type":"block_ip"}
{"level":"info","message":"Security action taken","reason":"high threat: Test","service":"prediction-market-api","target":"admins","timestamp":"2026-02-10T14:49:32.893Z","type":"alert_admin"}
{"description":"Test","level":"warn","message":"Security threat detected","service":"prediction-market-api","source":"192.168.1.71","threatId":"threat_1770734972893_cgkgy70","timestamp":"2026-02-10T14:49:32.893Z","type":"sql_injection"}
{"description":"Test","level":"error","message":"SECURITY ALERT: Admin notification required","service":"prediction-market-api","source":"192.168.1.71","threatId":"threat_1770734972893_cgkgy70","timestamp":"2026-02-10T14:49:32.893Z","type":"sql_injection"}
{"duration":86400,"level":"info","message":"Security action taken","reason":"Critical security threat","service":"prediction-market-api","target":"192.168.1.71","timestamp":"2026-02-10T14:49:32.893Z","type":"block_ip"}
{"level":"info","message":"Security action taken","reason":"critical threat: Test","service":"prediction-market-api","target":"admins","timestamp":"2026-02-10T14:49:32.893Z","type":"alert_admin"}
{"description":"Test threat","level":"warn","message":"Security threat detected","service":"prediction-market-api","source":"192.168.1.1","threatId":"threat_1770770899163_e9ef04r","timestamp":"2026-02-11T00:48:19.163Z","type":"suspicious_activity"}
{"level":"info","message":"Security action taken","reason":"Test threat","service":"prediction-market-api","target":"192.168.1.1","timestamp":"2026-02-11T00:48:19.165Z","type":"log_event"}
{"description":"XSS attempt detected","level":"warn","message":"Security threat detected","service":"prediction-market-api","source":"192.168.1.2","threatId":"threat_1770770899168_nh5g6wj","timestamp":"2026-02-11T00:48:19.169Z","type":"xss_attempt"}
{"level":"info","message":"Security action taken","reason":"XSS attempt detected","service":"prediction-market-api","target":"192.168.1.2","timestamp":"2026-02-11T00:48:19.169Z","type":"log_event"}
{"description":"DDoS attack","level":"warn","message":"Security threat detected","service":"prediction-market-api","source":"192.168.1.3","threatId":"threat_1770770899169_lkrzib5","timestamp":"2026-02-11T00:48:19.169Z","type":"ddos"}
{"description":"DDoS attack","level":"error","message":"SECURITY ALERT: Admin notification required","service":"prediction-market-api","source":"192.168.1.3","threatId":"threat_1770770899169_lkrzib5","timestamp":"2026-02-11T00:48:19.170Z","type":"ddos"}
{"duration":86400,"level":"info","message":"Security action taken","reason":"Critical security threat","service":"prediction-market-api","target":"192.168.1.3","timestamp":"2026-02-11T00:48:19.170Z","type":"block_ip"}
{"level":"info","message":"Security action taken","reason":"critical threat: DDoS attack","service":"prediction-market-api","target":"admins","timestamp":"2026-02-11T00:48:19.170Z","type":"alert_admin"}
{"ip":"192.168.1.12","level":"info","message":"IP unblocked","service":"prediction-market-api","timestamp":"2026-02-11T00:48:20.274Z"}
{"level":"info","message":"User unsuspended","service":"prediction-market-api","timestamp":"2026-02-11T00:48:21.380Z","userId":"user-125"}
{"description":"5 failed authentication attempts","level":"warn","message":"Security threat detected","metadata":{"attempts":5},"service":"prediction-market-api","source":"192.168.1.21","threatId":"threat_1770770901382_0gkzoqy","timestamp":"2026-02-11T00:48:21.382Z","type":"brute_force"}
{"description":"5 failed authentication attempts","level":"error","message":"SECURITY ALERT: Admin notification required","service":"prediction-market-api","source":"192.168.1.21","threatId":"threat_1770770901382_0gkzoqy","timestamp":"2026-02-11T00:48:21.382Z","type":"brute_force"}
{"duration":3600,"level":"info","message":"Security action taken","reason":"High security threat","service":"prediction-market-api","target":"192.168.1.21","timestamp":"2026-02-11T00:48:21.382Z","type":"block_ip"}
{"level":"info","message":"Security action taken","reason":"high threat: 5 failed authentication attempts","service":"prediction-market-api","target":"admins","timestamp":"2026-02-11T00:48:21.382Z","type":"alert_admin"}
{"description":"DDoS attack detected: 101 requests in 60s","level":"warn","message":"Security threat detected","metadata":{"requestCount":101},"service":"prediction-market-api","source":"192.168.1.30","threatId":"threat_1770770901384_byx5915","timestamp":"2026-02-11T00:48:21.384Z","type":"ddos"}
{"description":"DDoS attack detected: 101 requests in 60s","level":"error","message":"SECURITY ALERT: Admin notification required","service":"prediction-market-api","source":"192.168.1.30","threatId":"threat_1770770901384_byx5915","timestamp":"2026-02-11T00:48:21.384Z","type":"ddos"}
{"duration":86400,"level":"info","message":"Security action taken","reason":"Critical security threat","service":"prediction-market-api","target":"192.168.1.30","timestamp":"2026-02-11T00:48:21.384Z","type":"block_ip"}
{"level":"info","message":"Security action taken","reason":"critical threat: DDoS attack detected: 101 requests in 60s","service":"prediction-market-api","target":"admins","timestamp":"2026-02-11T00:48:21.384Z","type":"alert_admin"}
{"description":"Test 1","level":"warn","message":"Security threat detected","service":"prediction-market-api","source":"192.168.1.40","threatId":"threat_1770770901386_aa9k1vl","timestamp":"2026-02-11T00:48:21.386Z","type":"suspicious_activity"}
{"level":"info","message":"Security action taken","reason":"Test 1","service":"prediction-market-api","target":"192.168.1.40","timestamp":"2026-02-11T00:48:21.386Z","type":"log_event"}
{"description":"Test 2","level":"warn","message":"Security threat detected","service":"prediction-market-api","source":"192.168.1.40","threatId":"threat_1770770901387_txix08g","timestamp":"2026-02-11T00:48:21.387Z","type":"xss_attempt"}
{"level":"info","message":"Security action taken","reason":"Test 2","service":"prediction-market-api","target":"192.168.1.40","timestamp":"2026-02-11T00:48:21.387Z","type":"log_event"}
{"description":"Test","level":"warn","message":"Security threat detected","service":"prediction-market-api","source":"192.168.1.41","threatId":"threat_1770770901388_j21b0p4","timestamp":"2026-02-11T00:48:21.388Z","type":"suspicious_activity"}
{"level":"info","message":"Security action taken","reason":"Test","service":"prediction-market-api","target":"192.168.1.41","timestamp":"2026-02-11T00:48:21.388Z","type":"log_event"}
{"description":"Test 1","level":"warn","message":"Security threat detected","service":"prediction-market-api","source":"192.168.1.50","threatId":"threat_1770770901407_uq3g9mu","timestamp":"2026-02-11T00:48:21.407Z","type":"suspicious_activity"}
{"level":"info","message":"Security action taken","reason":"Test 1","service":"prediction-market-api","target":"192.168.1.50","timestamp":"2026-02-11T00:48:21.407Z","type":"log_event"}
{"description":"Test 2","level":"warn","message":"Security threat detected","service":"prediction-market-api","source":"192.168.1.51","threatId":"threat_1770770901408_2fttygq","timestamp":"2026-02-11T00:48:21.408Z","type":"xss_attempt"}
{"level":"info","message":"Security action taken","reason":"Test 2","service":"prediction-market-api","target":"192.168.1.51","timestamp":"2026-02-11T00:48:21.408Z","type":"log_event"}
{"description":"Test 0","level":"warn","message":"Security threat detected","service":"prediction-market-api","source":"192.168.1.60","threatId":"threat_1770770901408_lsj38ff","timestamp":"2026-02-11T00:48:21.408Z","type":"suspicious_activity"}
{"level":"info","message":"Security action taken","reason":"Test 0","service":"prediction-market-api","target":"192.168.1.60","timestamp":"2026-02-11T00:48:21.408Z","type":"log_event"}
{"description":"Test 1","level":"warn","message":"Security threat detected","service":"prediction-market-api","source":"192.168.1.61","threatId":"threat_1770770901408_79fxi28","timestamp":"2026-02-11T00:48:21.408Z","type":"suspicious_activity"}
{"level":"info","message":"Security action taken","reason":"Test 1","service":"prediction-market-api","target":"192.168.1.61","timestamp":"2026-02-11T00:48:21.408Z","type":"log_event"}
{"description":"Test 2","level":"warn","message":"Security threat detected","service":"prediction-market-api","source":"192.168.1.62","threatId":"threat_1770770901408_fhlof2q","timestamp":"2026-02-11T00:48:21.408Z","type":"suspicious_activity"}
{"level":"info","message":"Security action taken","reason":"Test 2","service":"prediction-market-api","target":"192.168.1.62","timestamp":"2026-02-11T00:48:21.408Z","type":"log_event"}
{"description":"Test 3","level":"warn","message":"Security threat detected","service":"prediction-market-api","source":"192.168.1.63","threatId":"threat_1770770901408_788y3kp","timestamp":"2026-02-11T00:48:21.408Z","type":"suspicious_activity"}
{"level":"info","message":"Security action taken","reason":"Test 3","service":"prediction-market-api","target":"192.168.1.63","timestamp":"2026-02-11T00:48:21.408Z","type":"log_event"}
{"description":"Test 4","level":"warn","message":"Security threat detected","service":"prediction-market-api","source":"192.168.1.64","threatId":"threat_1770770901409_45wxzhm","timestamp":"2026-02-11T00:48:21.409Z","type":"suspicious_activity"}
{"level":"info","message":"Security action taken","reason":"Test 4","service":"prediction-market-api","target":"192.168.1.64","timestamp":"2026-02-11T00:48:21.409Z","type":"log_event"}
{"description":"Test 5","level":"warn","message":"Security threat detected","service":"prediction-market-api","source":"192.168.1.65","threatId":"threat_1770770901409_3eylktp","timestamp":"2026-02-11T00:48:21.409Z","type":"suspicious_activity"}
{"level":"info","message":"Security action taken","reason":"Test 5","service":"prediction-market-api","target":"192.168.1.65","timestamp":"2026-02-11T00:48:21.409Z","type":"log_event"}
{"description":"Test 6","level":"warn","message":"Security threat detected","service":"prediction-market-api","source":"192.168.1.66","threatId":"threat_1770770901409_6t9mcte","timestamp":"2026-02-11T00:48:21.409Z","type":"suspicious_activity"}
{"level":"info","message":"Security action taken","reason":"Test 6","service":"prediction-market-api","target":"192.168.1.66","timestamp":"2026-02-11T00:48:21.409Z","type":"log_event"}
{"description":"Test 7","level":"warn","message":"Security threat detected","service":"prediction-market-api","source":"192.168.1.67","threatId":"threat_1770770901409_5hf8sh4","timestamp":"2026-02-11T00:48:21.409Z","type":"suspicious_activity"}
{"level":"info","message":"Security action taken","reason":"Test 7","service":"prediction-market-api","target":"192.168.1.67","timestamp":"2026-02-11T00:48:21.409Z","type":"log_event"}
{"description":"Test 8","level":"warn","message":"Security threat detected","service":"prediction-market-api","source":"192.168.1.68","threatId":"threat_1770770901409_4fzhc29","timestamp":"2026-02-11T00:48:21.409Z","type":"suspicious_activity"}
{"level":"info","message":"Security action taken","reason":"Test 8","service":"prediction-market-api","target":"192.168.1.68","timestamp":"2026-02-11T00:48:21.409Z","type":"log_event"}
{"description":"Test 9","level":"warn","message":"Security threat detected","service":"prediction-market-api","source":"192.168.1.69","threatId":"threat_1770770901409_5glcfnx","timestamp":"2026-02-11T00:48:21.409Z","type":"suspicious_activity"}
{"level":"info","message":"Security action taken","reason":"Test 9","service":"prediction-market-api","target":"192.168.1.69","timestamp":"2026-02-11T00:48:21.409Z","type":"log_event"}
{"description":"Test","level":"warn","message":"Security threat detected","service":"prediction-market-api","source":"192.168.1.70","threatId":"threat_1770770901409_79mh15l","timestamp":"2026-02-11T00:48:21.409Z","type":"brute_force"}
{"description":"Test","level":"error","message":"SECURITY ALERT: Admin notification required","service":"prediction-market-api","source":"192.168.1.70","threatId":"threat_1770770901409_79mh15l","timestamp":"2026-02-11T00:48:21.409Z","type":"brute_force"}
{"duration":3600,"level":"info","message":"Security action taken","reason":"High security threat","service":"prediction-market-api","target":"192.168.1.70","timestamp":"2026-02-11T00:48:21.409Z","type":"block_ip"}
{"level":"info","message":"Security action taken","reason":"high threat: Test","service":"prediction-market-api","target":"admins","timestamp":"2026-02-11T00:48:21.410Z","type":"alert_admin"}
{"description":"Test","level":"warn","message":"Security threat detected","service":"prediction-market-api","source":"192.168.1.71","threatId":"threat_1770770901410_00dxdrd","timestamp":"2026-02-11T00:48:21.410Z","type":"sql_injection"}
{"description":"Test","level":"error","message":"SECURITY ALERT: Admin notification required","service":"prediction-market-api","source":"192.168.1.71","threatId":"threat_1770770901410_00dxdrd","timestamp":"2026-02-11T00:48:21.410Z","type":"sql_injection"}
{"duration":86400,"level":"info","message":"Security action taken","reason":"Critical security threat","service":"prediction-market-api","target":"192.168.1.71","timestamp":"2026-02-11T00:48:21.410Z","type":"block_ip"}
{"level":"info","message":"Security action taken","reason":"critical threat: Test","service":"prediction-market-api","target":"admins","timestamp":"2026-02-11T00:48:21.410Z","type":"alert_admin"}
{"description":"Test threat","level":"warn","message":"Security threat detected","service":"prediction-market-api","source":"192.168.1.1","threatId":"threat_1770787296922_wxxx7v5","timestamp":"2026-02-11T05:21:36.923Z","type":"suspicious_activity"}
{"level":"info","message":"Security action taken","reason":"Test threat","service":"prediction-market-api","target":"192.168.1.1","timestamp":"2026-02-11T05:21:36.925Z","type":"log_event"}
{"description":"XSS attempt detected","level":"warn","message":"Security threat detected","service":"prediction-market-api","source":"192.168.1.2","threatId":"threat_1770787296927_iewe0za","timestamp":"2026-02-11T05:21:36.927Z","type":"xss_attempt"}
{"level":"info","message":"Security action taken","reason":"XSS attempt detected","service":"prediction-market-api","target":"192.168.1.2","timestamp":"2026-02-11T05:21:36.927Z","type":"log_event"}
{"description":"DDoS attack","level":"warn","message":"Security threat detected","service":"prediction-market-api","source":"192.168.1.3","threatId":"threat_1770787296927_rqjixlm","timestamp":"2026-02-11T05:21:36.927Z","type":"ddos"}
{"description":"DDoS attack","level":"error","message":"SECURITY ALERT: Admin notification required","service":"prediction-market-api","source":"192.168.1.3","threatId":"threat_1770787296927_rqjixlm","timestamp":"2026-02-11T05:21:36.928Z","type":"ddos"}
{"duration":86400,"level":"info","message":"Security action taken","reason":"Critical security threat","service":"prediction-market-api","target":"192.168.1.3","timestamp":"2026-02-11T05:21:36.928Z","type":"block_ip"}
{"level":"info","message":"Security action taken","reason":"critical threat: DDoS attack","service":"prediction-market-api","target":"admins","timestamp":"2026-02-11T05:21:36.928Z","type":"alert_admin"}
{"ip":"192.168.1.12","level":"info","message":"IP unblocked","service":"prediction-market-api","timestamp":"2026-02-11T05:21:38.034Z"}
{"level":"info","message":"User unsuspended","service":"prediction-market-api","timestamp":"2026-02-11T05:21:39.140Z","userId":"user-125"}
{"description":"5 failed authentication attempts","level":"warn","message":"Security threat detected","metadata":{"attempts":5},"service":"prediction-market-api","source":"192.168.1.21","threatId":"threat_1770787299142_f7ftn4c","timestamp":"2026-02-11T05:21:39.142Z","type":"brute_force"}
{"description":"5 failed authentication attempts","level":"error","message":"SECURITY ALERT: Admin notification required","service":"prediction-market-api","source":"192.168.1.21","threatId":"threat_1770787299142_f7ftn4c","timestamp":"2026-02-11T05:21:39.142Z","type":"brute_force"}
{"duration":3600,"level":"info","message":"Security action taken","reason":"High security threat","service":"prediction-market-api","target":"192.168.1.21","timestamp":"2026-02-11T05:21:39.142Z","type":"block_ip"}
{"level":"info","message":"Security action taken","reason":"high threat: 5 failed authentication attempts","service":"prediction-market-api","target":"admins","timestamp":"2026-02-11T05:21:39.142Z","type":"alert_admin"}
{"description":"DDoS attack detected: 101 requests in 60s","level":"warn","message":"Security threat detected","metadata":{"requestCount":101},"service":"prediction-market-api","source":"192.168.1.30","threatId":"threat_1770787299143_7zvkb7r","timestamp":"2026-02-11T05:21:39.143Z","type":"ddos"}
{"description":"DDoS attack detected: 101 requests in 60s","level":"error","message":"SECURITY ALERT: Admin notification required","service":"prediction-market-api","source":"192.168.1.30","threatId":"threat_1770787299143_7zvkb7r","timestamp":"2026-02-11T05:21:39.143Z","type":"ddos"}
{"duration":86400,"level":"info","message":"Security action taken","reason":"Critical security threat","service":"prediction-market-api","target":"192.168.1.30","timestamp":"2026-02-11T05:21:39.143Z","type":"block_ip"}
{"level":"info","message":"Security action taken","reason":"critical threat: DDoS attack detected: 101 requests in 60s","service":"prediction-market-api","target":"admins","timestamp":"2026-02-11T05:21:39.143Z","type":"alert_admin"}
{"description":"Test 1","level":"warn","message":"Security threat detected","service":"prediction-market-api","source":"192.168.1.40","threatId":"threat_1770787299144_dc1936m","timestamp":"2026-02-11T05:21:39.144Z","type":"suspicious_activity"}
{"level":"info","message":"Security action taken","reason":"Test 1","service":"prediction-market-api","target":"192.168.1.40","timestamp":"2026-02-11T05:21:39.144Z","type":"log_event"}
{"description":"Test 2","level":"warn","message":"Security threat detected","service":"prediction-market-api","source":"192.168.1.40","threatId":"threat_1770787299144_zxggsx2","timestamp":"2026-02-11T05:21:39.144Z","type":"xss_attempt"}
{"level":"info","message":"Security action taken","reason":"Test 2","service":"prediction-market-api","target":"192.168.1.40","timestamp":"2026-02-11T05:21:39.144Z","type":"log_event"}
{"description":"Test","level":"warn","message":"Security threat detected","service":"prediction-market-api","source":"192.168.1.41","threatId":"threat_1770787299145_fguhiny","timestamp":"2026-02-11T05:21:39.145Z","type":"suspicious_activity"}
{"level":"info","message":"Security action taken","reason":"Test","service":"prediction-market-api","target":"192.168.1.41","timestamp":"2026-02-11T05:21:39.145Z","type":"log_event"}
{"description":"Test 1","level":"warn","message":"Security threat detected","service":"prediction-market-api","source":"192.168.1.50","threatId":"threat_1770787299159_ogawivw","timestamp":"2026-02-11T05:21:39.159Z","type":"suspicious_activity"}
{"level":"info","message":"Security action taken","reason":"Test 1","service":"prediction-market-api","target":"192.168.1.50","timestamp":"2026-02-11T05:21:39.159Z","type":"log_event"}
{"description":"Test 2","level":"warn","message":"Security threat detected","service":"prediction-market-api","source":"192.168.1.51","threatId":"threat_1770787299159_vvj22ed","timestamp":"2026-02-11T05:21:39.159Z","type":"xss_attempt"}
{"level":"info","message":"Security action taken","reason":"Test 2","service":"prediction-market-api","target":"192.168.1.51","timestamp":"2026-02-11T05:21:39.159Z","type":"log_event"}
{"description":"Test 0","level":"warn","message":"Security threat detected","service":"prediction-market-api","source":"192.168.1.60","threatId":"threat_1770787299160_osse0hs","timestamp":"2026-02-11T05:21:39.160Z","type":"suspicious_activity"}
{"level":"info","message":"Security action taken","reason":"Test 0","service":"prediction-market-api","target":"192.168.1.60","timestamp":"2026-02-11T05:21:39.160Z","type":"log_event"}
{"description":"Test 1","level":"warn","message":"Security threat detected","service":"prediction-market-api","source":"192.168.1.61","threatId":"threat_1770787299160_q3vw1i1","timestamp":"2026-02-11T05:21:39.160Z","type":"suspicious_activity"}
{"level":"info","message":"Security action taken","reason":"Test 1","service":"prediction-market-api","target":"192.168.1.61","timestamp":"2026-02-11T05:21:39.160Z","type":"log_event"}
{"description":"Test 2","level":"warn","message":"Security threat detected","service":"prediction-market-api","source":"192.168.1.62","threatId":"threat_1770787299160_2i7g9yz","timestamp":"2026-02-11T05:21:39.160Z","type":"suspicious_activity"}
{"level":"info","message":"Security action taken","reason":"Test 2","service":"prediction-market-api","target":"192.168.1.62","timestamp":"2026-02-11T05:21:39.160Z","type":"log_event"}
{"description":"Test 3","level":"warn","message":"Security threat detected","service":"prediction-market-api","source":"192.168.1.63","threatId":"threat_1770787299160_dw7ebmj","timestamp":"2026-02-11T05:21:39.160Z","type":"suspicious_activity"}
{"level":"info","message":"Security action taken","reason":"Test 3","service":"prediction-market-api","target":"192.168.1.63","timestamp":"2026-02-11T05:21:39.160Z","type":"log_event"}
{"description":"Test 4","level":"warn","message":"Security threat detected","service":"prediction-market-api","source":"192.168.1.64","threatId":"threat_1770787299160_47orm2s","timestamp":"2026-02-11T05:21:39.160Z","type":"suspicious_activity"}
{"level":"info","message":"Security action taken","reason":"Test 4","service":"prediction-market-api","target":"192.168.1.64","timestamp":"2026-02-11T05:21:39.160Z","type":"log_event"}
{"description":"Test 5","level":"warn","message":"Security threat detected","service":"prediction-market-api","source":"192.168.1.65","threatId":"threat_1770787299160_mecs1pd","timestamp":"2026-02-11T05:21:39.160Z","type":"suspicious_activity"}
{"level":"info","message":"Security action taken","reason":"Test 5","service":"prediction-market-api","target":"192.168.1.65","timestamp":"2026-02-11T05:21:39.160Z","type":"log_event"}
{"description":"Test 6","level":"warn","message":"Security threat detected","service":"prediction-market-api","source":"192.168.1.66","threatId":"threat_1770787299160_ueguoou","timestamp":"2026-02-11T05:21:39.160Z","type":"suspicious_activity"}
{"level":"info","message":"Security action taken","reason":"Test 6","service":"prediction-market-api","target":"192.168.1.66","timestamp":"2026-02-11T05:21:39.160Z","type":"log_event"}
{"description":"Test 7","level":"warn","message":"Security threat detected","service":"prediction-market-api","source":"192.168.1.67","threatId":"threat_1770787299160_lvu56d3","timestamp":"2026-02-11T05:21:39.160Z","type":"suspicious_activity"}
{"level":"info","message":"Security action taken","reason":"Test 7","service":"prediction-market-api","target":"192.168.1.67","timestamp":"2026-02-11T05:21:39.160Z","type":"log_event"}
{"description":"Test 8","level":"warn","message":"Security threat detected","service":"prediction-market-api","source":"192.168.1.68","threatId":"threat_1770787299160_71nnv7j","timestamp":"2026-02-11T05:21:39.160Z","type":"suspicious_activity"}
{"level":"info","message":"Security action taken","reason":"Test 8","service":"prediction-market-api","target":"192.168.1.68","timestamp":"2026-02-11T05:21:39.160Z","type":"log_event"}
{"description":"Test 9","level":"warn","message":"Security threat detected","service":"prediction-market-api","source":"192.168.1.69","threatId":"threat_1770787299160_z72u6v0","timestamp":"2026-02-11T05:21:39.160Z","type":"suspicious_activity"}
{"level":"info","message":"Security action taken","reason":"Test 9","service":"prediction-market-api","target":"192.168.1.69","timestamp":"2026-02-11T05:21:39.160Z","type":"log_event"}
{"description":"Test","level":"warn","message":"Security threat detected","service":"prediction-market-api","source":"192.168.1.70","threatId":"threat_1770787299161_982ehyq","timestamp":"2026-02-11T05:21:39.161Z","type":"brute_force"}
{"description":"Test","level":"error","message":"SECURITY ALERT: Admin notification required","service":"prediction-market-api","source":"192.168.1.70","threatId":"threat_1770787299161_982ehyq","timestamp":"2026-02-11T05:21:39.161Z","type":"brute_force"}
{"duration":3600,"level":"info","message":"Security action taken","reason":"High security threat","service":"prediction-market-api","target":"192.168.1.70","timestamp":"2026-02-11T05:21:39.161Z","type":"block_ip"}
{"level":"info","message":"Security action taken","reason":"high threat: Test","service":"prediction-market-api","target":"admins","timestamp":"2026-02-11T05:21:39.161Z","type":"alert_admin"}
{"description":"Test","level":"warn","message":"Security threat detected","service":"prediction-market-api","source":"192.168.1.71","threatId":"threat_1770787299161_hd1akzy","timestamp":"2026-02-11T05:21:39.161Z","type":"sql_injection"}
{"description":"Test","level":"error","message":"SECURITY ALERT: Admin notification required","service":"prediction-market-api","source":"192.168.1.71","threatId":"threat_1770787299161_hd1akzy","timestamp":"2026-02-11T05:21:39.161Z","type":"sql_injection"}
{"duration":86400,"level":"info","message":"Security action taken","reason":"Critical security threat","service":"prediction-market-api","target":"192.168.1.71","timestamp":"2026-02-11T05:21:39.161Z","type":"block_ip"}
{"level":"info","message":"Security action taken","reason":"critical threat: Test","service":"prediction-market-api","target":"admins","timestamp":"2026-02-11T05:21:39.161Z","type":"alert_admin"}
{"description":"Test threat","level":"warn","message":"Security threat detected","service":"prediction-market-api","source":"192.168.1.1","threatId":"threat_1770791730200_7uny0hj","timestamp":"2026-02-11T06:35:30.200Z","type":"suspicious_activity"}
{"level":"info","message":"Security action taken","reason":"Test threat","service":"prediction-market-api","target":"192.168.1.1","timestamp":"2026-02-11T06:35:30.202Z","type":"log_event"}
{"description":"XSS attempt detected","level":"warn","message":"Security threat detected","service":"prediction-market-api","source":"192.168.1.2","threatId":"threat_1770791730207_yhh3cug","timestamp":"2026-02-11T06:35:30.207Z","type":"xss_attempt"}
{"level":"info","message":"Security action taken","reason":"XSS attempt detected","service":"prediction-market-api","target":"192.168.1.2","timestamp":"2026-02-11T06:35:30.207Z","type":"log_event"}
{"description":"DDoS attack","level":"warn","message":"Security threat detected","service":"prediction-market-api","source":"192.168.1.3","threatId":"threat_1770791730208_e2pdsn6","timestamp":"2026-02-11T06:35:30.208Z","type":"ddos"}
{"description":"DDoS attack","level":"error","message":"SECURITY ALERT: Admin notification required","service":"prediction-market-api","source":"192.168.1.3","threatId":"threat_1770791730208_e2pdsn6","timestamp":"2026-02-11T06:35:30.208Z","type":"ddos"}
{"duration":86400,"level":"info","message":"Security action taken","reason":"Critical security threat","service":"prediction-market-api","target":"192.168.1.3","timestamp":"2026-02-11T06:35:30.208Z","type":"block_ip"}
{"level":"info","message":"Security action taken","reason":"critical threat: DDoS attack","service":"prediction-market-api","target":"admins","timestamp":"2026-02-11T06:35:30.208Z","type":"alert_admin"}
{"ip":"192.168.1.12","level":"info","message":"IP unblocked","service":"prediction-market-api","timestamp":"2026-02-11T06:35:31.312Z"}
{"level":"info","message":"User unsuspended","service":"prediction-market-api","timestamp":"2026-02-11T06:35:32.422Z","userId":"user-125"}
{"description":"5 failed authentication attempts","level":"warn","message":"Security threat detected","metadata":{"attempts":5},"service":"prediction-market-api","source":"192.168.1.21","threatId":"threat_1770791732424_hw7l1pb","timestamp":"2026-02-11T06:35:32.425Z","type":"brute_force"}
{"description":"5 failed authentication attempts","level":"error","message":"SECURITY ALERT: Admin notification required","service":"prediction-market-api","source":"192.168.1.21","threatId":"threat_1770791732424_hw7l1pb","timestamp":"2026-02-11T06:35:32.425Z","type":"brute_force"}
{"duration":3600,"level":"info","message":"Security action taken","reason":"High security threat","service":"prediction-market-api","target":"192.168.1.21","timestamp":"2026-02-11T06:35:32.425Z","type":"block_ip"}
{"level":"info","message":"Security action taken","reason":"high threat: 5 failed authentication attempts","service":"prediction-market-api","target":"admins","timestamp":"2026-02-11T06:35:32.425Z","type":"alert_admin"}
{"description":"DDoS attack detected: 101 requests in 60s","level":"warn","message":"Security threat detected","metadata":{"requestCount":101},"service":"prediction-market-api","source":"192.168.1.30","threatId":"threat_1770791732427_3ouksgw","timestamp":"2026-02-11T06:35:32.427Z","type":"ddos"}
{"description":"DDoS attack detected: 101 requests in 60s","level":"error","message":"SECURITY ALERT: Admin notification required","service":"prediction-market-api","source":"192.168.1.30","threatId":"threat_1770791732427_3ouksgw","timestamp":"2026-02-11T06:35:32.428Z","type":"ddos"}
{"duration":86400,"level":"info","message":"Security action taken","reason":"Critical security threat","service":"prediction-market-api","target":"192.168.1.30","timestamp":"2026-02-11T06:35:32.427Z","type":"block_ip"}
{"level":"info","message":"Security action taken","reason":"critical threat: DDoS attack detected: 101 requests in 60s","service":"prediction-market-api","target":"admins","timestamp":"2026-02-11T06:35:32.428Z","type":"alert_admin"}
{"description":"Test 1","level":"warn","message":"Security threat detected","service":"prediction-market-api","source":"192.168.1.40","threatId":"threat_1770791732429_f3s02e6","timestamp":"2026-02-11T06:35:32.429Z","type":"suspicious_activity"}
{"level":"info","message":"Security action taken","reason":"Test 1","service":"prediction-market-api","target":"192.168.1.40","timestamp":"2026-02-11T06:35:32.429Z","type":"log_event"}
{"description":"Test 2","level":"warn","message":"Security threat detected","service":"prediction-market-api","source":"192.168.1.40","threatId":"threat_1770791732429_jofkqcp","timestamp":"2026-02-11T06:35:32.429Z","type":"xss_attempt"}
{"level":"info","message":"Security action taken","reason":"Test 2","service":"prediction-market-api","target":"192.168.1.40","timestamp":"2026-02-11T06:35:32.429Z","type":"log_event"}
{"description":"Test","level":"warn","message":"Security threat detected","service":"prediction-market-api","source":"192.168.1.41","threatId":"threat_1770791732431_429ztco","timestamp":"2026-02-11T06:35:32.431Z","type":"suspicious_activity"}
{"level":"info","message":"Security action taken","reason":"Test","service":"prediction-market-api","target":"192.168.1.41","timestamp":"2026-02-11T06:35:32.431Z","type":"log_event"}
{"description":"Test 1","level":"warn","message":"Security threat detected","service":"prediction-market-api","source":"192.168.1.50","threatId":"threat_1770791732446_kmullee","timestamp":"2026-02-11T06:35:32.446Z","type":"suspicious_activity"}
{"level":"info","message":"Security action taken","reason":"Test 1","service":"prediction-market-api","target":"192.168.1.50","timestamp":"2026-02-11T06:35:32.446Z","type":"log_event"}
{"description":"Test 2","level":"warn","message":"Security threat detected","service":"prediction-market-api","source":"192.168.1.51","threatId":"threat_1770791732446_ti9xhir","timestamp":"2026-02-11T06:35:32.446Z","type":"xss_attempt"}
{"level":"info","message":"Security action taken","reason":"Test 2","service":"prediction-market-api","target":"192.168.1.51","timestamp":"2026-02-11T06:35:32.446Z","type":"log_event"}
{"description":"Test 0","level":"warn","message":"Security threat detected","service":"prediction-market-api","source":"192.168.1.60","threatId":"threat_1770791732447_giemwig","timestamp":"2026-02-11T06:35:32.447Z","type":"suspicious_activity"}
{"level":"info","message":"Security action taken","reason":"Test 0","service":"prediction-market-api","target":"192.168.1.60","timestamp":"2026-02-11T06:35:32.447Z","type":"log_event"}
{"description":"Test 1","level":"warn","message":"Security threat detected","service":"prediction-market-api","source":"192.168.1.61","threatId":"threat_1770791732447_b4qok47","timestamp":"2026-02-11T06:35:32.447Z","type":"suspicious_activity"}
{"level":"info","message":"Security action taken","reason":"Test 1","service":"prediction-market-api","target":"192.168.1.61","timestamp":"2026-02-11T06:35:32.447Z","type":"log_event"}
{"description":"Test 2","level":"warn","message":"Security threat detected","service":"prediction-market-api","source":"192.168.1.62","threatId":"threat_1770791732447_zyyjflk","timestamp":"2026-02-11T06:35:32.447Z","type":"suspicious_activity"}
{"level":"info","message":"Security action taken","reason":"Test 2","service":"prediction-market-api","target":"192.168.1.62","timestamp":"2026-02-11T06:35:32.447Z","type":"log_event"}
{"description":"Test 3","level":"warn","message":"Security threat detected","service":"prediction-market-api","source":"192.168.1.63","threatId":"threat_1770791732447_8wtm2fu","timestamp":"2026-02-11T06:35:32.447Z","type":"suspicious_activity"}
{"level":"info","message":"Security action taken","reason":"Test 3","service":"prediction-market-api","target":"192.168.1.63","timestamp":"2026-02-11T06:35:32.447Z","type":"log_event"}
{"description":"Test 4","level":"warn","message":"Security threat detected","service":"prediction-market-api","source":"192.168.1.64","threatId":"threat_1770791732447_oaw551u","timestamp":"2026-02-11T06:35:32.447Z","type":"suspicious_activity"}
{"level":"info","message":"Security action taken","reason":"Test 4","service":"prediction-market-api","target":"192.168.1.64","timestamp":"2026-02-11T06:35:32.447Z","type":"log_event"}
{"description":"Test 5","level":"warn","message":"Security threat detected","service":"prediction-market-api","source":"192.168.1.65","threatId":"threat_1770791732447_lax71a8","timestamp":"2026-02-11T06:35:32.447Z","type":"suspicious_activity"}
{"level":"info","message":"Security action taken","reason":"Test 5","service":"prediction-market-api","target":"192.168.1.65","timestamp":"2026-02-11T06:35:32.447Z","type":"log_event"}
{"description":"Test 6","level":"warn","message":"Security threat detected","service":"prediction-market-api","source":"192.168.1.66","threatId":"threat_1770791732447_ncaczv5","timestamp":"2026-02-11T06:35:32.447Z","type":"suspicious_activity"}
{"level":"info","message":"Security action taken","reason":"Test 6","service":"prediction-market-api","target":"192.168.1.66","timestamp":"2026-02-11T06:35:32.447Z","type":"log_event"}
{"description":"Test 7","level":"warn","message":"Security threat detected","service":"prediction-market-api","source":"192.168.1.67","threatId":"threat_1770791732448_kwunle7","timestamp":"2026-02-11T06:35:32.448Z","type":"suspicious_activity"}
{"level":"info","message":"Security action taken","reason":"Test 7","service":"prediction-market-api","target":"192.168.1.67","timestamp":"2026-02-11T06:35:32.448Z","type":"log_event"}
{"description":"Test 8","level":"warn","message":"Security threat detected","service":"prediction-market-api","source":"192.168.1.68","threatId":"threat_1770791732448_dhhiqi0","timestamp":"2026-02-11T06:35:32.448Z","type":"suspicious_activity"}
{"level":"info","message":"Security action taken","reason":"Test 8","service":"prediction-market-api","target":"192.168.1.68","timestamp":"2026-02-11T06:35:32.448Z","type":"log_event"}
{"description":"Test 9","level":"warn","message":"Security threat detected","service":"prediction-market-api","source":"192.168.1.69","threatId":"threat_1770791732448_6zphboi","timestamp":"2026-02-11T06:35:32.448Z","type":"suspicious_activity"}
{"level":"info","message":"Security action taken","reason":"Test 9","service":"prediction-market-api","target":"192.168.1.69","timestamp":"2026-02-11T06:35:32.448Z","type":"log_event"}
{"description":"Test","level":"warn","message":"Security threat detected","service":"prediction-market-api","source":"192.168.1.70","threatId":"threat_1770791732449_pl08msn","timestamp":"2026-02-11T06:35:32.449Z","type":"brute_force"}
{"description":"Test","level":"error","message":"SECURITY ALERT: Admin notification required","service":"prediction-market-api","source":"192.168.1.70","threatId":"threat_1770791732449_pl08msn","timestamp":"2026-02-11T06:35:32.449Z","type":"brute_force"}
{"duration":3600,"level":"info","message":"Security action taken","reason":"High security threat","service":"prediction-market-api","target":"192.168.1.70","timestamp":"2026-02-11T06:35:32.449Z","type":"block_ip"}
{"level":"info","message":"Security action taken","reason":"high threat: Test","service":"prediction-market-api","target":"admins","timestamp":"2026-02-11T06:35:32.449Z","type":"alert_admin"}
{"description":"Test","level":"warn","message":"Security threat detected","service":"prediction-market-api","source":"192.168.1.71","threatId":"threat_1770791732449_rhgvzny","timestamp":"2026-02-11T06:35:32.449Z","type":"sql_injection"}
{"description":"Test","level":"error","message":"SECURITY ALERT: Admin notification required","service":"prediction-market-api","source":"192.168.1.71","threatId":"threat_1770791732449_rhgvzny","timestamp":"2026-02-11T06:35:32.449Z","type":"sql_injection"}
{"duration":86400,"level":"info","message":"Security action taken","reason":"Critical security threat","service":"prediction-market-api","target":"192.168.1.71","timestamp":"2026-02-11T06:35:32.449Z","type":"block_ip"}
{"level":"info","message":"Security action taken","reason":"critical threat: Test","service":"prediction-market-api","target":"admins","timestamp":"2026-02-11T06:35:32.449Z","type":"alert_admin"}
{"description":"Test threat","level":"warn","message":"Security threat detected","service":"prediction-market-api","source":"192.168.1.1","threatId":"threat_1770793430529_jyuwaih","timestamp":"2026-02-11T07:03:50.529Z","type":"suspicious_activity"}
{"level":"info","message":"Security action taken","reason":"Test threat","service":"prediction-market-api","target":"192.168.1.1","timestamp":"2026-02-11T07:03:50.532Z","type":"log_event"}
{"description":"XSS attempt detected","level":"warn","message":"Security threat detected","service":"prediction-market-api","source":"192.168.1.2","threatId":"threat_1770793430533_3x8d2ys","timestamp":"2026-02-11T07:03:50.533Z","type":"xss_attempt"}
{"level":"info","message":"Security action taken","reason":"XSS attempt detected","service":"prediction-market-api","target":"192.168.1.2","timestamp":"2026-02-11T07:03:50.534Z","type":"log_event"}
{"description":"DDoS attack","level":"warn","message":"Security threat detected","service":"prediction-market-api","source":"192.168.1.3","threatId":"threat_1770793430534_621m9q6","timestamp":"2026-02-11T07:03:50.534Z","type":"ddos"}
{"description":"DDoS attack","level":"error","message":"SECURITY ALERT: Admin notification required","service":"prediction-market-api","source":"192.168.1.3","threatId":"threat_1770793430534_621m9q6","timestamp":"2026-02-11T07:03:50.534Z","type":"ddos"}
{"duration":86400,"level":"info","message":"Security action taken","reason":"Critical security threat","service":"prediction-market-api","target":"192.168.1.3","timestamp":"2026-02-11T07:03:50.534Z","type":"block_ip"}
{"level":"info","message":"Security action taken","reason":"critical threat: DDoS attack","service":"prediction-market-api","target":"admins","timestamp":"2026-02-11T07:03:50.534Z","type":"alert_admin"}
{"ip":"192.168.1.12","level":"info","message":"IP unblocked","service":"prediction-market-api","timestamp":"2026-02-11T07:03:51.640Z"}
{"level":"info","message":"User unsuspended","service":"prediction-market-api","timestamp":"2026-02-11T07:03:52.745Z","userId":"user-125"}
{"description":"5 failed authentication attempts","level":"warn","message":"Security threat detected","metadata":{"attempts":5},"service":"prediction-market-api","source":"192.168.1.21","threatId":"threat_1770793432748_0rpw5r6","timestamp":"2026-02-11T07:03:52.748Z","type":"brute_force"}
{"description":"5 failed authentication attempts","level":"error","message":"SECURITY ALERT: Admin notification required","service":"prediction-market-api","source":"192.168.1.21","threatId":"threat_1770793432748_0rpw5r6","timestamp":"2026-02-11T07:03:52.749Z","type":"brute_force"}
{"duration":3600,"level":"info","message":"Security action taken","reason":"High security threat","service":"prediction-market-api","target":"192.168.1.21","timestamp":"2026-02-11T07:03:52.749Z","type":"block_ip"}
{"level":"info","message":"Security action taken","reason":"high threat: 5 failed authentication attempts","service":"prediction-market-api","target":"admins","timestamp":"2026-02-11T07:03:52.749Z","type":"alert_admin"}
{"description":"DDoS attack detected: 101 requests in 60s","level":"warn","message":"Security threat detected","metadata":{"requestCount":101},"service":"prediction-market-api","source":"192.168.1.30","threatId":"threat_1770793432750_u66zpr5","timestamp":"2026-02-11T07:03:52.750Z","type":"ddos"}
{"description":"DDoS attack detected: 101 requests in 60s","level":"error","message":"SECURITY ALERT: Admin notification required","service":"prediction-market-api","source":"192.168.1.30","threatId":"threat_1770793432750_u66zpr5","timestamp":"2026-02-11T07:03:52.751Z","type":"ddos"}
{"duration":86400,"level":"info","message":"Security action taken","reason":"Critical security threat","service":"prediction-market-api","target":"192.168.1.30","timestamp":"2026-02-11T07:03:52.751Z","type":"block_ip"}
{"level":"info","message":"Security action taken","reason":"critical threat: DDoS attack detected: 101 requests in 60s","service":"prediction-market-api","target":"admins","timestamp":"2026-02-11T07:03:52.751Z","type":"alert_admin"}
{"description":"Test 1","level":"warn","message":"Security threat detected","service":"prediction-market-api","source":"192.168.1.40","threatId":"threat_1770793432755_ygzgtah","timestamp":"2026-02-11T07:03:52.755Z","type":"suspicious_activity"}
{"level":"info","message":"Security action taken","reason":"Test 1","service":"prediction-market-api","target":"192.168.1.40","timestamp":"2026-02-11T07:03:52.755Z","type":"log_event"}
{"description":"Test 2","level":"warn","message":"Security threat detected","service":"prediction-market-api","source":"192.168.1.40","threatId":"threat_1770793432755_9z4gtk3","timestamp":"2026-02-11T07:03:52.755Z","type":"xss_attempt"}
{"level":"info","message":"Security action taken","reason":"Test 2","service":"prediction-market-api","target":"192.168.1.40","timestamp":"2026-02-11T07:03:52.755Z","type":"log_event"}
{"description":"Test","level":"warn","message":"Security threat detected","service":"prediction-market-api","source":"192.168.1.41","threatId":"threat_1770793432757_tccvl35","timestamp":"2026-02-11T07:03:52.757Z","type":"suspicious_activity"}
{"level":"info","message":"Security action taken","reason":"Test","service":"prediction-market-api","target":"192.168.1.41","timestamp":"2026-02-11T07:03:52.757Z","type":"log_event"}
{"description":"Test 1","level":"warn","message":"Security threat detected","service":"prediction-market-api","source":"192.168.1.50","threatId":"threat_1770793432771_9pe1txm","timestamp":"2026-02-11T07:03:52.771Z","type":"suspicious_activity"}
{"level":"info","message":"Security action taken","reason":"Test 1","service":"prediction-market-api","target":"192.168.1.50","timestamp":"2026-02-11T07:03:52.771Z","type":"log_event"}
{"description":"Test 2","level":"warn","message":"Security threat detected","service":"prediction-market-api","source":"192.168.1.51","threatId":"threat_1770793432772_4lnzy9s","timestamp":"2026-02-11T07:03:52.772Z","type":"xss_attempt"}
{"level":"info","message":"Security action taken","reason":"Test 2","service":"prediction-market-api","target":"192.168.1.51","timestamp":"2026-02-11T07:03:52.772Z","type":"log_event"}
{"description":"Test 0","level":"warn","message":"Security threat detected","service":"prediction-market-api","source":"192.168.1.60","threatId":"threat_1770793432772_450bayv","timestamp":"2026-02-11T07:03:52.772Z","type":"suspicious_activity"}
{"level":"info","message":"Security action taken","reason":"Test 0","service":"prediction-market-api","target":"192.168.1.60","timestamp":"2026-02-11T07:03:52.772Z","type":"log_event"}
{"description":"Test 1","level":"warn","message":"Security threat detected","service":"prediction-market-api","source":"192.168.1.61","threatId":"threat_1770793432772_gqee7by","timestamp":"2026-02-11T07:03:52.772Z","type":"suspicious_activity"}
{"level":"info","message":"Security action taken","reason":"Test 1","service":"prediction-market-api","target":"192.168.1.61","timestamp":"2026-02-11T07:03:52.772Z","type":"log_event"}
{"description":"Test 2","level":"warn","message":"Security threat detected","service":"prediction-market-api","source":"192.168.1.62","threatId":"threat_1770793432772_mj74ws5","timestamp":"2026-02-11T07:03:52.772Z","type":"suspicious_activity"}
{"level":"info","message":"Security action taken","reason":"Test 2","service":"prediction-market-api","target":"192.168.1.62","timestamp":"2026-02-11T07:03:52.773Z","type":"log_event"}
{"description":"Test 3","level":"warn","message":"Security threat detected","service":"prediction-market-api","source":"192.168.1.63","threatId":"threat_1770793432773_52kpgqq","timestamp":"2026-02-11T07:03:52.773Z","type":"suspicious_activity"}
{"level":"info","message":"Security action taken","reason":"Test 3","service":"prediction-market-api","target":"192.168.1.63","timestamp":"2026-02-11T07:03:52.773Z","type":"log_event"}
{"description":"Test 4","level":"warn","message":"Security threat detected","service":"prediction-market-api","source":"192.168.1.64","threatId":"threat_1770793432773_v5db7ho","timestamp":"2026-02-11T07:03:52.773Z","type":"suspicious_activity"}
{"level":"info","message":"Security action taken","reason":"Test 4","service":"prediction-market-api","target":"192.168.1.64","timestamp":"2026-02-11T07:03:52.773Z","type":"log_event"}
{"description":"Test 5","level":"warn","message":"Security threat detected","service":"prediction-market-api","source":"192.168.1.65","threatId":"threat_1770793432773_q3tj0fn","timestamp":"2026-02-11T07:03:52.773Z","type":"suspicious_activity"}
{"level":"info","message":"Security action taken","reason":"Test 5","service":"prediction-market-api","target":"192.168.1.65","timestamp":"2026-02-11T07:03:52.773Z","type":"log_event"}
{"description":"Test 6","level":"warn","message":"Security threat detected","service":"prediction-market-api","source":"192.168.1.66","threatId":"threat_1770793432773_nh1lksl","timestamp":"2026-02-11T07:03:52.773Z","type":"suspicious_activity"}
{"level":"info","message":"Security action taken","reason":"Test 6","service":"prediction-market-api","target":"192.168.1.66","timestamp":"2026-02-11T07:03:52.773Z","type":"log_event"}
{"description":"Test 7","level":"warn","message":"Security threat detected","service":"prediction-market-api","source":"192.168.1.67","threatId":"threat_1770793432773_xr35ijf","timestamp":"2026-02-11T07:03:52.773Z","type":"suspicious_activity"}
{"level":"info","message":"Security action taken","reason":"Test 7","service":"prediction-market-api","target":"192.168.1.67","timestamp":"2026-02-11T07:03:52.773Z","type":"log_event"}
{"description":"Test 8","level":"warn","message":"Security threat detected","service":"prediction-market-api","source":"192.168.1.68","threatId":"threat_1770793432773_15jllmn","timestamp":"2026-02-11T07:03:52.773Z","type":"suspicious_activity"}
{"level":"info","message":"Security action taken","reason":"Test 8","service":"prediction-market-api","target":"192.168.1.68","timestamp":"2026-02-11T07:03:52.773Z","type":"log_event"}
{"description":"Test 9","level":"warn","message":"Security threat detected","service":"prediction-market-api","source":"192.168.1.69","threatId":"threat_1770793432773_3wdq1ha","timestamp":"2026-02-11T07:03:52.773Z","type":"suspicious_activity"}
{"level":"info","message":"Security action taken","reason":"Test 9","service":"prediction-market-api","target":"192.168.1.69","timestamp":"2026-02-11T07:03:52.773Z","type":"log_event"}
{"description":"Test","level":"warn","message":"Security threat detected","service":"prediction-market-api","source":"192.168.1.70","threatId":"threat_1770793432774_ogs3m9z","timestamp":"2026-02-11T07:03:52.774Z","type":"brute_force"}
{"description":"Test","level":"error","message":"SECURITY ALERT: Admin notification required","service":"prediction-market-api","source":"192.168.1.70","threatId":"threat_1770793432774_ogs3m9z","timestamp":"2026-02-11T07:03:52.774Z","type":"brute_force"}
{"duration":3600,"level":"info","message":"Security action taken","reason":"High security threat","service":"prediction-market-api","target":"192.168.1.70","timestamp":"2026-02-11T07:03:52.774Z","type":"block_ip"}
{"level":"info","message":"Security action taken","reason":"high threat: Test","service":"prediction-market-api","target":"admins","timestamp":"2026-02-11T07:03:52.774Z","type":"alert_admin"}
{"description":"Test","level":"warn","message":"Security threat detected","service":"prediction-market-api","source":"192.168.1.71","threatId":"threat_1770793432774_0lr3qhq","timestamp":"2026-02-11T07:03:52.774Z","type":"sql_injection"}
{"description":"Test","level":"error","message":"SECURITY ALERT: Admin notification required","service":"prediction-market-api","source":"192.168.1.71","threatId":"threat_1770793432774_0lr3qhq","timestamp":"2026-02-11T07:03:52.774Z","type":"sql_injection"}
{"duration":86400,"level":"info","message":"Security action taken","reason":"Critical security threat","service":"prediction-market-api","target":"192.168.1.71","timestamp":"2026-02-11T07:03:52.774Z","type":"block_ip"}
{"level":"info","message":"Security action taken","reason":"critical threat: Test","service":"prediction-market-api","target":"admins","timestamp":"2026-02-11T07:03:52.774Z","type":"alert_admin"}
{"description":"Test threat","level":"warn","message":"Security threat detected","service":"prediction-market-api","source":"192.168.1.1","threatId":"threat_1770800871563_myvzrt0","timestamp":"2026-02-11T09:07:51.563Z","type":"suspicious_activity"}
{"level":"info","message":"Security action taken","reason":"Test threat","service":"prediction-market-api","target":"192.168.1.1","timestamp":"2026-02-11T09:07:51.566Z","type":"log_event"}
{"description":"XSS attempt detected","level":"warn","message":"Security threat detected","service":"prediction-market-api","source":"192.168.1.2","threatId":"threat_1770800871567_91pdn7h","timestamp":"2026-02-11T09:07:51.567Z","type":"xss_attempt"}
{"level":"info","message":"Security action taken","reason":"XSS attempt detected","service":"prediction-market-api","target":"192.168.1.2","timestamp":"2026-02-11T09:07:51.567Z","type":"log_event"}
{"description":"DDoS attack","level":"warn","message":"Security threat detected","service":"prediction-market-api","source":"192.168.1.3","threatId":"threat_1770800871568_bx8pz91","timestamp":"2026-02-11T09:07:51.568Z","type":"ddos"}
{"description":"DDoS attack","level":"error","message":"SECURITY ALERT: Admin notification required","service":"prediction-market-api","source":"192.168.1.3","threatId":"threat_1770800871568_bx8pz91","timestamp":"2026-02-11T09:07:51.568Z","type":"ddos"}
{"duration":86400,"level":"info","message":"Security action taken","reason":"Critical security threat","service":"prediction-market-api","target":"192.168.1.3","timestamp":"2026-02-11T09:07:51.568Z","type":"block_ip"}
{"level":"info","message":"Security action taken","reason":"critical threat: DDoS attack","service":"prediction-market-api","target":"admins","timestamp":"2026-02-11T09:07:51.568Z","type":"alert_admin"}
{"ip":"192.168.1.12","level":"info","message":"IP unblocked","service":"prediction-market-api","timestamp":"2026-02-11T09:07:52.673Z"}
{"level":"info","message":"User unsuspended","service":"prediction-market-api","timestamp":"2026-02-11T09:07:53.778Z","userId":"user-125"}
{"description":"5 failed authentication attempts","level":"warn","message":"Security threat detected","metadata":{"attempts":5},"service":"prediction-market-api","source":"192.168.1.21","threatId":"threat_1770800873779_9l65lxm","timestamp":"2026-02-11T09:07:53.779Z","type":"brute_force"}
{"description":"5 failed authentication attempts","level":"error","message":"SECURITY ALERT: Admin notification required","service":"prediction-market-api","source":"192.168.1.21","threatId":"threat_1770800873779_9l65lxm","timestamp":"2026-02-11T09:07:53.780Z","type":"brute_force"}
{"duration":3600,"level":"info","message":"Security action taken","reason":"High security threat","service":"prediction-market-api","target":"192.168.1.21","timestamp":"2026-02-11T09:07:53.780Z","type":"block_ip"}
{"level":"info","message":"Security action taken","reason":"high threat: 5 failed authentication attempts","service":"prediction-market-api","target":"admins","timestamp":"2026-02-11T09:07:53.780Z","type":"alert_admin"}
{"description":"DDoS attack detected: 101 requests in 60s","level":"warn","message":"Security threat detected","metadata":{"requestCount":101},"service":"prediction-market-api","source":"192.168.1.30","threatId":"threat_1770800873781_qh3jb02","timestamp":"2026-02-11T09:07:53.781Z","type":"ddos"}
{"description":"DDoS attack detected: 101 requests in 60s","level":"error","message":"SECURITY ALERT: Admin notification required","service":"prediction-market-api","source":"192.168.1.30","threatId":"threat_1770800873781_qh3jb02","timestamp":"2026-02-11T09:07:53.781Z","type":"ddos"}
{"duration":86400,"level":"info","message":"Security action taken","reason":"Critical security threat","service":"prediction-market-api","target":"192.168.1.30","timestamp":"2026-02-11T09:07:53.781Z","type":"block_ip"}
{"level":"info","message":"Security action taken","reason":"critical threat: DDoS attack detected: 101 requests in 60s","service":"prediction-market-api","target":"admins","timestamp":"2026-02-11T09:07:53.781Z","type":"alert_admin"}
{"description":"Test 1","level":"warn","message":"Security threat detected","service":"prediction-market-api","source":"192.168.1.40","threatId":"threat_1770800873783_wc95na7","timestamp":"2026-02-11T09:07:53.783Z","type":"suspicious_activity"}
{"level":"info","message":"Security action taken","reason":"Test 1","service":"prediction-market-api","target":"192.168.1.40","timestamp":"2026-02-11T09:07:53.783Z","type":"log_event"}
{"description":"Test 2","level":"warn","message":"Security threat detected","service":"prediction-market-api","source":"192.168.1.40","threatId":"threat_1770800873783_tqb4ly5","timestamp":"2026-02-11T09:07:53.783Z","type":"xss_attempt"}
{"level":"info","message":"Security action taken","reason":"Test 2","service":"prediction-market-api","target":"192.168.1.40","timestamp":"2026-02-11T09:07:53.783Z","type":"log_event"}
{"description":"Test","level":"warn","message":"Security threat detected","service":"prediction-market-api","source":"192.168.1.41","threatId":"threat_1770800873784_an18znr","timestamp":"2026-02-11T09:07:53.784Z","type":"suspicious_activity"}
{"level":"info","message":"Security action taken","reason":"Test","service":"prediction-market-api","target":"192.168.1.41","timestamp":"2026-02-11T09:07:53.784Z","type":"log_event"}
{"description":"Test 1","level":"warn","message":"Security threat detected","service":"prediction-market-api","source":"192.168.1.50","threatId":"threat_1770800873796_sxcv1ji","timestamp":"2026-02-11T09:07:53.796Z","type":"suspicious_activity"}
{"level":"info","message":"Security action taken","reason":"Test 1","service":"prediction-market-api","target":"192.168.1.50","timestamp":"2026-02-11T09:07:53.796Z","type":"log_event"}
{"description":"Test 2","level":"warn","message":"Security threat detected","service":"prediction-market-api","source":"192.168.1.51","threatId":"threat_1770800873797_o8fmpf2","timestamp":"2026-02-11T09:07:53.797Z","type":"xss_attempt"}
{"level":"info","message":"Security action taken","reason":"Test 2","service":"prediction-market-api","target":"192.168.1.51","timestamp":"2026-02-11T09:07:53.797Z","type":"log_event"}
{"description":"Test 0","level":"warn","message":"Security threat detected","service":"prediction-market-api","source":"192.168.1.60","threatId":"threat_1770800873797_skd8izu","timestamp":"2026-02-11T09:07:53.797Z","type":"suspicious_activity"}
{"level":"info","message":"Security action taken","reason":"Test 0","service":"prediction-market-api","target":"192.168.1.60","timestamp":"2026-02-11T09:07:53.797Z","type":"log_event"}
{"description":"Test 1","level":"warn","message":"Security threat detected","service":"prediction-market-api","source":"192.168.1.61","threatId":"threat_1770800873797_zevcu5g","timestamp":"2026-02-11T09:07:53.797Z","type":"suspicious_activity"}
{"level":"info","message":"Security action taken","reason":"Test 1","service":"prediction-market-api","target":"192.168.1.61","timestamp":"2026-02-11T09:07:53.797Z","type":"log_event"}
{"description":"Test 2","level":"warn","message":"Security threat detected","service":"prediction-market-api","source":"192.168.1.62","threatId":"threat_1770800873797_u2iq4ns","timestamp":"2026-02-11T09:07:53.797Z","type":"suspicious_activity"}
{"level":"info","message":"Security action taken","reason":"Test 2","service":"prediction-market-api","target":"192.168.1.62","timestamp":"2026-02-11T09:07:53.797Z","type":"log_event"}
{"description":"Test 3","level":"warn","message":"Security threat detected","service":"prediction-market-api","source":"192.168.1.63","threatId":"threat_1770800873797_2fxue6p","timestamp":"2026-02-11T09:07:53.797Z","type":"suspicious_activity"}
{"level":"info","message":"Security action taken","reason":"Test 3","service":"prediction-market-api","target":"192.168.1.63","timestamp":"2026-02-11T09:07:53.797Z","type":"log_event"}
{"description":"Test 4","level":"warn","message":"Security threat detected","service":"prediction-market-api","source":"192.168.1.64","threatId":"threat_1770800873797_iol1dw7","timestamp":"2026-02-11T09:07:53.797Z","type":"suspicious_activity"}
{"level":"info","message":"Security action taken","reason":"Test 4","service":"prediction-market-api","target":"192.168.1.64","timestamp":"2026-02-11T09:07:53.797Z","type":"log_event"}
{"description":"Test 5","level":"warn","message":"Security threat detected","service":"prediction-market-api","source":"192.168.1.65","threatId":"threat_1770800873797_nvqdqqy","timestamp":"2026-02-11T09:07:53.797Z","type":"suspicious_activity"}
{"level":"info","message":"Security action taken","reason":"Test 5","service":"prediction-market-api","target":"192.168.1.65","timestamp":"2026-02-11T09:07:53.797Z","type":"log_event"}
{"description":"Test 6","level":"warn","message":"Security threat detected","service":"prediction-market-api","source":"192.168.1.66","threatId":"threat_1770800873797_hc5oteq","timestamp":"2026-02-11T09:07:53.797Z","type":"suspicious_activity"}
{"level":"info","message":"Security action taken","reason":"Test 6","service":"prediction-market-api","target":"192.168.1.66","timestamp":"2026-02-11T09:07:53.798Z","type":"log_event"}
{"description":"Test 7","level":"warn","message":"Security threat detected","service":"prediction-market-api","source":"192.168.1.67","threatId":"threat_1770800873798_9xo94yd","timestamp":"2026-02-11T09:07:53.798Z","type":"suspicious_activity"}
{"level":"info","message":"Security action taken","reason":"Test 7","service":"prediction-market-api","target":"192.168.1.67","timestamp":"2026-02-11T09:07:53.798Z","type":"log_event"}
{"description":"Test 8","level":"warn","message":"Security threat detected","service":"prediction-market-api","source":"192.168.1.68","threatId":"threat_1770800873798_7lvpcjn","timestamp":"2026-02-11T09:07:53.798Z","type":"suspicious_activity"}
{"level":"info","message":"Security action taken","reason":"Test 8","service":"prediction-market-api","target":"192.168.1.68","timestamp":"2026-02-11T09:07:53.798Z","type":"log_event"}
{"description":"Test 9","level":"warn","message":"Security threat detected","service":"prediction-market-api","source":"192.168.1.69","threatId":"threat_1770800873798_qr6p2t6","timestamp":"2026-02-11T09:07:53.798Z","type":"suspicious_activity"}
{"level":"info","message":"Security action taken","reason":"Test 9","service":"prediction-market-api","target":"192.168.1.69","timestamp":"2026-02-11T09:07:53.798Z","type":"log_event"}
{"description":"Test","level":"warn","message":"Security threat detected","service":"prediction-market-api","source":"192.168.1.70","threatId":"threat_1770800873799_8qyhxc2","timestamp":"2026-02-11T09:07:53.799Z","type":"brute_force"}
{"description":"Test","level":"error","message":"SECURITY ALERT: Admin notification required","service":"prediction-market-api","source":"192.168.1.70","threatId":"threat_1770800873799_8qyhxc2","timestamp":"2026-02-11T09:07:53.799Z","type":"brute_force"}
{"duration":3600,"level":"info","message":"Security action taken","reason":"High security threat","service":"prediction-market-api","target":"192.168.1.70","timestamp":"2026-02-11T09:07:53.799Z","type":"block_ip"}
{"level":"info","message":"Security action taken","reason":"high threat: Test","service":"prediction-market-api","target":"admins","timestamp":"2026-02-11T09:07:53.799Z","type":"alert_admin"}
{"description":"Test","level":"warn","message":"Security threat detected","service":"prediction-market-api","source":"192.168.1.71","threatId":"threat_1770800873799_13thids","timestamp":"2026-02-11T09:07:53.799Z","type":"sql_injection"}
{"description":"Test","level":"error","message":"SECURITY ALERT: Admin notification required","service":"prediction-market-api","source":"192.168.1.71","threatId":"threat_1770800873799_13thids","timestamp":"2026-02-11T09:07:53.799Z","type":"sql_injection"}
{"duration":86400,"level":"info","message":"Security action taken","reason":"Critical security threat","service":"prediction-market-api","target":"192.168.1.71","timestamp":"2026-02-11T09:07:53.799Z","type":"block_ip"}
{"level":"info","message":"Security action taken","reason":"critical threat: Test","service":"prediction-market-api","target":"admins","timestamp":"2026-02-11T09:07:53.799Z","type":"alert_admin"}
{"description":"Test threat","level":"warn","message":"Security threat detected","service":"prediction-market-api","source":"192.168.1.1","threatId":"threat_1770801686980_8fobh0q","timestamp":"2026-02-11T09:21:26.980Z","type":"suspicious_activity"}
{"level":"info","message":"Security action taken","reason":"Test threat","service":"prediction-market-api","target":"192.168.1.1","timestamp":"2026-02-11T09:21:26.982Z","type":"log_event"}
{"description":"XSS attempt detected","level":"warn","message":"Security threat detected","service":"prediction-market-api","source":"192.168.1.2","threatId":"threat_1770801686986_wponvi9","timestamp":"2026-02-11T09:21:26.986Z","type":"xss_attempt"}
{"level":"info","message":"Security action taken","reason":"XSS attempt detected","service":"prediction-market-api","target":"192.168.1.2","timestamp":"2026-02-11T09:21:26.986Z","type":"log_event"}
{"description":"DDoS attack","level":"warn","message":"Security threat detected","service":"prediction-market-api","source":"192.168.1.3","threatId":"threat_1770801686987_dfnb9rr","timestamp":"2026-02-11T09:21:26.987Z","type":"ddos"}
{"description":"DDoS attack","level":"error","message":"SECURITY ALERT: Admin notification required","service":"prediction-market-api","source":"192.168.1.3","threatId":"threat_1770801686987_dfnb9rr","timestamp":"2026-02-11T09:21:26.987Z","type":"ddos"}
{"duration":86400,"level":"info","message":"Security action taken","reason":"Critical security threat","service":"prediction-market-api","target":"192.168.1.3","timestamp":"2026-02-11T09:21:26.987Z","type":"block_ip"}
{"level":"info","message":"Security action taken","reason":"critical threat: DDoS attack","service":"prediction-market-api","target":"admins","timestamp":"2026-02-11T09:21:26.987Z","type":"alert_admin"}
{"ip":"192.168.1.12","level":"info","message":"IP unblocked","service":"prediction-market-api","timestamp":"2026-02-11T09:21:28.091Z"}
{"level":"info","message":"User unsuspended","service":"prediction-market-api","timestamp":"2026-02-11T09:21:29.197Z","userId":"user-125"}
{"description":"5 failed authentication attempts","level":"warn","message":"Security threat detected","metadata":{"attempts":5},"service":"prediction-market-api","source":"192.168.1.21","threatId":"threat_1770801689200_fu72ttq","timestamp":"2026-02-11T09:21:29.200Z","type":"brute_force"}
{"description":"5 failed authentication attempts","level":"error","message":"SECURITY ALERT: Admin notification required","service":"prediction-market-api","source":"192.168.1.21","threatId":"threat_1770801689200_fu72ttq","timestamp":"2026-02-11T09:21:29.201Z","type":"brute_force"}
{"duration":3600,"level":"info","message":"Security action taken","reason":"High security threat","service":"prediction-market-api","target":"192.168.1.21","timestamp":"2026-02-11T09:21:29.201Z","type":"block_ip"}
{"level":"info","message":"Security action taken","reason":"high threat: 5 failed authentication attempts","service":"prediction-market-api","target":"admins","timestamp":"2026-02-11T09:21:29.202Z","type":"alert_admin"}
{"description":"DDoS attack detected: 101 requests in 60s","level":"warn","message":"Security threat detected","metadata":{"requestCount":101},"service":"prediction-market-api","source":"192.168.1.30","threatId":"threat_1770801689204_0trpqyk","timestamp":"2026-02-11T09:21:29.204Z","type":"ddos"}
{"description":"DDoS attack detected: 101 requests in 60s","level":"error","message":"SECURITY ALERT: Admin notification required","service":"prediction-market-api","source":"192.168.1.30","threatId":"threat_1770801689204_0trpqyk","timestamp":"2026-02-11T09:21:29.204Z","type":"ddos"}
{"duration":86400,"level":"info","message":"Security action taken","reason":"Critical security threat","service":"prediction-market-api","target":"192.168.1.30","timestamp":"2026-02-11T09:21:29.204Z","type":"block_ip"}
{"level":"info","message":"Security action taken","reason":"critical threat: DDoS attack detected: 101 requests in 60s","service":"prediction-market-api","target":"admins","timestamp":"2026-02-11T09:21:29.204Z","type":"alert_admin"}
{"description":"Test 1","level":"warn","message":"Security threat detected","service":"prediction-market-api","source":"192.168.1.40","threatId":"threat_1770801689206_x087e3c","timestamp":"2026-02-11T09:21:29.206Z","type":"suspicious_activity"}
{"level":"info","message":"Security action taken","reason":"Test 1","service":"prediction-market-api","target":"192.168.1.40","timestamp":"2026-02-11T09:21:29.206Z","type":"log_event"}
{"description":"Test 2","level":"warn","message":"Security threat detected","service":"prediction-market-api","source":"192.168.1.40","threatId":"threat_1770801689206_flhlg1a","timestamp":"2026-02-11T09:21:29.206Z","type":"xss_attempt"}
{"level":"info","message":"Security action taken","reason":"Test 2","service":"prediction-market-api","target":"192.168.1.40","timestamp":"2026-02-11T09:21:29.206Z","type":"log_event"}
{"description":"Test","level":"warn","message":"Security threat detected","service":"prediction-market-api","source":"192.168.1.41","threatId":"threat_1770801689207_pz6q8ix","timestamp":"2026-02-11T09:21:29.207Z","type":"suspicious_activity"}
{"level":"info","message":"Security action taken","reason":"Test","service":"prediction-market-api","target":"192.168.1.41","timestamp":"2026-02-11T09:21:29.208Z","type":"log_event"}
{"description":"Test 1","level":"warn","message":"Security threat detected","service":"prediction-market-api","source":"192.168.1.50","threatId":"threat_1770801689208_jx6k73z","timestamp":"2026-02-11T09:21:29.208Z","type":"suspicious_activity"}
{"level":"info","message":"Security action taken","reason":"Test 1","service":"prediction-market-api","target":"192.168.1.50","timestamp":"2026-02-11T09:21:29.208Z","type":"log_event"}
{"description":"Test 2","level":"warn","message":"Security threat detected","service":"prediction-market-api","source":"192.168.1.51","threatId":"threat_1770801689208_lvjjws0","timestamp":"2026-02-11T09:21:29.208Z","type":"xss_attempt"}
{"level":"info","message":"Security action taken","reason":"Test 2","service":"prediction-market-api","target":"192.168.1.51","timestamp":"2026-02-11T09:21:29.209Z","type":"log_event"}
{"description":"Test 0","level":"warn","message":"Security threat detected","service":"prediction-market-api","source":"192.168.1.60","threatId":"threat_1770801689209_tam5462","timestamp":"2026-02-11T09:21:29.209Z","type":"suspicious_activity"}
{"level":"info","message":"Security action taken","reason":"Test 0","service":"prediction-market-api","target":"192.168.1.60","timestamp":"2026-02-11T09:21:29.209Z","type":"log_event"}
{"description":"Test 1","level":"warn","message":"Security threat detected","service":"prediction-market-api","source":"192.168.1.61","threatId":"threat_1770801689209_wasyu9r","timestamp":"2026-02-11T09:21:29.209Z","type":"suspicious_activity"}
{"level":"info","message":"Security action taken","reason":"Test 1","service":"prediction-market-api","target":"192.168.1.61","timestamp":"2026-02-11T09:21:29.209Z","type":"log_event"}
{"description":"Test 2","level":"warn","message":"Security threat detected","service":"prediction-market-api","source":"192.168.1.62","threatId":"threat_1770801689209_ytae4ax","timestamp":"2026-02-11T09:21:29.209Z","type":"suspicious_activity"}
{"level":"info","message":"Security action taken","reason":"Test 2","service":"prediction-market-api","target":"192.168.1.62","timestamp":"2026-02-11T09:21:29.210Z","type":"log_event"}
{"description":"Test 3","level":"warn","message":"Security threat detected","service":"prediction-market-api","source":"192.168.1.63","threatId":"threat_1770801689210_e9hk2mb","timestamp":"2026-02-11T09:21:29.210Z","type":"suspicious_activity"}
{"level":"info","message":"Security action taken","reason":"Test 3","service":"prediction-market-api","target":"192.168.1.63","timestamp":"2026-02-11T09:21:29.210Z","type":"log_event"}
{"description":"Test 4","level":"warn","message":"Security threat detected","service":"prediction-market-api","source":"192.168.1.64","threatId":"threat_1770801689210_ilek3sd","timestamp":"2026-02-11T09:21:29.210Z","type":"suspicious_activity"}
{"level":"info","message":"Security action taken","reason":"Test 4","service":"prediction-market-api","target":"192.168.1.64","timestamp":"2026-02-11T09:21:29.210Z","type":"log_event"}
{"description":"Test 5","level":"warn","message":"Security threat detected","service":"prediction-market-api","source":"192.168.1.65","threatId":"threat_1770801689210_eipid25","timestamp":"2026-02-11T09:21:29.210Z","type":"suspicious_activity"}
{"level":"info","message":"Security action taken","reason":"Test 5","service":"prediction-market-api","target":"192.168.1.65","timestamp":"2026-02-11T09:21:29.210Z","type":"log_event"}
{"description":"Test 6","level":"warn","message":"Security threat detected","service":"prediction-market-api","source":"192.168.1.66","threatId":"threat_1770801689210_s86w8ac","timestamp":"2026-02-11T09:21:29.210Z","type":"suspicious_activity"}
{"level":"info","message":"Security action taken","reason":"Test 6","service":"prediction-market-api","target":"192.168.1.66","timestamp":"2026-02-11T09:21:29.210Z","type":"log_event"}
{"description":"Test 7","level":"warn","message":"Security threat detected","service":"prediction-market-api","source":"192.168.1.67","threatId":"threat_1770801689210_fucr9zu","timestamp":"2026-02-11T09:21:29.210Z","type":"suspicious_activity"}
{"level":"info","message":"Security action taken","reason":"Test 7","service":"prediction-market-api","target":"192.168.1.67","timestamp":"2026-02-11T09:21:29.210Z","type":"log_event"}
{"description":"Test 8","level":"warn","message":"Security threat detected","service":"prediction-market-api","source":"192.168.1.68","threatId":"threat_1770801689210_u6v4zk7","timestamp":"2026-02-11T09:21:29.210Z","type":"suspicious_activity"}
{"level":"info","message":"Security action taken","reason":"Test 8","service":"prediction-market-api","target":"192.168.1.68","timestamp":"2026-02-11T09:21:29.210Z","type":"log_event"}
{"description":"Test 9","level":"warn","message":"Security threat detected","service":"prediction-market-api","source":"192.168.1.69","threatId":"threat_1770801689210_fzj9g01","timestamp":"2026-02-11T09:21:29.210Z","type":"suspicious_activity"}
{"level":"info","message":"Security action taken","reason":"Test 9","service":"prediction-market-api","target":"192.168.1.69","timestamp":"2026-02-11T09:21:29.210Z","type":"log_event"}
{"description":"Test","level":"warn","message":"Security threat detected","service":"prediction-market-api","source":"192.168.1.70","threatId":"threat_1770801689211_2trowcu","timestamp":"2026-02-11T09:21:29.211Z","type":"brute_force"}
{"description":"Test","level":"error","message":"SECURITY ALERT: Admin notification required","service":"prediction-market-api","source":"192.168.1.70","threatId":"threat_1770801689211_2trowcu","timestamp":"2026-02-11T09:21:29.211Z","type":"brute_force"}
{"duration":3600,"level":"info","message":"Security action taken","reason":"High security threat","service":"prediction-market-api","target":"192.168.1.70","timestamp":"2026-02-11T09:21:29.211Z","type":"block_ip"}
{"level":"info","message":"Security action taken","reason":"high threat: Test","service":"prediction-market-api","target":"admins","timestamp":"2026-02-11T09:21:29.211Z","type":"alert_admin"}
{"description":"Test","level":"warn","message":"Security threat detected","service":"prediction-market-api","source":"192.168.1.71","threatId":"threat_1770801689211_kp4dcvp","timestamp":"2026-02-11T09:21:29.211Z","type":"sql_injection"}
{"description":"Test","level":"error","message":"SECURITY ALERT: Admin notification required","service":"prediction-market-api","source":"192.168.1.71","threatId":"threat_1770801689211_kp4dcvp","timestamp":"2026-02-11T09:21:29.211Z","type":"sql_injection"}
{"duration":86400,"level":"info","message":"Security action taken","reason":"Critical security threat","service":"prediction-market-api","target":"192.168.1.71","timestamp":"2026-02-11T09:21:29.211Z","type":"block_ip"}
{"level":"info","message":"Security action taken","reason":"critical threat: Test","service":"prediction-market-api","target":"admins","timestamp":"2026-02-11T09:21:29.211Z","type":"alert_admin"}
{"description":"Test threat","level":"warn","message":"Security threat detected","service":"prediction-market-api","source":"192.168.1.1","threatId":"threat_1770829816644_uq6recn","timestamp":"2026-02-11T17:10:16.644Z","type":"suspicious_activity"}
{"level":"info","message":"Security action taken","reason":"Test threat","service":"prediction-market-api","target":"192.168.1.1","timestamp":"2026-02-11T17:10:16.676Z","type":"log_event"}
{"description":"XSS attempt detected","level":"warn","message":"Security threat detected","service":"prediction-market-api","source":"192.168.1.2","threatId":"threat_1770829816677_u9bgmrw","timestamp":"2026-02-11T17:10:16.677Z","type":"xss_attempt"}
{"level":"info","message":"Security action taken","reason":"XSS attempt detected","service":"prediction-market-api","target":"192.168.1.2","timestamp":"2026-02-11T17:10:16.678Z","type":"log_event"}
{"description":"DDoS attack","level":"warn","message":"Security threat detected","service":"prediction-market-api","source":"192.168.1.3","threatId":"threat_1770829816681_26vjhwf","timestamp":"2026-02-11T17:10:16.681Z","type":"ddos"}
{"description":"DDoS attack","level":"error","message":"SECURITY ALERT: Admin notification required","service":"prediction-market-api","source":"192.168.1.3","threatId":"threat_1770829816681_26vjhwf","timestamp":"2026-02-11T17:10:16.682Z","type":"ddos"}
{"duration":86400,"level":"info","message":"Security action taken","reason":"Critical security threat","service":"prediction-market-api","target":"192.168.1.3","timestamp":"2026-02-11T17:10:16.681Z","type":"block_ip"}
{"level":"info","message":"Security action taken","reason":"critical threat: DDoS attack","service":"prediction-market-api","target":"admins","timestamp":"2026-02-11T17:10:16.682Z","type":"alert_admin"}
{"isAuthenticated":false,"level":"info","message":"WebSocket client connected","service":"prediction-market-api","socketId":"bORMMgjVmbYFHMxpAAAB","timestamp":"2026-02-11T17:10:16.739Z","userId":"anonymous"}
{"bestAsk":null,"bestBid":null,"existingOrders":0,"level":"info","marketId":"market-1","message":"Order book initialized","outcomeId":"outcome-1","service":"prediction-market-api","timestamp":"2026-02-11T17:10:16.629Z"}
{"bestAsk":0.7,"bestBid":0.6,"existingOrders":2,"level":"info","marketId":"market-1","message":"Order book initialized","outcomeId":"outcome-1","service":"prediction-market-api","timestamp":"2026-02-11T17:10:16.692Z"}
{"bestAsk":null,"bestBid":null,"existingOrders":0,"level":"info","marketId":"market-1","message":"Order book initialized","outcomeId":"outcome-1","service":"prediction-market-api","timestamp":"2026-02-11T17:10:16.694Z"}
{"level":"info","marketId":"market-1","message":"Order placed and processed","orderId":"order-1","outcomeId":"outcome-1","price":0.6,"quantity":100,"service":"prediction-market-api","timestamp":"2026-02-11T17:10:16.695Z","tradesExecuted":0,"type":"BUY","userId":"user-1"}
{"bestAsk":null,"bestBid":null,"existingOrders":0,"level":"info","marketId":"market-1","message":"Order book initialized","outcomeId":"outcome-1","service":"prediction-market-api","timestamp":"2026-02-11T17:10:16.697Z"}
{"level":"info","marketId":"market-1","message":"Order placed and processed","orderId":"order-1","outcomeId":"outcome-1","price":0.7,"quantity":50,"service":"prediction-market-api","timestamp":"2026-02-11T17:10:16.698Z","tradesExecuted":0,"type":"SELL","userId":"user-1"}
{"bestAsk":null,"bestBid":null,"existingOrders":0,"level":"info","marketId":"market-1","message":"Order book initialized","outcomeId":"outcome-1","service":"prediction-market-api","timestamp":"2026-02-11T17:10:16.700Z"}
{"level":"info","marketId":"market-1","message":"Order placed and processed","orderId":"sell-order-1","outcomeId":"outcome-1","price":0.6,"quantity":50,"service":"prediction-market-api","timestamp":"2026-02-11T17:10:16.700Z","tradesExecuted":0,"type":"SELL","userId":"user-1"}
{"level":"info","marketId":"market-1","message":"Order placed and processed","orderId":"buy-order-1","outcomeId":"outcome-1","price":0.6,"quantity":30,"service":"prediction-market-api","timestamp":"2026-02-11T17:10:16.701Z","tradesExecuted":1,"type":"BUY","userId":"user-2"}
{"bestAsk":null,"bestBid":null,"existingOrders":0,"level":"info","marketId":"market-1","message":"Order book initialized","outcomeId":"outcome-1","service":"prediction-market-api","timestamp":"2026-02-11T17:10:16.702Z"}
{"level":"info","marketId":"market-1","message":"Order placed and processed","orderId":"sell-order-1","outcomeId":"outcome-1","price":0.6,"quantity":30,"service":"prediction-market-api","timestamp":"2026-02-11T17:10:16.702Z","tradesExecuted":0,"type":"SELL","userId":"user-1"}
{"level":"info","marketId":"market-1","message":"Order placed and processed","orderId":"buy-order-1","outcomeId":"outcome-1","price":0.6,"quantity":50,"service":"prediction-market-api","timestamp":"2026-02-11T17:10:16.703Z","tradesExecuted":1,"type":"BUY","userId":"user-2"}
{"bestAsk":null,"bestBid":null,"existingOrders":0,"level":"info","marketId":"market-1","message":"Order book initialized","outcomeId":"outcome-1","service":"prediction-market-api","timestamp":"2026-02-11T17:10:16.703Z"}
{"level":"info","marketId":"market-1","message":"Order placed and processed","orderId":"sell-order-1","outcomeId":"outcome-1","price":0.7,"quantity":50,"service":"prediction-market-api","timestamp":"2026-02-11T17:10:16.704Z","tradesExecuted":0,"type":"SELL","userId":"user-1"}
{"level":"info","marketId":"market-1","message":"Order placed and processed","orderId":"buy-order-1","outcomeId":"outcome-1","price":0.7,"quantity":30,"service":"prediction-market-api","timestamp":"2026-02-11T17:10:16.704Z","tradesExecuted":1,"type":"BUY","userId":"user-2"}
{"bestAsk":null,"bestBid":null,"existingOrders":0,"level":"info","marketId":"market-1","message":"Order book initialized","outcomeId":"outcome-1","service":"prediction-market-api","timestamp":"2026-02-11T17:10:16.704Z"}
{"error":"User ID is required","level":"error","message":"Failed to place order","request":{"marketId":"market-1","orderType":"LIMIT","outcomeId":"outcome-1","price":0.6,"quantity":100,"type":"BUY"},"service":"prediction-market-api","timestamp":"2026-02-11T17:10:16.704Z"}
{"error":"Order type must be BUY or SELL","level":"error","message":"Failed to place order","request":{"marketId":"market-1","orderType":"LIMIT","outcomeId":"outcome-1","price":0.6,"quantity":100,"type":"INVALID","userId":"user-1"},"service":"prediction-market-api","timestamp":"2026-02-11T17:10:16.724Z"}
{"error":"Quantity must be greater than 0","level":"error","message":"Failed to place order","request":{"marketId":"market-1","orderType":"LIMIT","outcomeId":"outcome-1","price":0.6,"quantity":0,"type":"BUY","userId":"user-1"},"service":"prediction-market-api","timestamp":"2026-02-11T17:10:16.730Z"}
{"error":"Price must be between 0.01 and 0.99","level":"error","message":"Failed to place order","request":{"marketId":"market-1","orderType":"LIMIT","outcomeId":"outcome-1","price":1.5,"quantity":100,"type":"BUY","userId":"user-1"},"service":"prediction-market-api","timestamp":"2026-02-11T17:10:16.730Z"}
{"bestAsk":null,"bestBid":null,"existingOrders":0,"level":"info","marketId":"market-1","message":"Order book initialized","outcomeId":"outcome-1","service":"prediction-market-api","timestamp":"2026-02-11T17:10:16.731Z"}
{"level":"info","marketId":"market-1","message":"Order placed and processed","orderId":"order-1","outcomeId":"outcome-1","price":0.6,"quantity":100,"service":"prediction-market-api","timestamp":"2026-02-11T17:10:16.732Z","tradesExecuted":0,"type":"BUY","userId":"user-1"}
{"level":"info","marketId":"market-1","message":"Order cancelled","orderId":"order-1","outcomeId":"outcome-1","service":"prediction-market-api","timestamp":"2026-02-11T17:10:16.732Z","userId":"user-1"}
{"bestAsk":null,"bestBid":null,"existingOrders":0,"level":"info","marketId":"market-1","message":"Order book initialized","outcomeId":"outcome-1","service":"prediction-market-api","timestamp":"2026-02-11T17:10:16.733Z"}
{"error":"Unauthorized to cancel this order","level":"error","message":"Failed to cancel order","orderId":"order-1","service":"prediction-market-api","timestamp":"2026-02-11T17:10:16.733Z","userId":"user-2"}
{"bestAsk":null,"bestBid":null,"existingOrders":0,"level":"info","marketId":"market-1","message":"Order book initialized","outcomeId":"outcome-1","service":"prediction-market-api","timestamp":"2026-02-11T17:10:16.734Z"}
{"error":"Order cannot be cancelled","level":"error","message":"Failed to cancel order","orderId":"order-1","service":"prediction-market-api","timestamp":"2026-02-11T17:10:16.734Z","userId":"user-1"}
{"bestAsk":null,"bestBid":null,"existingOrders":0,"level":"info","marketId":"market-1","message":"Order book initialized","outcomeId":"outcome-1","service":"prediction-market-api","timestamp":"2026-02-11T17:10:16.734Z"}
{"error":"Order not found","level":"error","message":"Failed to cancel order","orderId":"non-existent","service":"prediction-market-api","timestamp":"2026-02-11T17:10:16.735Z","userId":"user-1"}
{"bestAsk":null,"bestBid":null,"existingOrders":0,"level":"info","marketId":"market-1","message":"Order book initialized","outcomeId":"outcome-1","service":"prediction-market-api","timestamp":"2026-02-11T17:10:16.735Z"}
{"bestAsk":null,"bestBid":null,"existingOrders":0,"level":"info","marketId":"market-1","message":"Order book initialized","outcomeId":"outcome-1","service":"prediction-market-api","timestamp":"2026-02-11T17:10:16.736Z"}
{"level":"info","marketId":"market-1","message":"Order placed and processed","orderId":"order-1","outcomeId":"outcome-1","price":0.6,"quantity":100,"service":"prediction-market-api","timestamp":"2026-02-11T17:10:16.736Z","tradesExecuted":0,"type":"BUY","userId":"user-1"}
{"level":"info","marketId":"market-1","message":"Order placed and processed","orderId":"order-2","outcomeId":"outcome-1","price":0.55,"quantity":50,"service":"prediction-market-api","timestamp":"2026-02-11T17:10:16.736Z","tradesExecuted":0,"type":"BUY","userId":"user-1"}
{"level":"info","marketId":"market-1","message":"Order placed and processed","orderId":"order-3","outcomeId":"outcome-1","price":0.65,"quantity":75,"service":"prediction-market-api","timestamp":"2026-02-11T17:10:16.736Z","tradesExecuted":0,"type":"SELL","userId":"user-2"}
{"bestAsk":null,"bestBid":null,"existingOrders":0,"level":"info","marketId":"market-1","message":"Order book initialized","outcomeId":"outcome-1","service":"prediction-market-api","timestamp":"2026-02-11T17:10:16.737Z"}
{"level":"info","marketId":"market-1","message":"Order placed and processed","orderId":"order-1","outcomeId":"outcome-1","price":0.5,"quantity":10,"service":"prediction-market-api","timestamp":"2026-02-11T17:10:16.737Z","tradesExecuted":0,"type":"BUY","userId":"user-1"}
{"level":"info","marketId":"market-1","message":"Order placed and processed","orderId":"order-2","outcomeId":"outcome-1","price":0.49,"quantity":10,"service":"prediction-market-api","timestamp":"2026-02-11T17:10:16.737Z","tradesExecuted":0,"type":"BUY","userId":"user-1"}
{"level":"info","marketId":"market-1","message":"Order placed and processed","orderId":"order-3","outcomeId":"outcome-1","price":0.48,"quantity":10,"service":"prediction-market-api","timestamp":"2026-02-11T17:10:16.737Z","tradesExecuted":0,"type":"BUY","userId":"user-1"}
{"level":"info","marketId":"market-1","message":"Order placed and processed","orderId":"order-4","outcomeId":"outcome-1","price":0.47,"quantity":10,"service":"prediction-market-api","timestamp":"2026-02-11T17:10:16.737Z","tradesExecuted":0,"type":"BUY","userId":"user-1"}
{"level":"info","marketId":"market-1","message":"Order placed and processed","orderId":"order-5","outcomeId":"outcome-1","price":0.46,"quantity":10,"service":"prediction-market-api","timestamp":"2026-02-11T17:10:16.738Z","tradesExecuted":0,"type":"BUY","userId":"user-1"}
{"level":"info","marketId":"market-1","message":"Order placed and processed","orderId":"order-6","outcomeId":"outcome-1","price":0.45,"quantity":10,"service":"prediction-market-api","timestamp":"2026-02-11T17:10:16.738Z","tradesExecuted":0,"type":"BUY","userId":"user-1"}
{"level":"info","marketId":"market-1","message":"Order placed and processed","orderId":"order-7","outcomeId":"outcome-1","price":0.44,"quantity":10,"service":"prediction-market-api","timestamp":"2026-02-11T17:10:16.738Z","tradesExecuted":0,"type":"BUY","userId":"user-1"}
{"level":"info","marketId":"market-1","message":"Order placed and processed","orderId":"order-8","outcomeId":"outcome-1","price":0.43,"quantity":10,"service":"prediction-market-api","timestamp":"2026-02-11T17:10:16.738Z","tradesExecuted":0,"type":"BUY","userId":"user-1"}
{"level":"info","marketId":"market-1","message":"Order placed and processed","orderId":"order-9","outcomeId":"outcome-1","price":0.42,"quantity":10,"service":"prediction-market-api","timestamp":"2026-02-11T17:10:16.738Z","tradesExecuted":0,"type":"BUY","userId":"user-1"}
{"level":"info","marketId":"market-1","message":"Order placed and processed","orderId":"order-10","outcomeId":"outcome-1","price":0.41000000000000003,"quantity":10,"service":"prediction-market-api","timestamp":"2026-02-11T17:10:16.739Z","tradesExecuted":0,"type":"BUY","userId":"user-1"}
{"level":"info","marketId":"market-1","message":"Order placed and processed","orderId":"order-11","outcomeId":"outcome-1","price":0.4,"quantity":10,"service":"prediction-market-api","timestamp":"2026-02-11T17:10:16.739Z","tradesExecuted":0,"type":"BUY","userId":"user-1"}
{"level":"info","marketId":"market-1","message":"Order placed and processed","orderId":"order-12","outcomeId":"outcome-1","price":0.39,"quantity":10,"service":"prediction-market-api","timestamp":"2026-02-11T17:10:16.739Z","tradesExecuted":0,"type":"BUY","userId":"user-1"}
{"level":"info","marketId":"market-1","message":"Order placed and processed","orderId":"order-13","outcomeId":"outcome-1","price":0.38,"quantity":10,"service":"prediction-market-api","timestamp":"2026-02-11T17:10:16.739Z","tradesExecuted":0,"type":"BUY","userId":"user-1"}
{"level":"info","marketId":"market-1","message":"Order placed and processed","orderId":"order-14","outcomeId":"outcome-1","price":0.37,"quantity":10,"service":"prediction-market-api","timestamp":"2026-02-11T17:10:16.740Z","tradesExecuted":0,"type":"BUY","userId":"user-1"}
{"level":"info","marketId":"market-1","message":"Order placed and processed","orderId":"order-15","outcomeId":"outcome-1","price":0.36,"quantity":10,"service":"prediction-market-api","timestamp":"2026-02-11T17:10:16.740Z","tradesExecuted":0,"type":"BUY","userId":"user-1"}
{"bestAsk":null,"bestBid":null,"existingOrders":0,"level":"info","marketId":"market-1","message":"Order book initialized","outcomeId":"outcome-1","service":"prediction-market-api","timestamp":"2026-02-11T17:10:16.740Z"}
{"level":"info","marketId":"market-1","message":"Order placed and processed","orderId":"order-1","outcomeId":"outcome-1","price":0.55,"quantity":100,"service":"prediction-market-api","timestamp":"2026-02-11T17:10:16.740Z","tradesExecuted":0,"type":"BUY","userId":"user-1"}
{"level":"info","marketId":"market-1","message":"Order placed and processed","orderId":"order-2","outcomeId":"outcome-1","price":0.6,"quantity":100,"service":"prediction-market-api","timestamp":"2026-02-11T17:10:16.740Z","tradesExecuted":0,"type":"BUY","userId":"user-2"}
{"level":"info","marketId":"market-1","message":"Order placed and processed","orderId":"order-3","outcomeId":"outcome-1","price":0.5,"quantity":100,"service":"prediction-market-api","timestamp":"2026-02-11T17:10:16.741Z","tradesExecuted":0,"type":"BUY","userId":"user-1"}
{"bestAsk":null,"bestBid":null,"existingOrders":0,"level":"info","marketId":"market-1","message":"Order book initialized","outcomeId":"outcome-1","service":"prediction-market-api","timestamp":"2026-02-11T17:10:16.741Z"}
{"level":"info","marketId":"market-1","message":"Order placed and processed","orderId":"order-1","outcomeId":"outcome-1","price":0.6,"quantity":100,"service":"prediction-market-api","timestamp":"2026-02-11T17:10:16.741Z","tradesExecuted":0,"type":"BUY","userId":"user-1"}
{"level":"info","marketId":"market-1","message":"Order placed and processed","orderId":"order-2","outcomeId":"outcome-1","price":0.6,"quantity":100,"service":"prediction-market-api","timestamp":"2026-02-11T17:10:16.741Z","tradesExecuted":0,"type":"BUY","userId":"user-2"}
{"level":"info","marketId":"market-1","message":"Order placed and processed","orderId":"order-3","outcomeId":"outcome-1","price":0.6,"quantity":100,"service":"prediction-market-api","timestamp":"2026-02-11T17:10:16.742Z","tradesExecuted":0,"type":"BUY","userId":"user-1"}
{"bestAsk":null,"bestBid":null,"existingOrders":0,"level":"info","marketId":"market-1","message":"Order book initialized","outcomeId":"outcome-1","service":"prediction-market-api","timestamp":"2026-02-11T17:10:16.742Z"}
{"level":"info","marketId":"market-1","message":"Order placed and processed","orderId":"sell-order-1","outcomeId":"outcome-1","price":0.6,"quantity":100,"service":"prediction-market-api","timestamp":"2026-02-11T17:10:16.742Z","tradesExecuted":0,"type":"SELL","userId":"user-1"}
{"level":"info","marketId":"market-1","message":"Order placed and processed","orderId":"buy-order-1","outcomeId":"outcome-1","price":0.6,"quantity":50,"service":"prediction-market-api","timestamp":"2026-02-11T17:10:16.742Z","tradesExecuted":1,"type":"BUY","userId":"user-2"}
{"buyerId":"buyer-1","level":"info","marketId":"market-1","message":"Trade executed successfully","outcomeId":"outcome-1","price":0.6,"quantity":100,"sellerId":"seller-1","service":"prediction-market-api","timestamp":"2026-02-11T17:10:16.756Z","totalValue":60,"tradeId":"trade-1"}
{"buyerId":"buyer-1","level":"info","marketId":"market-1","message":"Trade executed successfully","outcomeId":"outcome-1","price":0.6,"quantity":100,"sellerId":"seller-1","service":"prediction-market-api","timestamp":"2026-02-11T17:10:16.806Z","totalValue":60,"tradeId":"trade-1"}
{"error":"Market ID and Outcome ID are required","level":"error","message":"Failed to execute trade","request":{"buyOrderId":"buy-order-1","buyerFee":0.12,"buyerId":"buyer-1","marketId":"","outcomeId":"outcome-1","price":0.6,"quantity":100,"sellOrderId":"sell-order-1","sellerFee":0.12,"sellerId":"seller-1","totalValue":60},"service":"prediction-market-api","timestamp":"2026-02-11T17:10:16.808Z"}
{"error":"Buyer ID and Seller ID are required","level":"error","message":"Failed to execute trade","request":{"buyOrderId":"buy-order-1","buyerFee":0.12,"buyerId":"","marketId":"market-1","outcomeId":"outcome-1","price":0.6,"quantity":100,"sellOrderId":"sell-order-1","sellerFee":0.12,"sellerId":"seller-1","totalValue":60},"service":"prediction-market-api","timestamp":"2026-02-11T17:10:16.826Z"}
{"error":"Quantity must be greater than 0","level":"error","message":"Failed to execute trade","request":{"buyOrderId":"buy-order-1","buyerFee":0.12,"buyerId":"buyer-1","marketId":"market-1","outcomeId":"outcome-1","price":0.6,"quantity":0,"sellOrderId":"sell-order-1","sellerFee":0.12,"sellerId":"seller-1","totalValue":60},"service":"prediction-market-api","timestamp":"2026-02-11T17:10:16.828Z"}
{"error":"Price must be between 0 and 1","level":"error","message":"Failed to execute trade","request":{"buyOrderId":"buy-order-1","buyerFee":0.12,"buyerId":"buyer-1","marketId":"market-1","outcomeId":"outcome-1","price":1.5,"quantity":100,"sellOrderId":"sell-order-1","sellerFee":0.12,"sellerId":"seller-1","totalValue":60},"service":"prediction-market-api","timestamp":"2026-02-11T17:10:16.829Z"}
{"error":"Total value must be greater than 0","level":"error","message":"Failed to execute trade","request":{"buyOrderId":"buy-order-1","buyerFee":0.12,"buyerId":"buyer-1","marketId":"market-1","outcomeId":"outcome-1","price":0.6,"quantity":100,"sellOrderId":"sell-order-1","sellerFee":0.12,"sellerId":"seller-1","totalValue":-10},"service":"prediction-market-api","timestamp":"2026-02-11T17:10:16.833Z"}
{"error":"Buyer not found","level":"error","message":"Failed to execute trade","request":{"buyOrderId":"buy-order-1","buyerFee":0.12,"buyerId":"buyer-1","marketId":"market-1","outcomeId":"outcome-1","price":0.6,"quantity":100,"sellOrderId":"sell-order-1","sellerFee":0.12,"sellerId":"seller-1","totalValue":60},"service":"prediction-market-api","timestamp":"2026-02-11T17:10:16.834Z"}
{"error":"Market is not active","level":"error","message":"Failed to execute trade","request":{"buyOrderId":"buy-order-1","buyerFee":0.12,"buyerId":"buyer-1","marketId":"market-1","outcomeId":"outcome-1","price":0.6,"quantity":100,"sellOrderId":"sell-order-1","sellerFee":0.12,"sellerId":"seller-1","totalValue":60},"service":"prediction-market-api","timestamp":"2026-02-11T17:10:16.835Z"}
{"buyerId":"buyer-1","level":"info","marketId":"market-1","message":"Trade executed successfully","outcomeId":"outcome-1","price":0.6,"quantity":100,"sellerId":"seller-1","service":"prediction-market-api","timestamp":"2026-02-11T17:10:16.836Z","totalValue":60,"tradeId":"trade-1"}
{"error":"User not found","level":"error","message":"Failed to get user balance","service":"prediction-market-api","timestamp":"2026-02-11T17:10:16.842Z","userId":"non-existent"}
{"level":"info","marketId":"market-1","message":"Multiple trades executed successfully","outcomeId":"outcome-1","service":"prediction-market-api","timestamp":"2026-02-11T17:10:16.853Z","totalVolume":46.25,"tradesCount":2}
{"ip":"192.168.1.12","level":"info","message":"IP unblocked","service":"prediction-market-api","timestamp":"2026-02-11T17:10:17.785Z"}
{"level":"info","message":"User unsuspended","service":"prediction-market-api","timestamp":"2026-02-11T17:10:18.891Z","userId":"user-125"}
{"description":"Test threat","level":"warn","message":"Security threat detected","service":"prediction-market-api","source":"192.168.1.1","threatId":"threat_1770829831238_4zdeasu","timestamp":"2026-02-11T17:10:31.238Z","type":"suspicious_activity"}
{"level":"info","message":"Security action taken","reason":"Test threat","service":"prediction-market-api","target":"192.168.1.1","timestamp":"2026-02-11T17:10:31.251Z","type":"log_event"}
{"description":"XSS attempt detected","level":"warn","message":"Security threat detected","service":"prediction-market-api","source":"192.168.1.2","threatId":"threat_1770829831252_8f023wd","timestamp":"2026-02-11T17:10:31.252Z","type":"xss_attempt"}
{"level":"info","message":"Security action taken","reason":"XSS attempt detected","service":"prediction-market-api","target":"192.168.1.2","timestamp":"2026-02-11T17:10:31.253Z","type":"log_event"}
{"description":"DDoS attack","level":"warn","message":"Security threat detected","service":"prediction-market-api","source":"192.168.1.3","threatId":"threat_1770829831253_m9mc21i","timestamp":"2026-02-11T17:10:31.253Z","type":"ddos"}
{"description":"DDoS attack","level":"error","message":"SECURITY ALERT: Admin notification required","service":"prediction-market-api","source":"192.168.1.3","threatId":"threat_1770829831253_m9mc21i","timestamp":"2026-02-11T17:10:31.254Z","type":"ddos"}
{"duration":86400,"level":"info","message":"Security action taken","reason":"Critical security threat","service":"prediction-market-api","target":"192.168.1.3","timestamp":"2026-02-11T17:10:31.254Z","type":"block_ip"}
{"level":"info","message":"Security action taken","reason":"critical threat: DDoS attack","service":"prediction-market-api","target":"admins","timestamp":"2026-02-11T17:10:31.254Z","type":"alert_admin"}
{"isAuthenticated":false,"level":"info","message":"WebSocket client connected","service":"prediction-market-api","socketId":"Sc1gMv55cEr0IgCIAAAB","timestamp":"2026-02-11T17:10:31.611Z","userId":"anonymous"}
{"buyerId":"buyer-1","level":"info","marketId":"market-1","message":"Trade executed successfully","outcomeId":"outcome-1","price":0.6,"quantity":100,"sellerId":"seller-1","service":"prediction-market-api","timestamp":"2026-02-11T17:10:31.663Z","totalValue":60,"tradeId":"trade-1"}
{"buyerId":"buyer-1","level":"info","marketId":"market-1","message":"Trade executed successfully","outcomeId":"outcome-1","price":0.6,"quantity":100,"sellerId":"seller-1","service":"prediction-market-api","timestamp":"2026-02-11T17:10:31.698Z","totalValue":60,"tradeId":"trade-1"}
{"error":"Market ID and Outcome ID are required","level":"error","message":"Failed to execute trade","request":{"buyOrderId":"buy-order-1","buyerFee":0.12,"buyerId":"buyer-1","marketId":"","outcomeId":"outcome-1","price":0.6,"quantity":100,"sellOrderId":"sell-order-1","sellerFee":0.12,"sellerId":"seller-1","totalValue":60},"service":"prediction-market-api","timestamp":"2026-02-11T17:10:31.699Z"}
{"error":"Buyer ID and Seller ID are required","level":"error","message":"Failed to execute trade","request":{"buyOrderId":"buy-order-1","buyerFee":0.12,"buyerId":"","marketId":"market-1","outcomeId":"outcome-1","price":0.6,"quantity":100,"sellOrderId":"sell-order-1","sellerFee":0.12,"sellerId":"seller-1","totalValue":60},"service":"prediction-market-api","timestamp":"2026-02-11T17:10:31.723Z"}
{"error":"Quantity must be greater than 0","level":"error","message":"Failed to execute trade","request":{"buyOrderId":"buy-order-1","buyerFee":0.12,"buyerId":"buyer-1","marketId":"market-1","outcomeId":"outcome-1","price":0.6,"quantity":0,"sellOrderId":"sell-order-1","sellerFee":0.12,"sellerId":"seller-1","totalValue":60},"service":"prediction-market-api","timestamp":"2026-02-11T17:10:31.724Z"}
{"error":"Price must be between 0 and 1","level":"error","message":"Failed to execute trade","request":{"buyOrderId":"buy-order-1","buyerFee":0.12,"buyerId":"buyer-1","marketId":"market-1","outcomeId":"outcome-1","price":1.5,"quantity":100,"sellOrderId":"sell-order-1","sellerFee":0.12,"sellerId":"seller-1","totalValue":60},"service":"prediction-market-api","timestamp":"2026-02-11T17:10:31.724Z"}
{"error":"Total value must be greater than 0","level":"error","message":"Failed to execute trade","request":{"buyOrderId":"buy-order-1","buyerFee":0.12,"buyerId":"buyer-1","marketId":"market-1","outcomeId":"outcome-1","price":0.6,"quantity":100,"sellOrderId":"sell-order-1","sellerFee":0.12,"sellerId":"seller-1","totalValue":-10},"service":"prediction-market-api","timestamp":"2026-02-11T17:10:31.725Z"}
{"error":"Buyer not found","level":"error","message":"Failed to execute trade","request":{"buyOrderId":"buy-order-1","buyerFee":0.12,"buyerId":"buyer-1","marketId":"market-1","outcomeId":"outcome-1","price":0.6,"quantity":100,"sellOrderId":"sell-order-1","sellerFee":0.12,"sellerId":"seller-1","totalValue":60},"service":"prediction-market-api","timestamp":"2026-02-11T17:10:31.726Z"}
{"error":"Market is not active","level":"error","message":"Failed to execute trade","request":{"buyOrderId":"buy-order-1","buyerFee":0.12,"buyerId":"buyer-1","marketId":"market-1","outcomeId":"outcome-1","price":0.6,"quantity":100,"sellOrderId":"sell-order-1","sellerFee":0.12,"sellerId":"seller-1","totalValue":60},"service":"prediction-market-api","timestamp":"2026-02-11T17:10:31.727Z"}
{"buyerId":"buyer-1","level":"info","marketId":"market-1","message":"Trade executed successfully","outcomeId":"outcome-1","price":0.6,"quantity":100,"sellerId":"seller-1","service":"prediction-market-api","timestamp":"2026-02-11T17:10:31.728Z","totalValue":60,"tradeId":"trade-1"}
{"error":"User not found","level":"error","message":"Failed to get user balance","service":"prediction-market-api","timestamp":"2026-02-11T17:10:31.731Z","userId":"non-existent"}
{"level":"info","marketId":"market-1","message":"Multiple trades executed successfully","outcomeId":"outcome-1","service":"prediction-market-api","timestamp":"2026-02-11T17:10:31.734Z","totalVolume":46.25,"tradesCount":2}
{"level":"info","message":"Generated nonce for wallet authentication","nonce":"kqs73cilsq","service":"prediction-market-api","timestamp":"2026-02-11T17:10:31.687Z","walletAddress":"0x1234567890123456789012345678901234567890"}
{"level":"info","message":"Wallet authentication successful","service":"prediction-market-api","timestamp":"2026-02-11T17:10:31.710Z","userId":"user-1","walletAddress":"0xfe453f5688b4cbd02feb1e26dd5a07bcc7f7ef05"}
{"level":"info","message":"Created new user from wallet authentication","service":"prediction-market-api","timestamp":"2026-02-11T17:10:31.718Z","userId":"user-new","walletAddress":"0xfe453f5688b4cbd02feb1e26dd5a07bcc7f7ef05"}
{"level":"info","message":"Wallet authentication successful","service":"prediction-market-api","timestamp":"2026-02-11T17:10:31.719Z","userId":"user-new","walletAddress":"0xfe453f5688b4cbd02feb1e26dd5a07bcc7f7ef05"}
{"error":"Invalid or expired nonce","level":"error","message":"Wallet authentication failed","service":"prediction-market-api","timestamp":"2026-02-11T17:10:31.721Z","walletAddress":"0xfe453f5688b4cbd02feb1e26dd5a07bcc7f7ef05"}
{"error":"invalid raw signature length (argument=\"signature\", value=\"0x1234567890abcdef\", code=INVALID_ARGUMENT, version=6.16.0)","level":"error","message":"Wallet authentication failed","service":"prediction-market-api","timestamp":"2026-02-11T17:10:31.723Z","walletAddress":"0xfe453f5688b4cbd02feb1e26dd5a07bcc7f7ef05"}
{"error":"Invalid signature","level":"error","message":"Wallet authentication failed","service":"prediction-market-api","timestamp":"2026-02-11T17:10:31.748Z","walletAddress":"0xfe453f5688b4cbd02feb1e26dd5a07bcc7f7ef05"}
{"error":"invalid token","level":"warn","message":"Token validation failed","service":"prediction-market-api","timestamp":"2026-02-11T17:10:31.752Z"}
{"error":"User not found","level":"warn","message":"Token validation failed","service":"prediction-market-api","timestamp":"2026-02-11T17:10:31.756Z"}
{"level":"info","message":"Token refresh successful","service":"prediction-market-api","timestamp":"2026-02-11T17:10:31.758Z","userId":"user-1","walletAddress":"0x1234567890123456789012345678901234567890"}
{"error":"invalid token","level":"error","message":"Token refresh failed","service":"prediction-market-api","timestamp":"2026-02-11T17:10:31.758Z"}
{"error":"Invalid refresh token","level":"error","message":"Token refresh failed","service":"prediction-market-api","timestamp":"2026-02-11T17:10:31.760Z"}
{"level":"info","message":"Token revoked successfully","service":"prediction-market-api","timestamp":"2026-02-11T17:10:31.761Z","userId":"user-1","walletAddress":"0x1234567890123456789012345678901234567890"}
{"error":"invalid token","level":"warn","message":"Token revocation failed","service":"prediction-market-api","timestamp":"2026-02-11T17:10:31.762Z"}
{"level":"info","message":"Cleared user sessions","service":"prediction-market-api","timestamp":"2026-02-11T17:10:31.764Z","userId":"user-1"}
{"bestAsk":null,"bestBid":null,"existingOrders":0,"level":"info","marketId":"market-1","message":"Order book initialized","outcomeId":"outcome-1","service":"prediction-market-api","timestamp":"2026-02-11T17:10:31.725Z"}
{"bestAsk":0.7,"bestBid":0.6,"existingOrders":2,"level":"info","marketId":"market-1","message":"Order book initialized","outcomeId":"outcome-1","service":"prediction-market-api","timestamp":"2026-02-11T17:10:31.749Z"}
{"bestAsk":null,"bestBid":null,"existingOrders":0,"level":"info","marketId":"market-1","message":"Order book initialized","outcomeId":"outcome-1","service":"prediction-market-api","timestamp":"2026-02-11T17:10:31.751Z"}
{"level":"info","marketId":"market-1","message":"Order placed and processed","orderId":"order-1","outcomeId":"outcome-1","price":0.6,"quantity":100,"service":"prediction-market-api","timestamp":"2026-02-11T17:10:31.751Z","tradesExecuted":0,"type":"BUY","userId":"user-1"}
{"bestAsk":null,"bestBid":null,"existingOrders":0,"level":"info","marketId":"market-1","message":"Order book initialized","outcomeId":"outcome-1","service":"prediction-market-api","timestamp":"2026-02-11T17:10:31.752Z"}
{"level":"info","marketId":"market-1","message":"Order placed and processed","orderId":"order-1","outcomeId":"outcome-1","price":0.7,"quantity":50,"service":"prediction-market-api","timestamp":"2026-02-11T17:10:31.754Z","tradesExecuted":0,"type":"SELL","userId":"user-1"}
{"bestAsk":null,"bestBid":null,"existingOrders":0,"level":"info","marketId":"market-1","message":"Order book initialized","outcomeId":"outcome-1","service":"prediction-market-api","timestamp":"2026-02-11T17:10:31.755Z"}
{"level":"info","marketId":"market-1","message":"Order placed and processed","orderId":"sell-order-1","outcomeId":"outcome-1","price":0.6,"quantity":50,"service":"prediction-market-api","timestamp":"2026-02-11T17:10:31.755Z","tradesExecuted":0,"type":"SELL","userId":"user-1"}
{"level":"info","marketId":"market-1","message":"Order placed and processed","orderId":"buy-order-1","outcomeId":"outcome-1","price":0.6,"quantity":30,"service":"prediction-market-api","timestamp":"2026-02-11T17:10:31.755Z","tradesExecuted":1,"type":"BUY","userId":"user-2"}
{"bestAsk":null,"bestBid":null,"existingOrders":0,"level":"info","marketId":"market-1","message":"Order book initialized","outcomeId":"outcome-1","service":"prediction-market-api","timestamp":"2026-02-11T17:10:31.756Z"}
{"level":"info","marketId":"market-1","message":"Order placed and processed","orderId":"sell-order-1","outcomeId":"outcome-1","price":0.6,"quantity":30,"service":"prediction-market-api","timestamp":"2026-02-11T17:10:31.757Z","tradesExecuted":0,"type":"SELL","userId":"user-1"}
{"level":"info","marketId":"market-1","message":"Order placed and processed","orderId":"buy-order-1","outcomeId":"outcome-1","price":0.6,"quantity":50,"service":"prediction-market-api","timestamp":"2026-02-11T17:10:31.757Z","tradesExecuted":1,"type":"BUY","userId":"user-2"}
{"bestAsk":null,"bestBid":null,"existingOrders":0,"level":"info","marketId":"market-1","message":"Order book initialized","outcomeId":"outcome-1","service":"prediction-market-api","timestamp":"2026-02-11T17:10:31.758Z"}
{"level":"info","marketId":"market-1","message":"Order placed and processed","orderId":"sell-order-1","outcomeId":"outcome-1","price":0.7,"quantity":50,"service":"prediction-market-api","timestamp":"2026-02-11T17:10:31.759Z","tradesExecuted":0,"type":"SELL","userId":"user-1"}
{"level":"info","marketId":"market-1","message":"Order placed and processed","orderId":"buy-order-1","outcomeId":"outcome-1","price":0.7,"quantity":30,"service":"prediction-market-api","timestamp":"2026-02-11T17:10:31.759Z","tradesExecuted":1,"type":"BUY","userId":"user-2"}
{"bestAsk":null,"bestBid":null,"existingOrders":0,"level":"info","marketId":"market-1","message":"Order book initialized","outcomeId":"outcome-1","service":"prediction-market-api","timestamp":"2026-02-11T17:10:31.759Z"}
{"error":"User ID is required","level":"error","message":"Failed to place order","request":{"marketId":"market-1","orderType":"LIMIT","outcomeId":"outcome-1","price":0.6,"quantity":100,"type":"BUY"},"service":"prediction-market-api","timestamp":"2026-02-11T17:10:31.761Z"}
{"error":"Order type must be BUY or SELL","level":"error","message":"Failed to place order","request":{"marketId":"market-1","orderType":"LIMIT","outcomeId":"outcome-1","price":0.6,"quantity":100,"type":"INVALID","userId":"user-1"},"service":"prediction-market-api","timestamp":"2026-02-11T17:10:31.793Z"}
{"error":"Quantity must be greater than 0","level":"error","message":"Failed to place order","request":{"marketId":"market-1","orderType":"LIMIT","outcomeId":"outcome-1","price":0.6,"quantity":0,"type":"BUY","userId":"user-1"},"service":"prediction-market-api","timestamp":"2026-02-11T17:10:31.793Z"}
{"error":"Price must be between 0.01 and 0.99","level":"error","message":"Failed to place order","request":{"marketId":"market-1","orderType":"LIMIT","outcomeId":"outcome-1","price":1.5,"quantity":100,"type":"BUY","userId":"user-1"},"service":"prediction-market-api","timestamp":"2026-02-11T17:10:31.794Z"}
{"bestAsk":null,"bestBid":null,"existingOrders":0,"level":"info","marketId":"market-1","message":"Order book initialized","outcomeId":"outcome-1","service":"prediction-market-api","timestamp":"2026-02-11T17:10:31.800Z"}
{"level":"info","marketId":"market-1","message":"Order placed and processed","orderId":"order-1","outcomeId":"outcome-1","price":0.6,"quantity":100,"service":"prediction-market-api","timestamp":"2026-02-11T17:10:31.801Z","tradesExecuted":0,"type":"BUY","userId":"user-1"}
{"level":"info","marketId":"market-1","message":"Order cancelled","orderId":"order-1","outcomeId":"outcome-1","service":"prediction-market-api","timestamp":"2026-02-11T17:10:31.802Z","userId":"user-1"}
{"bestAsk":null,"bestBid":null,"existingOrders":0,"level":"info","marketId":"market-1","message":"Order book initialized","outcomeId":"outcome-1","service":"prediction-market-api","timestamp":"2026-02-11T17:10:31.803Z"}
{"error":"Unauthorized to cancel this order","level":"error","message":"Failed to cancel order","orderId":"order-1","service":"prediction-market-api","timestamp":"2026-02-11T17:10:31.804Z","userId":"user-2"}
{"bestAsk":null,"bestBid":null,"existingOrders":0,"level":"info","marketId":"market-1","message":"Order book initialized","outcomeId":"outcome-1","service":"prediction-market-api","timestamp":"2026-02-11T17:10:31.804Z"}
{"error":"Order cannot be cancelled","level":"error","message":"Failed to cancel order","orderId":"order-1","service":"prediction-market-api","timestamp":"2026-02-11T17:10:31.804Z","userId":"user-1"}
{"bestAsk":null,"bestBid":null,"existingOrders":0,"level":"info","marketId":"market-1","message":"Order book initialized","outcomeId":"outcome-1","service":"prediction-market-api","timestamp":"2026-02-11T17:10:31.805Z"}
{"error":"Order not found","level":"error","message":"Failed to cancel order","orderId":"non-existent","service":"prediction-market-api","timestamp":"2026-02-11T17:10:31.806Z","userId":"user-1"}
{"bestAsk":null,"bestBid":null,"existingOrders":0,"level":"info","marketId":"market-1","message":"Order book initialized","outcomeId":"outcome-1","service":"prediction-market-api","timestamp":"2026-02-11T17:10:31.807Z"}
{"bestAsk":null,"bestBid":null,"existingOrders":0,"level":"info","marketId":"market-1","message":"Order book initialized","outcomeId":"outcome-1","service":"prediction-market-api","timestamp":"2026-02-11T17:10:31.808Z"}
{"level":"info","marketId":"market-1","message":"Order placed and processed","orderId":"order-1","outcomeId":"outcome-1","price":0.6,"quantity":100,"service":"prediction-market-api","timestamp":"2026-02-11T17:10:31.808Z","tradesExecuted":0,"type":"BUY","userId":"user-1"}
{"level":"info","marketId":"market-1","message":"Order placed and processed","orderId":"order-2","outcomeId":"outcome-1","price":0.55,"quantity":50,"service":"prediction-market-api","timestamp":"2026-02-11T17:10:31.808Z","tradesExecuted":0,"type":"BUY","userId":"user-1"}
{"level":"info","marketId":"market-1","message":"Order placed and processed","orderId":"order-3","outcomeId":"outcome-1","price":0.65,"quantity":75,"service":"prediction-market-api","timestamp":"2026-02-11T17:10:31.809Z","tradesExecuted":0,"type":"SELL","userId":"user-2"}
{"bestAsk":null,"bestBid":null,"existingOrders":0,"level":"info","marketId":"market-1","message":"Order book initialized","outcomeId":"outcome-1","service":"prediction-market-api","timestamp":"2026-02-11T17:10:31.809Z"}
{"level":"info","marketId":"market-1","message":"Order placed and processed","orderId":"order-1","outcomeId":"outcome-1","price":0.5,"quantity":10,"service":"prediction-market-api","timestamp":"2026-02-11T17:10:31.809Z","tradesExecuted":0,"type":"BUY","userId":"user-1"}
{"level":"info","marketId":"market-1","message":"Order placed and processed","orderId":"order-2","outcomeId":"outcome-1","price":0.49,"quantity":10,"service":"prediction-market-api","timestamp":"2026-02-11T17:10:31.809Z","tradesExecuted":0,"type":"BUY","userId":"user-1"}
{"level":"info","marketId":"market-1","message":"Order placed and processed","orderId":"order-3","outcomeId":"outcome-1","price":0.48,"quantity":10,"service":"prediction-market-api","timestamp":"2026-02-11T17:10:31.810Z","tradesExecuted":0,"type":"BUY","userId":"user-1"}
{"level":"info","marketId":"market-1","message":"Order placed and processed","orderId":"order-4","outcomeId":"outcome-1","price":0.47,"quantity":10,"service":"prediction-market-api","timestamp":"2026-02-11T17:10:31.810Z","tradesExecuted":0,"type":"BUY","userId":"user-1"}
{"level":"info","marketId":"market-1","message":"Order placed and processed","orderId":"order-5","outcomeId":"outcome-1","price":0.46,"quantity":10,"service":"prediction-market-api","timestamp":"2026-02-11T17:10:31.810Z","tradesExecuted":0,"type":"BUY","userId":"user-1"}
{"level":"info","marketId":"market-1","message":"Order placed and processed","orderId":"order-6","outcomeId":"outcome-1","price":0.45,"quantity":10,"service":"prediction-market-api","timestamp":"2026-02-11T17:10:31.810Z","tradesExecuted":0,"type":"BUY","userId":"user-1"}
{"level":"info","marketId":"market-1","message":"Order placed and processed","orderId":"order-7","outcomeId":"outcome-1","price":0.44,"quantity":10,"service":"prediction-market-api","timestamp":"2026-02-11T17:10:31.810Z","tradesExecuted":0,"type":"BUY","userId":"user-1"}
{"level":"info","marketId":"market-1","message":"Order placed and processed","orderId":"order-8","outcomeId":"outcome-1","price":0.43,"quantity":10,"service":"prediction-market-api","timestamp":"2026-02-11T17:10:31.811Z","tradesExecuted":0,"type":"BUY","userId":"user-1"}
{"level":"info","marketId":"market-1","message":"Order placed and processed","orderId":"order-9","outcomeId":"outcome-1","price":0.42,"quantity":10,"service":"prediction-market-api","timestamp":"2026-02-11T17:10:31.811Z","tradesExecuted":0,"type":"BUY","userId":"user-1"}
{"level":"info","marketId":"market-1","message":"Order placed and processed","orderId":"order-10","outcomeId":"outcome-1","price":0.41000000000000003,"quantity":10,"service":"prediction-market-api","timestamp":"2026-02-11T17:10:31.811Z","tradesExecuted":0,"type":"BUY","userId":"user-1"}
{"level":"info","marketId":"market-1","message":"Order placed and processed","orderId":"order-11","outcomeId":"outcome-1","price":0.4,"quantity":10,"service":"prediction-market-api","timestamp":"2026-02-11T17:10:31.811Z","tradesExecuted":0,"type":"BUY","userId":"user-1"}
{"level":"info","marketId":"market-1","message":"Order placed and processed","orderId":"order-12","outcomeId":"outcome-1","price":0.39,"quantity":10,"service":"prediction-market-api","timestamp":"2026-02-11T17:10:31.811Z","tradesExecuted":0,"type":"BUY","userId":"user-1"}
{"level":"info","marketId":"market-1","message":"Order placed and processed","orderId":"order-13","outcomeId":"outcome-1","price":0.38,"quantity":10,"service":"prediction-market-api","timestamp":"2026-02-11T17:10:31.811Z","tradesExecuted":0,"type":"BUY","userId":"user-1"}
{"level":"info","marketId":"market-1","message":"Order placed and processed","orderId":"order-14","outcomeId":"outcome-1","price":0.37,"quantity":10,"service":"prediction-market-api","timestamp":"2026-02-11T17:10:31.811Z","tradesExecuted":0,"type":"BUY","userId":"user-1"}
{"level":"info","marketId":"market-1","message":"Order placed and processed","orderId":"order-15","outcomeId":"outcome-1","price":0.36,"quantity":10,"service":"prediction-market-api","timestamp":"2026-02-11T17:10:31.812Z","tradesExecuted":0,"type":"BUY","userId":"user-1"}
{"bestAsk":null,"bestBid":null,"existingOrders":0,"level":"info","marketId":"market-1","message":"Order book initialized","outcomeId":"outcome-1","service":"prediction-market-api","timestamp":"2026-02-11T17:10:31.812Z"}
{"level":"info","marketId":"market-1","message":"Order placed and processed","orderId":"order-1","outcomeId":"outcome-1","price":0.55,"quantity":100,"service":"prediction-market-api","timestamp":"2026-02-11T17:10:31.814Z","tradesExecuted":0,"type":"BUY","userId":"user-1"}
{"level":"info","marketId":"market-1","message":"Order placed and processed","orderId":"order-2","outcomeId":"outcome-1","price":0.6,"quantity":100,"service":"prediction-market-api","timestamp":"2026-02-11T17:10:31.814Z","tradesExecuted":0,"type":"BUY","userId":"user-2"}
{"level":"info","marketId":"market-1","message":"Order placed and processed","orderId":"order-3","outcomeId":"outcome-1","price":0.5,"quantity":100,"service":"prediction-market-api","timestamp":"2026-02-11T17:10:31.814Z","tradesExecuted":0,"type":"BUY","userId":"user-1"}
{"bestAsk":null,"bestBid":null,"existingOrders":0,"level":"info","marketId":"market-1","message":"Order book initialized","outcomeId":"outcome-1","service":"prediction-market-api","timestamp":"2026-02-11T17:10:31.815Z"}
{"level":"info","marketId":"market-1","message":"Order placed and processed","orderId":"order-1","outcomeId":"outcome-1","price":0.6,"quantity":100,"service":"prediction-market-api","timestamp":"2026-02-11T17:10:31.815Z","tradesExecuted":0,"type":"BUY","userId":"user-1"}
{"level":"info","marketId":"market-1","message":"Order placed and processed","orderId":"order-2","outcomeId":"outcome-1","price":0.6,"quantity":100,"service":"prediction-market-api","timestamp":"2026-02-11T17:10:31.816Z","tradesExecuted":0,"type":"BUY","userId":"user-2"}
{"level":"info","marketId":"market-1","message":"Order placed and processed","orderId":"order-3","outcomeId":"outcome-1","price":0.6,"quantity":100,"service":"prediction-market-api","timestamp":"2026-02-11T17:10:31.816Z","tradesExecuted":0,"type":"BUY","userId":"user-1"}
{"bestAsk":null,"bestBid":null,"existingOrders":0,"level":"info","marketId":"market-1","message":"Order book initialized","outcomeId":"outcome-1","service":"prediction-market-api","timestamp":"2026-02-11T17:10:31.817Z"}
{"level":"info","marketId":"market-1","message":"Order placed and processed","orderId":"sell-order-1","outcomeId":"outcome-1","price":0.6,"quantity":100,"service":"prediction-market-api","timestamp":"2026-02-11T17:10:31.817Z","tradesExecuted":0,"type":"SELL","userId":"user-1"}
{"level":"info","marketId":"market-1","message":"Order placed and processed","orderId":"buy-order-1","outcomeId":"outcome-1","price":0.6,"quantity":50,"service":"prediction-market-api","timestamp":"2026-02-11T17:10:31.817Z","tradesExecuted":1,"type":"BUY","userId":"user-2"}
{"error":"Invalid token","ip":"127.0.0.1","level":"warn","message":"Authentication failed","service":"prediction-market-api","timestamp":"2026-02-11T17:10:31.832Z"}
{"ip":"127.0.0.1","level":"warn","message":"Admin access denied","method":"GET","path":"/test","roles":["user"],"service":"prediction-market-api","timestamp":"2026-02-11T17:10:31.846Z"}
{"ip":"127.0.0.1","level":"warn","message":"Permission denied","method":"GET","path":"/test","requiredPermission":"create_market","roles":["user"],"service":"prediction-market-api","timestamp":"2026-02-11T17:10:31.853Z"}
{"ip":"127.0.0.1","level":"warn","message":"Role access denied","method":"GET","path":"/test","requiredRoles":["moderator","admin"],"service":"prediction-market-api","timestamp":"2026-02-11T17:10:31.854Z","userRoles":["user"]}
{"field":"userId","ip":"127.0.0.1","level":"warn","message":"Ownership access denied","method":"GET","path":"/test","resourceUserId":"user456","service":"prediction-market-api","timestamp":"2026-02-11T17:10:31.856Z","userId":"user123"}
{"creatorId":"user123","level":"info","marketId":"market123","message":"Market created successfully","outcomesCount":2,"service":"prediction-market-api","timestamp":"2026-02-11T17:10:31.882Z","title":"Will Bitcoin reach $100k by 2024?","type":"binary"}
{"creatorId":"user123","level":"info","marketId":"market456","message":"Market created successfully","outcomesCount":3,"service":"prediction-market-api","timestamp":"2026-02-11T17:10:31.892Z","title":"Who will win the 2024 election?","type":"multi-outcome"}
{"level":"info","marketId":"market123","message":"Market updated successfully","service":"prediction-market-api","timestamp":"2026-02-11T17:10:31.904Z","updaterId":"user123","updates":{"title":"New Title"}}
{"error":"Market not found","level":"error","marketId":"nonexistent","message":"Failed to update market","service":"prediction-market-api","timestamp":"2026-02-11T17:10:31.905Z","updaterId":"user123","updates":{}}
{"error":"Cannot update resolved market","level":"error","marketId":"market123","message":"Failed to update market","service":"prediction-market-api","timestamp":"2026-02-11T17:10:31.905Z","updaterId":"user123","updates":{}}
{"closerId":"user123","level":"info","marketId":"market123","message":"Market closed successfully","previousStatus":"ACTIVE","service":"prediction-market-api","timestamp":"2026-02-11T17:10:31.906Z"}
{"closerId":"user123","error":"Market is not active and cannot be closed","level":"error","marketId":"market123","message":"Failed to close market","service":"prediction-market-api","timestamp":"2026-02-11T17:10:31.906Z"}
{"ip":"192.168.1.12","level":"info","message":"IP unblocked","service":"prediction-market-api","timestamp":"2026-02-11T17:10:32.357Z"}
{"error":"Unknown error","level":"error","message":"Decryption failed","service":"prediction-market-api","timestamp":"2026-02-11T17:10:31.916Z"}
{"level":"info","message":"User unsuspended","service":"prediction-market-api","timestamp":"2026-02-11T17:10:33.463Z","userId":"user-125"}
{"description":"5 failed authentication attempts","level":"warn","message":"Security threat detected","metadata":{"attempts":5},"service":"prediction-market-api","source":"192.168.1.21","threatId":"threat_1770829833468_7f1l24v","timestamp":"2026-02-11T17:10:33.468Z","type":"brute_force"}
{"description":"5 failed authentication attempts","level":"error","message":"SECURITY ALERT: Admin notification required","service":"prediction-market-api","source":"192.168.1.21","threatId":"threat_1770829833468_7f1l24v","timestamp":"2026-02-11T17:10:33.470Z","type":"brute_force"}
{"duration":3600,"level":"info","message":"Security action taken","reason":"High security threat","service":"prediction-market-api","target":"192.168.1.21","timestamp":"2026-02-11T17:10:33.470Z","type":"block_ip"}
{"level":"info","message":"Security action taken","reason":"high threat: 5 failed authentication attempts","service":"prediction-market-api","target":"admins","timestamp":"2026-02-11T17:10:33.471Z","type":"alert_admin"}
{"description":"DDoS attack detected: 101 requests in 60s","level":"warn","message":"Security threat detected","metadata":{"requestCount":101},"service":"prediction-market-api","source":"192.168.1.30","threatId":"threat_1770829833474_v6jcqkw","timestamp":"2026-02-11T17:10:33.474Z","type":"ddos"}
{"description":"DDoS attack detected: 101 requests in 60s","level":"error","message":"SECURITY ALERT: Admin notification required","service":"prediction-market-api","source":"192.168.1.30","threatId":"threat_1770829833474_v6jcqkw","timestamp":"2026-02-11T17:10:33.474Z","type":"ddos"}
{"duration":86400,"level":"info","message":"Security action taken","reason":"Critical security threat","service":"prediction-market-api","target":"192.168.1.30","timestamp":"2026-02-11T17:10:33.474Z","type":"block_ip"}
{"level":"info","message":"Security action taken","reason":"critical threat: DDoS attack detected: 101 requests in 60s","service":"prediction-market-api","target":"admins","timestamp":"2026-02-11T17:10:33.475Z","type":"alert_admin"}
{"description":"Test 1","level":"warn","message":"Security threat detected","service":"prediction-market-api","source":"192.168.1.40","threatId":"threat_1770829833478_a4ro49i","timestamp":"2026-02-11T17:10:33.478Z","type":"suspicious_activity"}
{"level":"info","message":"Security action taken","reason":"Test 1","service":"prediction-market-api","target":"192.168.1.40","timestamp":"2026-02-11T17:10:33.479Z","type":"log_event"}
{"description":"Test 2","level":"warn","message":"Security threat detected","service":"prediction-market-api","source":"192.168.1.40","threatId":"threat_1770829833480_hhxkkml","timestamp":"2026-02-11T17:10:33.480Z","type":"xss_attempt"}
{"level":"info","message":"Security action taken","reason":"Test 2","service":"prediction-market-api","target":"192.168.1.40","timestamp":"2026-02-11T17:10:33.484Z","type":"log_event"}
{"description":"Test","level":"warn","message":"Security threat detected","service":"prediction-market-api","source":"192.168.1.41","threatId":"threat_1770829833485_3nxr3cq","timestamp":"2026-02-11T17:10:33.485Z","type":"suspicious_activity"}
{"level":"info","message":"Security action taken","reason":"Test","service":"prediction-market-api","target":"192.168.1.41","timestamp":"2026-02-11T17:10:33.486Z","type":"log_event"}
{"description":"Test 1","level":"warn","message":"Security threat detected","service":"prediction-market-api","source":"192.168.1.50","threatId":"threat_1770829833487_tm88vmt","timestamp":"2026-02-11T17:10:33.487Z","type":"suspicious_activity"}
{"level":"info","message":"Security action taken","reason":"Test 1","service":"prediction-market-api","target":"192.168.1.50","timestamp":"2026-02-11T17:10:33.487Z","type":"log_event"}
{"description":"Test 2","level":"warn","message":"Security threat detected","service":"prediction-market-api","source":"192.168.1.51","threatId":"threat_1770829833488_iyphe7f","timestamp":"2026-02-11T17:10:33.488Z","type":"xss_attempt"}
{"level":"info","message":"Security action taken","reason":"Test 2","service":"prediction-market-api","target":"192.168.1.51","timestamp":"2026-02-11T17:10:33.488Z","type":"log_event"}
{"description":"Test 0","level":"warn","message":"Security threat detected","service":"prediction-market-api","source":"192.168.1.60","threatId":"threat_1770829833489_w15c4sa","timestamp":"2026-02-11T17:10:33.489Z","type":"suspicious_activity"}
{"level":"info","message":"Security action taken","reason":"Test 0","service":"prediction-market-api","target":"192.168.1.60","timestamp":"2026-02-11T17:10:33.489Z","type":"log_event"}
{"description":"Test 1","level":"warn","message":"Security threat detected","service":"prediction-market-api","source":"192.168.1.61","threatId":"threat_1770829833490_odziqg5","timestamp":"2026-02-11T17:10:33.490Z","type":"suspicious_activity"}
{"level":"info","message":"Security action taken","reason":"Test 1","service":"prediction-market-api","target":"192.168.1.61","timestamp":"2026-02-11T17:10:33.490Z","type":"log_event"}
{"description":"Test 2","level":"warn","message":"Security threat detected","service":"prediction-market-api","source":"192.168.1.62","threatId":"threat_1770829833490_hwdzcyb","timestamp":"2026-02-11T17:10:33.490Z","type":"suspicious_activity"}
{"level":"info","message":"Security action taken","reason":"Test 2","service":"prediction-market-api","target":"192.168.1.62","timestamp":"2026-02-11T17:10:33.491Z","type":"log_event"}
{"description":"Test 3","level":"warn","message":"Security threat detected","service":"prediction-market-api","source":"192.168.1.63","threatId":"threat_1770829833491_0b0q2jy","timestamp":"2026-02-11T17:10:33.491Z","type":"suspicious_activity"}
{"level":"info","message":"Security action taken","reason":"Test 3","service":"prediction-market-api","target":"192.168.1.63","timestamp":"2026-02-11T17:10:33.491Z","type":"log_event"}
{"description":"Test 4","level":"warn","message":"Security threat detected","service":"prediction-market-api","source":"192.168.1.64","threatId":"threat_1770829833492_j673o7l","timestamp":"2026-02-11T17:10:33.492Z","type":"suspicious_activity"}
{"level":"info","message":"Security action taken","reason":"Test 4","service":"prediction-market-api","target":"192.168.1.64","timestamp":"2026-02-11T17:10:33.492Z","type":"log_event"}
{"description":"Test 5","level":"warn","message":"Security threat detected","service":"prediction-market-api","source":"192.168.1.65","threatId":"threat_1770829833492_hpci0si","timestamp":"2026-02-11T17:10:33.492Z","type":"suspicious_activity"}
{"level":"info","message":"Security action taken","reason":"Test 5","service":"prediction-market-api","target":"192.168.1.65","timestamp":"2026-02-11T17:10:33.493Z","type":"log_event"}
{"description":"Test 6","level":"warn","message":"Security threat detected","service":"prediction-market-api","source":"192.168.1.66","threatId":"threat_1770829833493_6s1shlg","timestamp":"2026-02-11T17:10:33.493Z","type":"suspicious_activity"}
{"level":"info","message":"Security action taken","reason":"Test 6","service":"prediction-market-api","target":"192.168.1.66","timestamp":"2026-02-11T17:10:33.493Z","type":"log_event"}
{"description":"Test 7","level":"warn","message":"Security threat detected","service":"prediction-market-api","source":"192.168.1.67","threatId":"threat_1770829833494_o7na352","timestamp":"2026-02-11T17:10:33.494Z","type":"suspicious_activity"}
{"level":"info","message":"Security action taken","reason":"Test 7","service":"prediction-market-api","target":"192.168.1.67","timestamp":"2026-02-11T17:10:33.494Z","type":"log_event"}
{"description":"Test 8","level":"warn","message":"Security threat detected","service":"prediction-market-api","source":"192.168.1.68","threatId":"threat_1770829833494_6c7ewvt","timestamp":"2026-02-11T17:10:33.494Z","type":"suspicious_activity"}
{"level":"info","message":"Security action taken","reason":"Test 8","service":"prediction-market-api","target":"192.168.1.68","timestamp":"2026-02-11T17:10:33.495Z","type":"log_event"}
{"description":"Test 9","level":"warn","message":"Security threat detected","service":"prediction-market-api","source":"192.168.1.69","threatId":"threat_1770829833495_bdsacxs","timestamp":"2026-02-11T17:10:33.495Z","type":"suspicious_activity"}
{"level":"info","message":"Security action taken","reason":"Test 9","service":"prediction-market-api","target":"192.168.1.69","timestamp":"2026-02-11T17:10:33.495Z","type":"log_event"}
{"description":"Test","level":"warn","message":"Security threat detected","service":"prediction-market-api","source":"192.168.1.70","threatId":"threat_1770829833496_kpt5k31","timestamp":"2026-02-11T17:10:33.496Z","type":"brute_force"}
{"description":"Test","level":"error","message":"SECURITY ALERT: Admin notification required","service":"prediction-market-api","source":"192.168.1.70","threatId":"threat_1770829833496_kpt5k31","timestamp":"2026-02-11T17:10:33.496Z","type":"brute_force"}
{"duration":3600,"level":"info","message":"Security action taken","reason":"High security threat","service":"prediction-market-api","target":"192.168.1.70","timestamp":"2026-02-11T17:10:33.496Z","type":"block_ip"}
{"level":"info","message":"Security action taken","reason":"high threat: Test","service":"prediction-market-api","target":"admins","timestamp":"2026-02-11T17:10:33.497Z","type":"alert_admin"}
{"description":"Test","level":"warn","message":"Security threat detected","service":"prediction-market-api","source":"192.168.1.71","threatId":"threat_1770829833497_xohpd95","timestamp":"2026-02-11T17:10:33.497Z","type":"sql_injection"}
{"description":"Test","level":"error","message":"SECURITY ALERT: Admin notification required","service":"prediction-market-api","source":"192.168.1.71","threatId":"threat_1770829833497_xohpd95","timestamp":"2026-02-11T17:10:33.498Z","type":"sql_injection"}
{"duration":86400,"level":"info","message":"Security action taken","reason":"Critical security threat","service":"prediction-market-api","target":"192.168.1.71","timestamp":"2026-02-11T17:10:33.498Z","type":"block_ip"}
{"level":"info","message":"Security action taken","reason":"critical threat: Test","service":"prediction-market-api","target":"admins","timestamp":"2026-02-11T17:10:33.498Z","type":"alert_admin"}
{"error":"secret or public key must be provided","level":"warn","message":"WebSocket authentication failed","service":"prediction-market-api","socketId":"u9Pz6cFsqGsxDVi7AAAD","timestamp":"2026-02-11T17:10:46.812Z"}
{"isAuthenticated":false,"level":"info","message":"WebSocket client connected","service":"prediction-market-api","socketId":"u9Pz6cFsqGsxDVi7AAAD","timestamp":"2026-02-11T17:10:46.813Z","userId":"anonymous"}
{"error":"secret or public key must be provided","level":"warn","message":"WebSocket authentication failed","service":"prediction-market-api","socketId":"CgCxXYyHDPc08Z7RAAAD","timestamp":"2026-02-11T17:11:01.675Z"}
{"isAuthenticated":false,"level":"info","message":"WebSocket client connected","service":"prediction-market-api","socketId":"CgCxXYyHDPc08Z7RAAAD","timestamp":"2026-02-11T17:11:01.676Z","userId":"anonymous"}
{"level":"info","marketId":"test-market-1","message":"Client subscribed to market","service":"prediction-market-api","socketId":"bORMMgjVmbYFHMxpAAAB","subscriptionTypes":["all"],"timestamp":"2026-02-11T17:11:16.834Z","userId":"anonymous"}
{"level":"info","marketId":"test-market-2","message":"Client subscribed to market","service":"prediction-market-api","socketId":"bORMMgjVmbYFHMxpAAAB","subscriptionTypes":["price_update","trade_executed"],"timestamp":"2026-02-11T17:11:16.838Z","userId":"anonymous"}
{"level":"info","marketId":"test-market-1","message":"Client subscribed to market","service":"prediction-market-api","socketId":"Sc1gMv55cEr0IgCIAAAB","subscriptionTypes":["all"],"timestamp":"2026-02-11T17:11:31.691Z","userId":"anonymous"}
{"level":"info","marketId":"test-market-2","message":"Client subscribed to market","service":"prediction-market-api","socketId":"Sc1gMv55cEr0IgCIAAAB","subscriptionTypes":["price_update","trade_executed"],"timestamp":"2026-02-11T17:11:31.697Z","userId":"anonymous"}
{"level":"info","marketId":"test-market-3","message":"Client subscribed to market","service":"prediction-market-api","socketId":"bORMMgjVmbYFHMxpAAAB","subscriptionTypes":["all"],"timestamp":"2026-02-11T17:11:46.846Z","userId":"anonymous"}
{"level":"info","marketId":"test-market-3","message":"Client subscribed to market","service":"prediction-market-api","socketId":"Sc1gMv55cEr0IgCIAAAB","subscriptionTypes":["all"],"timestamp":"2026-02-11T17:12:01.707Z","userId":"anonymous"}
{"level":"info","message":"Client subscribed to outcome","outcomeId":"test-outcome-1","service":"prediction-market-api","socketId":"bORMMgjVmbYFHMxpAAAB","subscriptionTypes":["all"],"timestamp":"2026-02-11T17:12:16.866Z","userId":"anonymous"}
{"level":"info","message":"Client subscribed to outcome","outcomeId":"test-outcome-1","service":"prediction-market-api","socketId":"Sc1gMv55cEr0IgCIAAAB","subscriptionTypes":["all"],"timestamp":"2026-02-11T17:12:31.711Z","userId":"anonymous"}
{"level":"info","message":"Client subscribed to outcome","outcomeId":"test-outcome-2","service":"prediction-market-api","socketId":"bORMMgjVmbYFHMxpAAAB","subscriptionTypes":["all"],"timestamp":"2026-02-11T17:12:46.872Z","userId":"anonymous"}
{"level":"info","message":"Client subscribed to outcome","outcomeId":"test-outcome-2","service":"prediction-market-api","socketId":"Sc1gMv55cEr0IgCIAAAB","subscriptionTypes":["all"],"timestamp":"2026-02-11T17:13:01.718Z","userId":"anonymous"}
{"level":"info","marketId":"test-market-broadcast","message":"Client subscribed to market","service":"prediction-market-api","socketId":"bORMMgjVmbYFHMxpAAAB","subscriptionTypes":["all"],"timestamp":"2026-02-11T17:13:16.887Z","userId":"anonymous"}
{"level":"info","marketId":"test-market-broadcast","message":"Client subscribed to market","service":"prediction-market-api","socketId":"Sc1gMv55cEr0IgCIAAAB","subscriptionTypes":["all"],"timestamp":"2026-02-11T17:13:31.723Z","userId":"anonymous"}
{"level":"info","message":"Client subscribed to outcome","outcomeId":"test-outcome-broadcast","service":"prediction-market-api","socketId":"bORMMgjVmbYFHMxpAAAB","subscriptionTypes":["all"],"timestamp":"2026-02-11T17:13:46.897Z","userId":"anonymous"}
{"level":"info","message":"Client subscribed to outcome","outcomeId":"test-outcome-broadcast","service":"prediction-market-api","socketId":"Sc1gMv55cEr0IgCIAAAB","subscriptionTypes":["all"],"timestamp":"2026-02-11T17:14:01.729Z","userId":"anonymous"}
{"level":"info","message":"WebSocket client disconnected","reason":"transport close","service":"prediction-market-api","socketId":"CgCxXYyHDPc08Z7RAAAD","timestamp":"2026-02-11T17:16:08.323Z","userId":"anonymous"}
{"level":"info","message":"WebSocket client disconnected","reason":"transport close","service":"prediction-market-api","socketId":"Sc1gMv55cEr0IgCIAAAB","timestamp":"2026-02-11T17:16:08.336Z","userId":"anonymous"}
{"error":"secret or public key must be provided","level":"warn","message":"WebSocket authentication failed","service":"prediction-market-api","socketId":"unKBNT6UlH-wwRj0AAAF","timestamp":"2026-02-11T17:16:08.897Z"}
{"isAuthenticated":false,"level":"info","message":"WebSocket client connected","service":"prediction-market-api","socketId":"unKBNT6UlH-wwRj0AAAF","timestamp":"2026-02-11T17:16:08.898Z","userId":"anonymous"}
{"isAuthenticated":false,"level":"info","message":"WebSocket client connected","service":"prediction-market-api","socketId":"5PdJf29nqwRkEdmEAAAH","timestamp":"2026-02-11T17:16:08.976Z","userId":"anonymous"}
{"level":"info","marketId":"test-market-price","message":"Client subscribed to market","service":"prediction-market-api","socketId":"5PdJf29nqwRkEdmEAAAH","subscriptionTypes":["all"],"timestamp":"2026-02-11T17:16:08.983Z","userId":"anonymous"}
{"level":"info","message":"WebSocket client disconnected","reason":"transport close","service":"prediction-market-api","socketId":"bORMMgjVmbYFHMxpAAAB","timestamp":"2026-02-11T17:16:13.403Z","userId":"anonymous"}
{"level":"info","message":"WebSocket client disconnected","reason":"transport close","service":"prediction-market-api","socketId":"u9Pz6cFsqGsxDVi7AAAD","timestamp":"2026-02-11T17:16:13.408Z","userId":"anonymous"}
{"error":"secret or public key must be provided","level":"warn","message":"WebSocket authentication failed","service":"prediction-market-api","socketId":"77hNsQr_fMSOBcO1AAAF","timestamp":"2026-02-11T17:16:14.187Z"}
{"isAuthenticated":false,"level":"info","message":"WebSocket client connected","service":"prediction-market-api","socketId":"77hNsQr_fMSOBcO1AAAF","timestamp":"2026-02-11T17:16:14.188Z","userId":"anonymous"}
{"isAuthenticated":false,"level":"info","message":"WebSocket client connected","service":"prediction-market-api","socketId":"igFo_5xSVernWBlUAAAH","timestamp":"2026-02-11T17:16:14.861Z","userId":"anonymous"}
{"level":"info","marketId":"test-market-price","message":"Client subscribed to market","service":"prediction-market-api","socketId":"igFo_5xSVernWBlUAAAH","subscriptionTypes":["all"],"timestamp":"2026-02-11T17:16:14.869Z","userId":"anonymous"}
{"level":"info","marketId":"test-market-trade","message":"Client subscribed to market","service":"prediction-market-api","socketId":"5PdJf29nqwRkEdmEAAAH","subscriptionTypes":["all"],"timestamp":"2026-02-11T17:16:38.322Z","userId":"anonymous"}
{"level":"info","marketId":"test-market-trade","message":"Client subscribed to market","service":"prediction-market-api","socketId":"igFo_5xSVernWBlUAAAH","subscriptionTypes":["all"],"timestamp":"2026-02-11T17:16:43.402Z","userId":"anonymous"}
{"level":"info","marketId":"test-market-status","message":"Client subscribed to market","service":"prediction-market-api","socketId":"5PdJf29nqwRkEdmEAAAH","subscriptionTypes":["all"],"timestamp":"2026-02-11T17:17:08.324Z","userId":"anonymous"}
{"level":"info","marketId":"test-market-status","message":"Client subscribed to market","service":"prediction-market-api","socketId":"igFo_5xSVernWBlUAAAH","subscriptionTypes":["all"],"timestamp":"2026-02-11T17:17:13.408Z","userId":"anonymous"}
{"error":"jwt malformed","level":"warn","message":"WebSocket authentication failed","service":"prediction-market-api","socketId":"2sxXrF1imKx7xevpAAAJ","timestamp":"2026-02-11T17:17:38.340Z"}
{"isAuthenticated":false,"level":"info","message":"WebSocket client connected","service":"prediction-market-api","socketId":"2sxXrF1imKx7xevpAAAJ","timestamp":"2026-02-11T17:17:38.341Z","userId":"anonymous"}
{"level":"info","marketId":"test-market-no-broadcast","message":"Market update broadcasted","service":"prediction-market-api","subscribersCount":0,"timestamp":"2026-02-11T17:17:38.349Z","type":"price_update"}
{"level":"info","marketId":"market-1","message":"Client subscribed to market","service":"prediction-market-api","socketId":"2sxXrF1imKx7xevpAAAJ","subscriptionTypes":["price_update","trade_executed"],"timestamp":"2026-02-11T17:17:38.359Z","userId":"anonymous"}
{"level":"info","marketId":"market-2","message":"Client subscribed to market","service":"prediction-market-api","socketId":"2sxXrF1imKx7xevpAAAJ","subscriptionTypes":["price_update","trade_executed"],"timestamp":"2026-02-11T17:17:38.360Z","userId":"anonymous"}
{"level":"info","message":"Client subscribed to outcome","outcomeId":"outcome-1","service":"prediction-market-api","socketId":"2sxXrF1imKx7xevpAAAJ","subscriptionTypes":["price_update","trade_executed"],"timestamp":"2026-02-11T17:17:38.361Z","userId":"anonymous"}
{"level":"info","marketIds":["market-1","market-2"],"message":"WebSocket subscriptions restored after reconnection","outcomeIds":["outcome-1"],"service":"prediction-market-api","socketId":"2sxXrF1imKx7xevpAAAJ","timestamp":"2026-02-11T17:17:38.362Z","userId":"anonymous"}
{"level":"info","message":"WebSocket client disconnected","reason":"client namespace disconnect","service":"prediction-market-api","socketId":"2sxXrF1imKx7xevpAAAJ","timestamp":"2026-02-11T17:17:38.362Z","userId":"anonymous"}
{"error":"jwt malformed","level":"warn","message":"WebSocket authentication failed","service":"prediction-market-api","socketId":"QUvUpwpyp5lxq5TxAAAJ","timestamp":"2026-02-11T17:17:43.424Z"}
{"isAuthenticated":false,"level":"info","message":"WebSocket client connected","service":"prediction-market-api","socketId":"QUvUpwpyp5lxq5TxAAAJ","timestamp":"2026-02-11T17:17:43.425Z","userId":"anonymous"}
{"level":"info","marketId":"test-market-no-broadcast","message":"Market update broadcasted","service":"prediction-market-api","subscribersCount":0,"timestamp":"2026-02-11T17:17:43.432Z","type":"price_update"}
{"level":"info","marketId":"market-1","message":"Client subscribed to market","service":"prediction-market-api","socketId":"QUvUpwpyp5lxq5TxAAAJ","subscriptionTypes":["price_update","trade_executed"],"timestamp":"2026-02-11T17:17:43.440Z","userId":"anonymous"}
{"level":"info","marketId":"market-2","message":"Client subscribed to market","service":"prediction-market-api","socketId":"QUvUpwpyp5lxq5TxAAAJ","subscriptionTypes":["price_update","trade_executed"],"timestamp":"2026-02-11T17:17:43.441Z","userId":"anonymous"}
{"level":"info","message":"Client subscribed to outcome","outcomeId":"outcome-1","service":"prediction-market-api","socketId":"QUvUpwpyp5lxq5TxAAAJ","subscriptionTypes":["price_update","trade_executed"],"timestamp":"2026-02-11T17:17:43.442Z","userId":"anonymous"}
{"level":"info","marketIds":["market-1","market-2"],"message":"WebSocket subscriptions restored after reconnection","outcomeIds":["outcome-1"],"service":"prediction-market-api","socketId":"QUvUpwpyp5lxq5TxAAAJ","timestamp":"2026-02-11T17:17:43.443Z","userId":"anonymous"}
{"level":"info","message":"WebSocket client disconnected","reason":"client namespace disconnect","service":"prediction-market-api","socketId":"QUvUpwpyp5lxq5TxAAAJ","timestamp":"2026-02-11T17:17:43.444Z","userId":"anonymous"}
{"level":"info","message":"WebSocket client disconnected","reason":"server shutting down","service":"prediction-market-api","socketId":"unKBNT6UlH-wwRj0AAAF","timestamp":"2026-02-11T17:18:08.372Z","userId":"anonymous"}
{"level":"info","message":"WebSocket client disconnected","reason":"server shutting down","service":"prediction-market-api","socketId":"5PdJf29nqwRkEdmEAAAH","timestamp":"2026-02-11T17:18:08.375Z","userId":"anonymous"}
{"level":"info","message":"WebSocket client disconnected","reason":"server shutting down","service":"prediction-market-api","socketId":"77hNsQr_fMSOBcO1AAAF","timestamp":"2026-02-11T17:18:13.460Z","userId":"anonymous"}
{"level":"info","message":"WebSocket client disconnected","reason":"server shutting down","service":"prediction-market-api","socketId":"igFo_5xSVernWBlUAAAH","timestamp":"2026-02-11T17:18:13.464Z","userId":"anonymous"}
{"bestAsk":null,"bestBid":null,"existingOrders":0,"level":"info","marketId":"market-1","message":"Order book initialized","outcomeId":"outcome-1","service":"prediction-market-api","timestamp":"2026-02-11T17:18:40.557Z"}
{"bestAsk":0.7,"bestBid":0.6,"existingOrders":2,"level":"info","marketId":"market-1","message":"Order book initialized","outcomeId":"outcome-1","service":"prediction-market-api","timestamp":"2026-02-11T17:18:40.601Z"}
{"bestAsk":null,"bestBid":null,"existingOrders":0,"level":"info","marketId":"market-1","message":"Order book initialized","outcomeId":"outcome-1","service":"prediction-market-api","timestamp":"2026-02-11T17:18:40.603Z"}
{"level":"info","marketId":"market-1","message":"Order placed and processed","orderId":"order-1","outcomeId":"outcome-1","price":0.6,"quantity":100,"service":"prediction-market-api","timestamp":"2026-02-11T17:18:40.605Z","tradesExecuted":0,"type":"BUY","userId":"user-1"}
{"bestAsk":null,"bestBid":null,"existingOrders":0,"level":"info","marketId":"market-1","message":"Order book initialized","outcomeId":"outcome-1","service":"prediction-market-api","timestamp":"2026-02-11T17:18:40.607Z"}
{"level":"info","marketId":"market-1","message":"Order placed and processed","orderId":"order-1","outcomeId":"outcome-1","price":0.7,"quantity":50,"service":"prediction-market-api","timestamp":"2026-02-11T17:18:40.611Z","tradesExecuted":0,"type":"SELL","userId":"user-1"}
{"bestAsk":null,"bestBid":null,"existingOrders":0,"level":"info","marketId":"market-1","message":"Order book initialized","outcomeId":"outcome-1","service":"prediction-market-api","timestamp":"2026-02-11T17:18:40.612Z"}
{"level":"info","marketId":"market-1","message":"Order placed and processed","orderId":"sell-order-1","outcomeId":"outcome-1","price":0.6,"quantity":50,"service":"prediction-market-api","timestamp":"2026-02-11T17:18:40.613Z","tradesExecuted":0,"type":"SELL","userId":"user-1"}
{"level":"info","marketId":"market-1","message":"Order placed and processed","orderId":"buy-order-1","outcomeId":"outcome-1","price":0.6,"quantity":30,"service":"prediction-market-api","timestamp":"2026-02-11T17:18:40.613Z","tradesExecuted":1,"type":"BUY","userId":"user-2"}
{"bestAsk":null,"bestBid":null,"existingOrders":0,"level":"info","marketId":"market-1","message":"Order book initialized","outcomeId":"outcome-1","service":"prediction-market-api","timestamp":"2026-02-11T17:18:40.614Z"}
{"level":"info","marketId":"market-1","message":"Order placed and processed","orderId":"sell-order-1","outcomeId":"outcome-1","price":0.6,"quantity":30,"service":"prediction-market-api","timestamp":"2026-02-11T17:18:40.616Z","tradesExecuted":0,"type":"SELL","userId":"user-1"}
{"level":"info","marketId":"market-1","message":"Order placed and processed","orderId":"buy-order-1","outcomeId":"outcome-1","price":0.6,"quantity":50,"service":"prediction-market-api","timestamp":"2026-02-11T17:18:40.649Z","tradesExecuted":1,"type":"BUY","userId":"user-2"}
{"bestAsk":null,"bestBid":null,"existingOrders":0,"level":"info","marketId":"market-1","message":"Order book initialized","outcomeId":"outcome-1","service":"prediction-market-api","timestamp":"2026-02-11T17:18:40.655Z"}
{"level":"info","marketId":"market-1","message":"Order placed and processed","orderId":"sell-order-1","outcomeId":"outcome-1","price":0.7,"quantity":50,"service":"prediction-market-api","timestamp":"2026-02-11T17:18:40.670Z","tradesExecuted":0,"type":"SELL","userId":"user-1"}
{"level":"info","marketId":"market-1","message":"Order placed and processed","orderId":"buy-order-1","outcomeId":"outcome-1","price":0.7,"quantity":30,"service":"prediction-market-api","timestamp":"2026-02-11T17:18:40.672Z","tradesExecuted":1,"type":"BUY","userId":"user-2"}
{"bestAsk":null,"bestBid":null,"existingOrders":0,"level":"info","marketId":"market-1","message":"Order book initialized","outcomeId":"outcome-1","service":"prediction-market-api","timestamp":"2026-02-11T17:18:40.673Z"}
{"error":"User ID is required","level":"error","message":"Failed to place order","request":{"marketId":"market-1","orderType":"LIMIT","outcomeId":"outcome-1","price":0.6,"quantity":100,"type":"BUY"},"service":"prediction-market-api","timestamp":"2026-02-11T17:18:40.674Z"}
{"error":"Order type must be BUY or SELL","level":"error","message":"Failed to place order","request":{"marketId":"market-1","orderType":"LIMIT","outcomeId":"outcome-1","price":0.6,"quantity":100,"type":"INVALID","userId":"user-1"},"service":"prediction-market-api","timestamp":"2026-02-11T17:18:40.743Z"}
{"error":"Quantity must be greater than 0","level":"error","message":"Failed to place order","request":{"marketId":"market-1","orderType":"LIMIT","outcomeId":"outcome-1","price":0.6,"quantity":0,"type":"BUY","userId":"user-1"},"service":"prediction-market-api","timestamp":"2026-02-11T17:18:40.743Z"}
{"error":"Price must be between 0.01 and 0.99","level":"error","message":"Failed to place order","request":{"marketId":"market-1","orderType":"LIMIT","outcomeId":"outcome-1","price":1.5,"quantity":100,"type":"BUY","userId":"user-1"},"service":"prediction-market-api","timestamp":"2026-02-11T17:18:40.743Z"}
{"bestAsk":null,"bestBid":null,"existingOrders":0,"level":"info","marketId":"market-1","message":"Order book initialized","outcomeId":"outcome-1","service":"prediction-market-api","timestamp":"2026-02-11T17:18:40.744Z"}
{"level":"info","marketId":"market-1","message":"Order placed and processed","orderId":"order-1","outcomeId":"outcome-1","price":0.6,"quantity":100,"service":"prediction-market-api","timestamp":"2026-02-11T17:18:40.744Z","tradesExecuted":0,"type":"BUY","userId":"user-1"}
{"level":"info","marketId":"market-1","message":"Order cancelled","orderId":"order-1","outcomeId":"outcome-1","service":"prediction-market-api","timestamp":"2026-02-11T17:18:40.749Z","userId":"user-1"}
{"bestAsk":null,"bestBid":null,"existingOrders":0,"level":"info","marketId":"market-1","message":"Order book initialized","outcomeId":"outcome-1","service":"prediction-market-api","timestamp":"2026-02-11T17:18:40.752Z"}
{"error":"Unauthorized to cancel this order","level":"error","message":"Failed to cancel order","orderId":"order-1","service":"prediction-market-api","timestamp":"2026-02-11T17:18:40.753Z","userId":"user-2"}
{"bestAsk":null,"bestBid":null,"existingOrders":0,"level":"info","marketId":"market-1","message":"Order book initialized","outcomeId":"outcome-1","service":"prediction-market-api","timestamp":"2026-02-11T17:18:40.753Z"}
{"error":"Order cannot be cancelled","level":"error","message":"Failed to cancel order","orderId":"order-1","service":"prediction-market-api","timestamp":"2026-02-11T17:18:40.754Z","userId":"user-1"}
{"bestAsk":null,"bestBid":null,"existingOrders":0,"level":"info","marketId":"market-1","message":"Order book initialized","outcomeId":"outcome-1","service":"prediction-market-api","timestamp":"2026-02-11T17:18:40.754Z"}
{"error":"Order not found","level":"error","message":"Failed to cancel order","orderId":"non-existent","service":"prediction-market-api","timestamp":"2026-02-11T17:18:40.754Z","userId":"user-1"}
{"bestAsk":null,"bestBid":null,"existingOrders":0,"level":"info","marketId":"market-1","message":"Order book initialized","outcomeId":"outcome-1","service":"prediction-market-api","timestamp":"2026-02-11T17:18:40.755Z"}
{"bestAsk":null,"bestBid":null,"existingOrders":0,"level":"info","marketId":"market-1","message":"Order book initialized","outcomeId":"outcome-1","service":"prediction-market-api","timestamp":"2026-02-11T17:18:40.756Z"}
{"level":"info","marketId":"market-1","message":"Order placed and processed","orderId":"order-1","outcomeId":"outcome-1","price":0.6,"quantity":100,"service":"prediction-market-api","timestamp":"2026-02-11T17:18:40.756Z","tradesExecuted":0,"type":"BUY","userId":"user-1"}
{"level":"info","marketId":"market-1","message":"Order placed and processed","orderId":"order-2","outcomeId":"outcome-1","price":0.55,"quantity":50,"service":"prediction-market-api","timestamp":"2026-02-11T17:18:40.756Z","tradesExecuted":0,"type":"BUY","userId":"user-1"}
{"level":"info","marketId":"market-1","message":"Order placed and processed","orderId":"order-3","outcomeId":"outcome-1","price":0.65,"quantity":75,"service":"prediction-market-api","timestamp":"2026-02-11T17:18:40.756Z","tradesExecuted":0,"type":"SELL","userId":"user-2"}
{"bestAsk":null,"bestBid":null,"existingOrders":0,"level":"info","marketId":"market-1","message":"Order book initialized","outcomeId":"outcome-1","service":"prediction-market-api","timestamp":"2026-02-11T17:18:40.757Z"}
{"level":"info","marketId":"market-1","message":"Order placed and processed","orderId":"order-1","outcomeId":"outcome-1","price":0.5,"quantity":10,"service":"prediction-market-api","timestamp":"2026-02-11T17:18:40.757Z","tradesExecuted":0,"type":"BUY","userId":"user-1"}
{"level":"info","marketId":"market-1","message":"Order placed and processed","orderId":"order-2","outcomeId":"outcome-1","price":0.49,"quantity":10,"service":"prediction-market-api","timestamp":"2026-02-11T17:18:40.757Z","tradesExecuted":0,"type":"BUY","userId":"user-1"}
{"level":"info","marketId":"market-1","message":"Order placed and processed","orderId":"order-3","outcomeId":"outcome-1","price":0.48,"quantity":10,"service":"prediction-market-api","timestamp":"2026-02-11T17:18:40.757Z","tradesExecuted":0,"type":"BUY","userId":"user-1"}
{"level":"info","marketId":"market-1","message":"Order placed and processed","orderId":"order-4","outcomeId":"outcome-1","price":0.47,"quantity":10,"service":"prediction-market-api","timestamp":"2026-02-11T17:18:40.757Z","tradesExecuted":0,"type":"BUY","userId":"user-1"}
{"level":"info","marketId":"market-1","message":"Order placed and processed","orderId":"order-5","outcomeId":"outcome-1","price":0.46,"quantity":10,"service":"prediction-market-api","timestamp":"2026-02-11T17:18:40.758Z","tradesExecuted":0,"type":"BUY","userId":"user-1"}
{"level":"info","marketId":"market-1","message":"Order placed and processed","orderId":"order-6","outcomeId":"outcome-1","price":0.45,"quantity":10,"service":"prediction-market-api","timestamp":"2026-02-11T17:18:40.758Z","tradesExecuted":0,"type":"BUY","userId":"user-1"}
{"level":"info","marketId":"market-1","message":"Order placed and processed","orderId":"order-7","outcomeId":"outcome-1","price":0.44,"quantity":10,"service":"prediction-market-api","timestamp":"2026-02-11T17:18:40.758Z","tradesExecuted":0,"type":"BUY","userId":"user-1"}
{"level":"info","marketId":"market-1","message":"Order placed and processed","orderId":"order-8","outcomeId":"outcome-1","price":0.43,"quantity":10,"service":"prediction-market-api","timestamp":"2026-02-11T17:18:40.758Z","tradesExecuted":0,"type":"BUY","userId":"user-1"}
{"level":"info","marketId":"market-1","message":"Order placed and processed","orderId":"order-9","outcomeId":"outcome-1","price":0.42,"quantity":10,"service":"prediction-market-api","timestamp":"2026-02-11T17:18:40.758Z","tradesExecuted":0,"type":"BUY","userId":"user-1"}
{"level":"info","marketId":"market-1","message":"Order placed and processed","orderId":"order-10","outcomeId":"outcome-1","price":0.41000000000000003,"quantity":10,"service":"prediction-market-api","timestamp":"2026-02-11T17:18:40.758Z","tradesExecuted":0,"type":"BUY","userId":"user-1"}
{"level":"info","marketId":"market-1","message":"Order placed and processed","orderId":"order-11","outcomeId":"outcome-1","price":0.4,"quantity":10,"service":"prediction-market-api","timestamp":"2026-02-11T17:18:40.759Z","tradesExecuted":0,"type":"BUY","userId":"user-1"}
{"level":"info","marketId":"market-1","message":"Order placed and processed","orderId":"order-12","outcomeId":"outcome-1","price":0.39,"quantity":10,"service":"prediction-market-api","timestamp":"2026-02-11T17:18:40.759Z","tradesExecuted":0,"type":"BUY","userId":"user-1"}
{"level":"info","marketId":"market-1","message":"Order placed and processed","orderId":"order-13","outcomeId":"outcome-1","price":0.38,"quantity":10,"service":"prediction-market-api","timestamp":"2026-02-11T17:18:40.760Z","tradesExecuted":0,"type":"BUY","userId":"user-1"}
{"level":"info","marketId":"market-1","message":"Order placed and processed","orderId":"order-14","outcomeId":"outcome-1","price":0.37,"quantity":10,"service":"prediction-market-api","timestamp":"2026-02-11T17:18:40.760Z","tradesExecuted":0,"type":"BUY","userId":"user-1"}
{"level":"info","marketId":"market-1","message":"Order placed and processed","orderId":"order-15","outcomeId":"outcome-1","price":0.36,"quantity":10,"service":"prediction-market-api","timestamp":"2026-02-11T17:18:40.760Z","tradesExecuted":0,"type":"BUY","userId":"user-1"}
{"bestAsk":null,"bestBid":null,"existingOrders":0,"level":"info","marketId":"market-1","message":"Order book initialized","outcomeId":"outcome-1","service":"prediction-market-api","timestamp":"2026-02-11T17:18:40.760Z"}
{"level":"info","marketId":"market-1","message":"Order placed and processed","orderId":"order-1","outcomeId":"outcome-1","price":0.55,"quantity":100,"service":"prediction-market-api","timestamp":"2026-02-11T17:18:40.760Z","tradesExecuted":0,"type":"BUY","userId":"user-1"}
{"level":"info","marketId":"market-1","message":"Order placed and processed","orderId":"order-2","outcomeId":"outcome-1","price":0.6,"quantity":100,"service":"prediction-market-api","timestamp":"2026-02-11T17:18:40.760Z","tradesExecuted":0,"type":"BUY","userId":"user-2"}
{"level":"info","marketId":"market-1","message":"Order placed and processed","orderId":"order-3","outcomeId":"outcome-1","price":0.5,"quantity":100,"service":"prediction-market-api","timestamp":"2026-02-11T17:18:40.761Z","tradesExecuted":0,"type":"BUY","userId":"user-1"}
{"bestAsk":null,"bestBid":null,"existingOrders":0,"level":"info","marketId":"market-1","message":"Order book initialized","outcomeId":"outcome-1","service":"prediction-market-api","timestamp":"2026-02-11T17:18:40.761Z"}
{"level":"info","marketId":"market-1","message":"Order placed and processed","orderId":"order-1","outcomeId":"outcome-1","price":0.6,"quantity":100,"service":"prediction-market-api","timestamp":"2026-02-11T17:18:40.761Z","tradesExecuted":0,"type":"BUY","userId":"user-1"}
{"level":"info","marketId":"market-1","message":"Order placed and processed","orderId":"order-2","outcomeId":"outcome-1","price":0.6,"quantity":100,"service":"prediction-market-api","timestamp":"2026-02-11T17:18:40.761Z","tradesExecuted":0,"type":"BUY","userId":"user-2"}
{"level":"info","marketId":"market-1","message":"Order placed and processed","orderId":"order-3","outcomeId":"outcome-1","price":0.6,"quantity":100,"service":"prediction-market-api","timestamp":"2026-02-11T17:18:40.761Z","tradesExecuted":0,"type":"BUY","userId":"user-1"}
{"bestAsk":null,"bestBid":null,"existingOrders":0,"level":"info","marketId":"market-1","message":"Order book initialized","outcomeId":"outcome-1","service":"prediction-market-api","timestamp":"2026-02-11T17:18:40.762Z"}
{"level":"info","marketId":"market-1","message":"Order placed and processed","orderId":"sell-order-1","outcomeId":"outcome-1","price":0.6,"quantity":100,"service":"prediction-market-api","timestamp":"2026-02-11T17:18:40.762Z","tradesExecuted":0,"type":"SELL","userId":"user-1"}
{"level":"info","marketId":"market-1","message":"Order placed and processed","orderId":"buy-order-1","outcomeId":"outcome-1","price":0.6,"quantity":50,"service":"prediction-market-api","timestamp":"2026-02-11T17:18:40.762Z","tradesExecuted":1,"type":"BUY","userId":"user-2"}
{"description":"Test threat","level":"warn","message":"Security threat detected","service":"prediction-market-api","source":"192.168.1.1","threatId":"threat_1770830320864_13qx13t","timestamp":"2026-02-11T17:18:40.864Z","type":"suspicious_activity"}
{"level":"info","message":"Security action taken","reason":"Test threat","service":"prediction-market-api","target":"192.168.1.1","timestamp":"2026-02-11T17:18:40.882Z","type":"log_event"}
{"description":"XSS attempt detected","level":"warn","message":"Security threat detected","service":"prediction-market-api","source":"192.168.1.2","threatId":"threat_1770830320884_c9r9tcz","timestamp":"2026-02-11T17:18:40.884Z","type":"xss_attempt"}
{"level":"info","message":"Security action taken","reason":"XSS attempt detected","service":"prediction-market-api","target":"192.168.1.2","timestamp":"2026-02-11T17:18:40.885Z","type":"log_event"}
{"description":"DDoS attack","level":"warn","message":"Security threat detected","service":"prediction-market-api","source":"192.168.1.3","threatId":"threat_1770830320887_hhzmibc","timestamp":"2026-02-11T17:18:40.887Z","type":"ddos"}
{"description":"DDoS attack","level":"error","message":"SECURITY ALERT: Admin notification required","service":"prediction-market-api","source":"192.168.1.3","threatId":"threat_1770830320887_hhzmibc","timestamp":"2026-02-11T17:18:40.887Z","type":"ddos"}
{"duration":86400,"level":"info","message":"Security action taken","reason":"Critical security threat","service":"prediction-market-api","target":"192.168.1.3","timestamp":"2026-02-11T17:18:40.887Z","type":"block_ip"}
{"level":"info","message":"Security action taken","reason":"critical threat: DDoS attack","service":"prediction-market-api","target":"admins","timestamp":"2026-02-11T17:18:40.888Z","type":"alert_admin"}
{"isAuthenticated":false,"level":"info","message":"WebSocket client connected","service":"prediction-market-api","socketId":"UAWSgFpAnmDQlyUJAAAB","timestamp":"2026-02-11T17:18:40.907Z","userId":"anonymous"}
{"buyerId":"buyer-1","level":"info","marketId":"market-1","message":"Trade executed successfully","outcomeId":"outcome-1","price":0.6,"quantity":100,"sellerId":"seller-1","service":"prediction-market-api","timestamp":"2026-02-11T17:18:40.877Z","totalValue":60,"tradeId":"trade-1"}
{"level":"info","message":"Generated nonce for wallet authentication","nonce":"n3kihjp9l7j","service":"prediction-market-api","timestamp":"2026-02-11T17:18:40.866Z","walletAddress":"0x1234567890123456789012345678901234567890"}
{"level":"info","message":"Wallet authentication successful","service":"prediction-market-api","timestamp":"2026-02-11T17:18:40.885Z","userId":"user-1","walletAddress":"0x903233894185ea8d35bd80f9df93d2030da707fa"}
{"level":"info","message":"Created new user from wallet authentication","service":"prediction-market-api","timestamp":"2026-02-11T17:18:40.890Z","userId":"user-new","walletAddress":"0x903233894185ea8d35bd80f9df93d2030da707fa"}
{"level":"info","message":"Wallet authentication successful","service":"prediction-market-api","timestamp":"2026-02-11T17:18:40.894Z","userId":"user-new","walletAddress":"0x903233894185ea8d35bd80f9df93d2030da707fa"}
{"error":"Invalid or expired nonce","level":"error","message":"Wallet authentication failed","service":"prediction-market-api","timestamp":"2026-02-11T17:18:40.908Z","walletAddress":"0x903233894185ea8d35bd80f9df93d2030da707fa"}
{"error":"invalid raw signature length (argument=\"signature\", value=\"0x1234567890abcdef\", code=INVALID_ARGUMENT, version=6.16.0)","level":"error","message":"Wallet authentication failed","service":"prediction-market-api","timestamp":"2026-02-11T17:18:40.919Z","walletAddress":"0x903233894185ea8d35bd80f9df93d2030da707fa"}
{"error":"Invalid signature","level":"error","message":"Wallet authentication failed","service":"prediction-market-api","timestamp":"2026-02-11T17:18:40.947Z","walletAddress":"0x903233894185ea8d35bd80f9df93d2030da707fa"}
{"error":"invalid token","level":"warn","message":"Token validation failed","service":"prediction-market-api","timestamp":"2026-02-11T17:18:40.951Z"}
{"error":"User not found","level":"warn","message":"Token validation failed","service":"prediction-market-api","timestamp":"2026-02-11T17:18:40.960Z"}
{"level":"info","message":"Token refresh successful","service":"prediction-market-api","timestamp":"2026-02-11T17:18:40.964Z","userId":"user-1","walletAddress":"0x1234567890123456789012345678901234567890"}
{"error":"invalid token","level":"error","message":"Token refresh failed","service":"prediction-market-api","timestamp":"2026-02-11T17:18:40.965Z"}
{"error":"Invalid refresh token","level":"error","message":"Token refresh failed","service":"prediction-market-api","timestamp":"2026-02-11T17:18:40.967Z"}
{"level":"info","message":"Token revoked successfully","service":"prediction-market-api","timestamp":"2026-02-11T17:18:40.968Z","userId":"user-1","walletAddress":"0x1234567890123456789012345678901234567890"}
{"error":"invalid token","level":"warn","message":"Token revocation failed","service":"prediction-market-api","timestamp":"2026-02-11T17:18:40.969Z"}
{"level":"info","message":"Cleared user sessions","service":"prediction-market-api","timestamp":"2026-02-11T17:18:40.970Z","userId":"user-1"}
{"error":"Invalid token","ip":"127.0.0.1","level":"warn","message":"Authentication failed","service":"prediction-market-api","timestamp":"2026-02-11T17:18:41.013Z"}
{"ip":"127.0.0.1","level":"warn","message":"Admin access denied","method":"GET","path":"/test","roles":["user"],"service":"prediction-market-api","timestamp":"2026-02-11T17:18:41.027Z"}
{"ip":"127.0.0.1","level":"warn","message":"Permission denied","method":"GET","path":"/test","requiredPermission":"create_market","roles":["user"],"service":"prediction-market-api","timestamp":"2026-02-11T17:18:41.029Z"}
{"ip":"127.0.0.1","level":"warn","message":"Role access denied","method":"GET","path":"/test","requiredRoles":["moderator","admin"],"service":"prediction-market-api","timestamp":"2026-02-11T17:18:41.031Z","userRoles":["user"]}
{"field":"userId","ip":"127.0.0.1","level":"warn","message":"Ownership access denied","method":"GET","path":"/test","resourceUserId":"user456","service":"prediction-market-api","timestamp":"2026-02-11T17:18:41.032Z","userId":"user123"}
{"buyerId":"buyer-1","level":"info","marketId":"market-1","message":"Trade executed successfully","outcomeId":"outcome-1","price":0.6,"quantity":100,"sellerId":"seller-1","service":"prediction-market-api","timestamp":"2026-02-11T17:18:40.904Z","totalValue":60,"tradeId":"trade-1"}
{"error":"Market ID and Outcome ID are required","level":"error","message":"Failed to execute trade","request":{"buyOrderId":"buy-order-1","buyerFee":0.12,"buyerId":"buyer-1","marketId":"","outcomeId":"outcome-1","price":0.6,"quantity":100,"sellOrderId":"sell-order-1","sellerFee":0.12,"sellerId":"seller-1","totalValue":60},"service":"prediction-market-api","timestamp":"2026-02-11T17:18:40.905Z"}
{"error":"Buyer ID and Seller ID are required","level":"error","message":"Failed to execute trade","request":{"buyOrderId":"buy-order-1","buyerFee":0.12,"buyerId":"","marketId":"market-1","outcomeId":"outcome-1","price":0.6,"quantity":100,"sellOrderId":"sell-order-1","sellerFee":0.12,"sellerId":"seller-1","totalValue":60},"service":"prediction-market-api","timestamp":"2026-02-11T17:18:40.928Z"}
{"error":"Quantity must be greater than 0","level":"error","message":"Failed to execute trade","request":{"buyOrderId":"buy-order-1","buyerFee":0.12,"buyerId":"buyer-1","marketId":"market-1","outcomeId":"outcome-1","price":0.6,"quantity":0,"sellOrderId":"sell-order-1","sellerFee":0.12,"sellerId":"seller-1","totalValue":60},"service":"prediction-market-api","timestamp":"2026-02-11T17:18:40.929Z"}
{"error":"Price must be between 0 and 1","level":"error","message":"Failed to execute trade","request":{"buyOrderId":"buy-order-1","buyerFee":0.12,"buyerId":"buyer-1","marketId":"market-1","outcomeId":"outcome-1","price":1.5,"quantity":100,"sellOrderId":"sell-order-1","sellerFee":0.12,"sellerId":"seller-1","totalValue":60},"service":"prediction-market-api","timestamp":"2026-02-11T17:18:40.929Z"}
{"error":"Total value must be greater than 0","level":"error","message":"Failed to execute trade","request":{"buyOrderId":"buy-order-1","buyerFee":0.12,"buyerId":"buyer-1","marketId":"market-1","outcomeId":"outcome-1","price":0.6,"quantity":100,"sellOrderId":"sell-order-1","sellerFee":0.12,"sellerId":"seller-1","totalValue":-10},"service":"prediction-market-api","timestamp":"2026-02-11T17:18:40.930Z"}
{"error":"Buyer not found","level":"error","message":"Failed to execute trade","request":{"buyOrderId":"buy-order-1","buyerFee":0.12,"buyerId":"buyer-1","marketId":"market-1","outcomeId":"outcome-1","price":0.6,"quantity":100,"sellOrderId":"sell-order-1","sellerFee":0.12,"sellerId":"seller-1","totalValue":60},"service":"prediction-market-api","timestamp":"2026-02-11T17:18:40.931Z"}
{"error":"Market is not active","level":"error","message":"Failed to execute trade","request":{"buyOrderId":"buy-order-1","buyerFee":0.12,"buyerId":"buyer-1","marketId":"market-1","outcomeId":"outcome-1","price":0.6,"quantity":100,"sellOrderId":"sell-order-1","sellerFee":0.12,"sellerId":"seller-1","totalValue":60},"service":"prediction-market-api","timestamp":"2026-02-11T17:18:40.932Z"}
{"buyerId":"buyer-1","level":"info","marketId":"market-1","message":"Trade executed successfully","outcomeId":"outcome-1","price":0.6,"quantity":100,"sellerId":"seller-1","service":"prediction-market-api","timestamp":"2026-02-11T17:18:40.934Z","totalValue":60,"tradeId":"trade-1"}
{"error":"User not found","level":"error","message":"Failed to get user balance","service":"prediction-market-api","timestamp":"2026-02-11T17:18:40.941Z","userId":"non-existent"}
{"level":"info","marketId":"market-1","message":"Multiple trades executed successfully","outcomeId":"outcome-1","service":"prediction-market-api","timestamp":"2026-02-11T17:18:40.947Z","totalVolume":46.25,"tradesCount":2}
{"creatorId":"user123","level":"info","marketId":"market123","message":"Market created successfully","outcomesCount":2,"service":"prediction-market-api","timestamp":"2026-02-11T17:18:41.033Z","title":"Will Bitcoin reach $100k by 2024?","type":"binary"}
{"creatorId":"user123","level":"info","marketId":"market456","message":"Market created successfully","outcomesCount":3,"service":"prediction-market-api","timestamp":"2026-02-11T17:18:41.038Z","title":"Who will win the 2024 election?","type":"multi-outcome"}
{"level":"info","marketId":"market123","message":"Market updated successfully","service":"prediction-market-api","timestamp":"2026-02-11T17:18:41.055Z","updaterId":"user123","updates":{"title":"New Title"}}
{"error":"Market not found","level":"error","marketId":"nonexistent","message":"Failed to update market","service":"prediction-market-api","timestamp":"2026-02-11T17:18:41.055Z","updaterId":"user123","updates":{}}
{"error":"Cannot update resolved market","level":"error","marketId":"market123","message":"Failed to update market","service":"prediction-market-api","timestamp":"2026-02-11T17:18:41.056Z","updaterId":"user123","updates":{}}
{"closerId":"user123","level":"info","marketId":"market123","message":"Market closed successfully","previousStatus":"ACTIVE","service":"prediction-market-api","timestamp":"2026-02-11T17:18:41.056Z"}
{"closerId":"user123","error":"Market is not active and cannot be closed","level":"error","marketId":"market123","message":"Failed to close market","service":"prediction-market-api","timestamp":"2026-02-11T17:18:41.056Z"}
{"ip":"192.168.1.12","level":"info","message":"IP unblocked","service":"prediction-market-api","timestamp":"2026-02-11T17:18:41.996Z"}
{"error":"Unknown error","level":"error","message":"Decryption failed","service":"prediction-market-api","timestamp":"2026-02-11T17:18:41.122Z"}
{"level":"info","message":"User unsuspended","service":"prediction-market-api","timestamp":"2026-02-11T17:18:43.100Z","userId":"user-125"}
{"description":"5 failed authentication attempts","level":"warn","message":"Security threat detected","metadata":{"attempts":5},"service":"prediction-market-api","source":"192.168.1.21","threatId":"threat_1770830323104_gaeun8b","timestamp":"2026-02-11T17:18:43.104Z","type":"brute_force"}
{"description":"5 failed authentication attempts","level":"error","message":"SECURITY ALERT: Admin notification required","service":"prediction-market-api","source":"192.168.1.21","threatId":"threat_1770830323104_gaeun8b","timestamp":"2026-02-11T17:18:43.105Z","type":"brute_force"}
{"duration":3600,"level":"info","message":"Security action taken","reason":"High security threat","service":"prediction-market-api","target":"192.168.1.21","timestamp":"2026-02-11T17:18:43.105Z","type":"block_ip"}
{"level":"info","message":"Security action taken","reason":"high threat: 5 failed authentication attempts","service":"prediction-market-api","target":"admins","timestamp":"2026-02-11T17:18:43.107Z","type":"alert_admin"}
{"description":"DDoS attack detected: 101 requests in 60s","level":"warn","message":"Security threat detected","metadata":{"requestCount":101},"service":"prediction-market-api","source":"192.168.1.30","threatId":"threat_1770830323109_7gn4xfc","timestamp":"2026-02-11T17:18:43.109Z","type":"ddos"}
{"description":"DDoS attack detected: 101 requests in 60s","level":"error","message":"SECURITY ALERT: Admin notification required","service":"prediction-market-api","source":"192.168.1.30","threatId":"threat_1770830323109_7gn4xfc","timestamp":"2026-02-11T17:18:43.110Z","type":"ddos"}
{"duration":86400,"level":"info","message":"Security action taken","reason":"Critical security threat","service":"prediction-market-api","target":"192.168.1.30","timestamp":"2026-02-11T17:18:43.110Z","type":"block_ip"}
{"level":"info","message":"Security action taken","reason":"critical threat: DDoS attack detected: 101 requests in 60s","service":"prediction-market-api","target":"admins","timestamp":"2026-02-11T17:18:43.111Z","type":"alert_admin"}
{"description":"Test 1","level":"warn","message":"Security threat detected","service":"prediction-market-api","source":"192.168.1.40","threatId":"threat_1770830323114_o5krgxd","timestamp":"2026-02-11T17:18:43.114Z","type":"suspicious_activity"}
{"level":"info","message":"Security action taken","reason":"Test 1","service":"prediction-market-api","target":"192.168.1.40","timestamp":"2026-02-11T17:18:43.115Z","type":"log_event"}
{"description":"Test 2","level":"warn","message":"Security threat detected","service":"prediction-market-api","source":"192.168.1.40","threatId":"threat_1770830323116_7acem0t","timestamp":"2026-02-11T17:18:43.116Z","type":"xss_attempt"}
{"level":"info","message":"Security action taken","reason":"Test 2","service":"prediction-market-api","target":"192.168.1.40","timestamp":"2026-02-11T17:18:43.116Z","type":"log_event"}
{"description":"Test","level":"warn","message":"Security threat detected","service":"prediction-market-api","source":"192.168.1.41","threatId":"threat_1770830323118_qsbg78m","timestamp":"2026-02-11T17:18:43.118Z","type":"suspicious_activity"}
{"level":"info","message":"Security action taken","reason":"Test","service":"prediction-market-api","target":"192.168.1.41","timestamp":"2026-02-11T17:18:43.119Z","type":"log_event"}
{"description":"Test 1","level":"warn","message":"Security threat detected","service":"prediction-market-api","source":"192.168.1.50","threatId":"threat_1770830323121_u5g3p89","timestamp":"2026-02-11T17:18:43.121Z","type":"suspicious_activity"}
{"level":"info","message":"Security action taken","reason":"Test 1","service":"prediction-market-api","target":"192.168.1.50","timestamp":"2026-02-11T17:18:43.122Z","type":"log_event"}
{"description":"Test 2","level":"warn","message":"Security threat detected","service":"prediction-market-api","source":"192.168.1.51","threatId":"threat_1770830323123_j1tovk0","timestamp":"2026-02-11T17:18:43.123Z","type":"xss_attempt"}
{"level":"info","message":"Security action taken","reason":"Test 2","service":"prediction-market-api","target":"192.168.1.51","timestamp":"2026-02-11T17:18:43.123Z","type":"log_event"}
{"description":"Test 0","level":"warn","message":"Security threat detected","service":"prediction-market-api","source":"192.168.1.60","threatId":"threat_1770830323125_z1x0pme","timestamp":"2026-02-11T17:18:43.125Z","type":"suspicious_activity"}
{"level":"info","message":"Security action taken","reason":"Test 0","service":"prediction-market-api","target":"192.168.1.60","timestamp":"2026-02-11T17:18:43.125Z","type":"log_event"}
{"description":"Test 1","level":"warn","message":"Security threat detected","service":"prediction-market-api","source":"192.168.1.61","threatId":"threat_1770830323126_qnknzmh","timestamp":"2026-02-11T17:18:43.126Z","type":"suspicious_activity"}
{"level":"info","message":"Security action taken","reason":"Test 1","service":"prediction-market-api","target":"192.168.1.61","timestamp":"2026-02-11T17:18:43.126Z","type":"log_event"}
{"description":"Test 2","level":"warn","message":"Security threat detected","service":"prediction-market-api","source":"192.168.1.62","threatId":"threat_1770830323127_x3pui6s","timestamp":"2026-02-11T17:18:43.127Z","type":"suspicious_activity"}
{"level":"info","message":"Security action taken","reason":"Test 2","service":"prediction-market-api","target":"192.168.1.62","timestamp":"2026-02-11T17:18:43.127Z","type":"log_event"}
{"description":"Test 3","level":"warn","message":"Security threat detected","service":"prediction-market-api","source":"192.168.1.63","threatId":"threat_1770830323128_77abhi5","timestamp":"2026-02-11T17:18:43.128Z","type":"suspicious_activity"}
{"level":"info","message":"Security action taken","reason":"Test 3","service":"prediction-market-api","target":"192.168.1.63","timestamp":"2026-02-11T17:18:43.128Z","type":"log_event"}
{"description":"Test 4","level":"warn","message":"Security threat detected","service":"prediction-market-api","source":"192.168.1.64","threatId":"threat_1770830323129_2ps4hkq","timestamp":"2026-02-11T17:18:43.129Z","type":"suspicious_activity"}
{"level":"info","message":"Security action taken","reason":"Test 4","service":"prediction-market-api","target":"192.168.1.64","timestamp":"2026-02-11T17:18:43.129Z","type":"log_event"}
{"description":"Test 5","level":"warn","message":"Security threat detected","service":"prediction-market-api","source":"192.168.1.65","threatId":"threat_1770830323130_1xj7vik","timestamp":"2026-02-11T17:18:43.130Z","type":"suspicious_activity"}
{"level":"info","message":"Security action taken","reason":"Test 5","service":"prediction-market-api","target":"192.168.1.65","timestamp":"2026-02-11T17:18:43.142Z","type":"log_event"}
{"description":"Test 6","level":"warn","message":"Security threat detected","service":"prediction-market-api","source":"192.168.1.66","threatId":"threat_1770830323143_8jtkkt2","timestamp":"2026-02-11T17:18:43.143Z","type":"suspicious_activity"}
{"level":"info","message":"Security action taken","reason":"Test 6","service":"prediction-market-api","target":"192.168.1.66","timestamp":"2026-02-11T17:18:43.143Z","type":"log_event"}
{"description":"Test 7","level":"warn","message":"Security threat detected","service":"prediction-market-api","source":"192.168.1.67","threatId":"threat_1770830323144_mts8qny","timestamp":"2026-02-11T17:18:43.144Z","type":"suspicious_activity"}
{"level":"info","message":"Security action taken","reason":"Test 7","service":"prediction-market-api","target":"192.168.1.67","timestamp":"2026-02-11T17:18:43.145Z","type":"log_event"}
{"description":"Test 8","level":"warn","message":"Security threat detected","service":"prediction-market-api","source":"192.168.1.68","threatId":"threat_1770830323146_4oooblh","timestamp":"2026-02-11T17:18:43.146Z","type":"suspicious_activity"}
{"level":"info","message":"Security action taken","reason":"Test 8","service":"prediction-market-api","target":"192.168.1.68","timestamp":"2026-02-11T17:18:43.146Z","type":"log_event"}
{"description":"Test 9","level":"warn","message":"Security threat detected","service":"prediction-market-api","source":"192.168.1.69","threatId":"threat_1770830323146_6anj1k4","timestamp":"2026-02-11T17:18:43.146Z","type":"suspicious_activity"}
{"level":"info","message":"Security action taken","reason":"Test 9","service":"prediction-market-api","target":"192.168.1.69","timestamp":"2026-02-11T17:18:43.146Z","type":"log_event"}
{"description":"Test","level":"warn","message":"Security threat detected","service":"prediction-market-api","source":"192.168.1.70","threatId":"threat_1770830323147_r7km897","timestamp":"2026-02-11T17:18:43.147Z","type":"brute_force"}
{"description":"Test","level":"error","message":"SECURITY ALERT: Admin notification required","service":"prediction-market-api","source":"192.168.1.70","threatId":"threat_1770830323147_r7km897","timestamp":"2026-02-11T17:18:43.147Z","type":"brute_force"}
{"duration":3600,"level":"info","message":"Security action taken","reason":"High security threat","service":"prediction-market-api","target":"192.168.1.70","timestamp":"2026-02-11T17:18:43.147Z","type":"block_ip"}
{"level":"info","message":"Security action taken","reason":"high threat: Test","service":"prediction-market-api","target":"admins","timestamp":"2026-02-11T17:18:43.148Z","type":"alert_admin"}
{"description":"Test","level":"warn","message":"Security threat detected","service":"prediction-market-api","source":"192.168.1.71","threatId":"threat_1770830323148_irmu2q6","timestamp":"2026-02-11T17:18:43.148Z","type":"sql_injection"}
{"description":"Test","level":"error","message":"SECURITY ALERT: Admin notification required","service":"prediction-market-api","source":"192.168.1.71","threatId":"threat_1770830323148_irmu2q6","timestamp":"2026-02-11T17:18:43.149Z","type":"sql_injection"}
{"duration":86400,"level":"info","message":"Security action taken","reason":"Critical security threat","service":"prediction-market-api","target":"192.168.1.71","timestamp":"2026-02-11T17:18:43.149Z","type":"block_ip"}
{"level":"info","message":"Security action taken","reason":"critical threat: Test","service":"prediction-market-api","target":"admins","timestamp":"2026-02-11T17:18:43.149Z","type":"alert_admin"}
{"error":"secret or public key must be provided","level":"warn","message":"WebSocket authentication failed","service":"prediction-market-api","socketId":"I_TrQrJHiDXuh1q5AAAD","timestamp":"2026-02-11T17:19:10.977Z"}
{"isAuthenticated":false,"level":"info","message":"WebSocket client connected","service":"prediction-market-api","socketId":"I_TrQrJHiDXuh1q5AAAD","timestamp":"2026-02-11T17:19:10.978Z","userId":"anonymous"}
{"level":"info","marketId":"test-market-1","message":"Client subscribed to market","service":"prediction-market-api","socketId":"UAWSgFpAnmDQlyUJAAAB","subscriptionTypes":["all"],"timestamp":"2026-02-11T17:19:40.991Z","userId":"anonymous"}
{"level":"info","marketId":"test-market-2","message":"Client subscribed to market","service":"prediction-market-api","socketId":"UAWSgFpAnmDQlyUJAAAB","subscriptionTypes":["price_update","trade_executed"],"timestamp":"2026-02-11T17:19:40.998Z","userId":"anonymous"}
{"level":"info","marketId":"test-market-3","message":"Client subscribed to market","service":"prediction-market-api","socketId":"UAWSgFpAnmDQlyUJAAAB","subscriptionTypes":["all"],"timestamp":"2026-02-11T17:20:11.002Z","userId":"anonymous"}
{"level":"info","message":"Client subscribed to outcome","outcomeId":"test-outcome-1","service":"prediction-market-api","socketId":"UAWSgFpAnmDQlyUJAAAB","subscriptionTypes":["all"],"timestamp":"2026-02-11T17:20:41.010Z","userId":"anonymous"}
{"level":"info","message":"Client subscribed to outcome","outcomeId":"test-outcome-2","service":"prediction-market-api","socketId":"UAWSgFpAnmDQlyUJAAAB","subscriptionTypes":["all"],"timestamp":"2026-02-11T17:21:11.016Z","userId":"anonymous"}
{"level":"info","marketId":"test-market-broadcast","message":"Client subscribed to market","service":"prediction-market-api","socketId":"UAWSgFpAnmDQlyUJAAAB","subscriptionTypes":["all"],"timestamp":"2026-02-11T17:21:41.022Z","userId":"anonymous"}
{"level":"info","message":"Client subscribed to outcome","outcomeId":"test-outcome-broadcast","service":"prediction-market-api","socketId":"UAWSgFpAnmDQlyUJAAAB","subscriptionTypes":["all"],"timestamp":"2026-02-11T17:22:11.030Z","userId":"anonymous"}
{"level":"info","marketId":"test-market-price","message":"Client subscribed to market","service":"prediction-market-api","socketId":"UAWSgFpAnmDQlyUJAAAB","subscriptionTypes":["all"],"timestamp":"2026-02-11T17:22:41.032Z","userId":"anonymous"}
{"level":"info","marketId":"test-market-trade","message":"Client subscribed to market","service":"prediction-market-api","socketId":"UAWSgFpAnmDQlyUJAAAB","subscriptionTypes":["all"],"timestamp":"2026-02-11T17:23:11.041Z","userId":"anonymous"}
{"level":"info","marketId":"test-market-status","message":"Client subscribed to market","service":"prediction-market-api","socketId":"UAWSgFpAnmDQlyUJAAAB","subscriptionTypes":["all"],"timestamp":"2026-02-11T17:23:41.043Z","userId":"anonymous"}
{"error":"jwt malformed","level":"warn","message":"WebSocket authentication failed","service":"prediction-market-api","socketId":"7ZSLIvZeJeK8xf50AAAF","timestamp":"2026-02-11T17:24:11.073Z"}
{"isAuthenticated":false,"level":"info","message":"WebSocket client connected","service":"prediction-market-api","socketId":"7ZSLIvZeJeK8xf50AAAF","timestamp":"2026-02-11T17:24:11.075Z","userId":"anonymous"}
{"level":"info","marketId":"test-market-no-broadcast","message":"Market update broadcasted","service":"prediction-market-api","subscribersCount":0,"timestamp":"2026-02-11T17:24:11.082Z","type":"price_update"}
{"level":"info","marketId":"market-1","message":"Client subscribed to market","service":"prediction-market-api","socketId":"7ZSLIvZeJeK8xf50AAAF","subscriptionTypes":["price_update","trade_executed"],"timestamp":"2026-02-11T17:24:11.091Z","userId":"anonymous"}
{"level":"info","marketId":"market-2","message":"Client subscribed to market","service":"prediction-market-api","socketId":"7ZSLIvZeJeK8xf50AAAF","subscriptionTypes":["price_update","trade_executed"],"timestamp":"2026-02-11T17:24:11.092Z","userId":"anonymous"}
{"level":"info","message":"Client subscribed to outcome","outcomeId":"outcome-1","service":"prediction-market-api","socketId":"7ZSLIvZeJeK8xf50AAAF","subscriptionTypes":["price_update","trade_executed"],"timestamp":"2026-02-11T17:24:11.092Z","userId":"anonymous"}
{"level":"info","marketIds":["market-1","market-2"],"message":"WebSocket subscriptions restored after reconnection","outcomeIds":["outcome-1"],"service":"prediction-market-api","socketId":"7ZSLIvZeJeK8xf50AAAF","timestamp":"2026-02-11T17:24:11.093Z","userId":"anonymous"}
{"level":"info","message":"WebSocket client disconnected","reason":"client namespace disconnect","service":"prediction-market-api","socketId":"7ZSLIvZeJeK8xf50AAAF","timestamp":"2026-02-11T17:24:11.094Z","userId":"anonymous"}
{"level":"info","message":"WebSocket client disconnected","reason":"server shutting down","service":"prediction-market-api","socketId":"UAWSgFpAnmDQlyUJAAAB","timestamp":"2026-02-11T17:24:41.096Z","userId":"anonymous"}
{"level":"info","message":"WebSocket client disconnected","reason":"server shutting down","service":"prediction-market-api","socketId":"I_TrQrJHiDXuh1q5AAAD","timestamp":"2026-02-11T17:24:41.104Z","userId":"anonymous"}
