{"error":"Invalid or expired nonce","level":"error","message":"Wallet authentication failed","service":"prediction-market-api","timestamp":"2026-02-06T08:21:27.072Z","walletAddress":"0xa78205f12a9a247de1a27d1e30ab45cdad6455ee"}
{"error":"invalid raw signature length (argument=\"signature\", value=\"0x1234567890abcdef\", code=INVALID_ARGUMENT, version=6.16.0)","level":"error","message":"Wallet authentication failed","service":"prediction-market-api","timestamp":"2026-02-06T08:21:27.080Z","walletAddress":"0xa78205f12a9a247de1a27d1e30ab45cdad6455ee"}
{"error":"Invalid signature","level":"error","message":"Wallet authentication failed","service":"prediction-market-api","timestamp":"2026-02-06T08:21:27.096Z","walletAddress":"0xa78205f12a9a247de1a27d1e30ab45cdad6455ee"}
{"error":"invalid token","level":"error","message":"Token refresh failed","service":"prediction-market-api","timestamp":"2026-02-06T08:21:27.104Z"}
{"error":"Invalid refresh token","level":"error","message":"Token refresh failed","service":"prediction-market-api","timestamp":"2026-02-06T08:21:27.105Z"}
{"error":"Invalid or expired nonce","level":"error","message":"Wallet authentication failed","service":"prediction-market-api","timestamp":"2026-02-09T01:21:20.427Z","walletAddress":"0x0995721789b34cd9a3a5821d5c31ec0b848dc1c5"}
{"error":"invalid raw signature length (argument=\"signature\", value=\"0x1234567890abcdef\", code=INVALID_ARGUMENT, version=6.16.0)","level":"error","message":"Wallet authentication failed","service":"prediction-market-api","timestamp":"2026-02-09T01:21:20.434Z","walletAddress":"0x0995721789b34cd9a3a5821d5c31ec0b848dc1c5"}
{"error":"Invalid signature","level":"error","message":"Wallet authentication failed","service":"prediction-market-api","timestamp":"2026-02-09T01:21:20.447Z","walletAddress":"0x0995721789b34cd9a3a5821d5c31ec0b848dc1c5"}
{"error":"invalid token","level":"error","message":"Token refresh failed","service":"prediction-market-api","timestamp":"2026-02-09T01:21:20.455Z"}
{"error":"Invalid refresh token","level":"error","message":"Token refresh failed","service":"prediction-market-api","timestamp":"2026-02-09T01:21:20.458Z"}
{"error":"Market not found","level":"error","marketId":"nonexistent","message":"Failed to update market","service":"prediction-market-api","timestamp":"2026-02-09T02:41:19.986Z","updaterId":"user123","updates":{}}
{"error":"Cannot read properties of undefined (reading 'ACTIVE')","level":"error","message":"Failed to get market statistics","service":"prediction-market-api","timestamp":"2026-02-09T02:41:19.988Z"}
{"error":"Market not found","level":"error","marketId":"nonexistent","message":"Failed to update market","service":"prediction-market-api","timestamp":"2026-02-09T02:57:09.118Z","updaterId":"user123","updates":{}}
{"error":"Cannot read properties of undefined (reading 'ACTIVE')","level":"error","message":"Failed to get market statistics","service":"prediction-market-api","timestamp":"2026-02-09T02:57:09.121Z"}
{"error":"Cannot read properties of undefined (reading 'RESOLVED')","level":"error","marketId":"market123","message":"Failed to update market","service":"prediction-market-api","timestamp":"2026-02-09T02:58:48.596Z","updaterId":"user123","updates":{"title":"New Title"}}
{"error":"Cannot read properties of undefined (reading 'RESOLVED')","level":"error","marketId":"nonexistent","message":"Failed to update market","service":"prediction-market-api","timestamp":"2026-02-09T02:58:48.597Z","updaterId":"user123","updates":{}}
{"error":"Cannot read properties of undefined (reading 'RESOLVED')","level":"error","marketId":"market123","message":"Failed to update market","service":"prediction-market-api","timestamp":"2026-02-09T02:58:48.608Z","updaterId":"user123","updates":{}}
{"closerId":"user123","error":"Cannot read properties of undefined (reading 'ACTIVE')","level":"error","marketId":"market123","message":"Failed to close market","service":"prediction-market-api","timestamp":"2026-02-09T02:58:48.611Z"}
{"closerId":"user123","error":"Cannot read properties of undefined (reading 'ACTIVE')","level":"error","marketId":"market123","message":"Failed to close market","service":"prediction-market-api","timestamp":"2026-02-09T02:58:48.612Z"}
{"error":"Cannot read properties of undefined (reading 'ACTIVE')","level":"error","message":"Failed to get market statistics","service":"prediction-market-api","timestamp":"2026-02-09T02:58:48.614Z"}
{"error":"Market not found","level":"error","marketId":"nonexistent","message":"Failed to update market","service":"prediction-market-api","timestamp":"2026-02-09T03:00:10.877Z","updaterId":"user123","updates":{}}
{"error":"Cannot update resolved market","level":"error","marketId":"market123","message":"Failed to update market","service":"prediction-market-api","timestamp":"2026-02-09T03:00:10.877Z","updaterId":"user123","updates":{}}
{"closerId":"user123","error":"Market is not active and cannot be closed","level":"error","marketId":"market123","message":"Failed to close market","service":"prediction-market-api","timestamp":"2026-02-09T03:00:10.878Z"}
{"error":"Market not found","level":"error","marketId":"nonexistent","message":"Failed to update market","service":"prediction-market-api","timestamp":"2026-02-09T03:00:24.833Z","updaterId":"user123","updates":{}}
{"error":"Cannot update resolved market","level":"error","marketId":"market123","message":"Failed to update market","service":"prediction-market-api","timestamp":"2026-02-09T03:00:24.833Z","updaterId":"user123","updates":{}}
{"closerId":"user123","error":"Market is not active and cannot be closed","level":"error","marketId":"market123","message":"Failed to close market","service":"prediction-market-api","timestamp":"2026-02-09T03:00:24.835Z"}
{"error":"Invalid or expired nonce","level":"error","message":"Wallet authentication failed","service":"prediction-market-api","timestamp":"2026-02-09T03:00:24.947Z","walletAddress":"0xab26a9eb302fa965bd934e17960692d8d1105b1a"}
{"error":"invalid raw signature length (argument=\"signature\", value=\"0x1234567890abcdef\", code=INVALID_ARGUMENT, version=6.16.0)","level":"error","message":"Wallet authentication failed","service":"prediction-market-api","timestamp":"2026-02-09T03:00:24.955Z","walletAddress":"0xab26a9eb302fa965bd934e17960692d8d1105b1a"}
{"error":"Invalid signature","level":"error","message":"Wallet authentication failed","service":"prediction-market-api","timestamp":"2026-02-09T03:00:24.969Z","walletAddress":"0xab26a9eb302fa965bd934e17960692d8d1105b1a"}
{"error":"invalid token","level":"error","message":"Token refresh failed","service":"prediction-market-api","timestamp":"2026-02-09T03:00:24.976Z"}
{"error":"Invalid refresh token","level":"error","message":"Token refresh failed","service":"prediction-market-api","timestamp":"2026-02-09T03:00:24.977Z"}
{"error":"User ID is required","level":"error","message":"Failed to place order","request":{"marketId":"market-1","orderType":"LIMIT","outcomeId":"outcome-1","price":0.6,"quantity":100,"type":"BUY"},"service":"prediction-market-api","timestamp":"2026-02-09T03:06:51.154Z"}
{"error":"Order type must be BUY or SELL","level":"error","message":"Failed to place order","request":{"marketId":"market-1","orderType":"LIMIT","outcomeId":"outcome-1","price":0.6,"quantity":100,"type":"INVALID","userId":"user-1"},"service":"prediction-market-api","timestamp":"2026-02-09T03:06:51.160Z"}
{"error":"Quantity must be greater than 0","level":"error","message":"Failed to place order","request":{"marketId":"market-1","orderType":"LIMIT","outcomeId":"outcome-1","price":0.6,"quantity":0,"type":"BUY","userId":"user-1"},"service":"prediction-market-api","timestamp":"2026-02-09T03:06:51.160Z"}
{"error":"Price must be between 0.01 and 0.99","level":"error","message":"Failed to place order","request":{"marketId":"market-1","orderType":"LIMIT","outcomeId":"outcome-1","price":1.5,"quantity":100,"type":"BUY","userId":"user-1"},"service":"prediction-market-api","timestamp":"2026-02-09T03:06:51.161Z"}
{"error":"Unauthorized to cancel this order","level":"error","message":"Failed to cancel order","orderId":"order-1","service":"prediction-market-api","timestamp":"2026-02-09T03:06:51.162Z","userId":"user-2"}
{"error":"Order cannot be cancelled","level":"error","message":"Failed to cancel order","orderId":"order-1","service":"prediction-market-api","timestamp":"2026-02-09T03:06:51.163Z","userId":"user-1"}
{"error":"Order not found","level":"error","message":"Failed to cancel order","orderId":"non-existent","service":"prediction-market-api","timestamp":"2026-02-09T03:06:51.163Z","userId":"user-1"}
{"error":"User ID is required","level":"error","message":"Failed to place order","request":{"marketId":"market-1","orderType":"LIMIT","outcomeId":"outcome-1","price":0.6,"quantity":100,"type":"BUY"},"service":"prediction-market-api","timestamp":"2026-02-09T03:07:19.385Z"}
{"error":"Order type must be BUY or SELL","level":"error","message":"Failed to place order","request":{"marketId":"market-1","orderType":"LIMIT","outcomeId":"outcome-1","price":0.6,"quantity":100,"type":"INVALID","userId":"user-1"},"service":"prediction-market-api","timestamp":"2026-02-09T03:07:19.397Z"}
{"error":"Quantity must be greater than 0","level":"error","message":"Failed to place order","request":{"marketId":"market-1","orderType":"LIMIT","outcomeId":"outcome-1","price":0.6,"quantity":0,"type":"BUY","userId":"user-1"},"service":"prediction-market-api","timestamp":"2026-02-09T03:07:19.397Z"}
{"error":"Price must be between 0.01 and 0.99","level":"error","message":"Failed to place order","request":{"marketId":"market-1","orderType":"LIMIT","outcomeId":"outcome-1","price":1.5,"quantity":100,"type":"BUY","userId":"user-1"},"service":"prediction-market-api","timestamp":"2026-02-09T03:07:19.398Z"}
{"error":"Unauthorized to cancel this order","level":"error","message":"Failed to cancel order","orderId":"order-1","service":"prediction-market-api","timestamp":"2026-02-09T03:07:19.399Z","userId":"user-2"}
{"error":"Order cannot be cancelled","level":"error","message":"Failed to cancel order","orderId":"order-1","service":"prediction-market-api","timestamp":"2026-02-09T03:07:19.400Z","userId":"user-1"}
{"error":"Order not found","level":"error","message":"Failed to cancel order","orderId":"non-existent","service":"prediction-market-api","timestamp":"2026-02-09T03:07:19.400Z","userId":"user-1"}
{"error":"User ID is required","level":"error","message":"Failed to place order","request":{"marketId":"market-1","orderType":"LIMIT","outcomeId":"outcome-1","price":0.6,"quantity":100,"type":"BUY"},"service":"prediction-market-api","timestamp":"2026-02-09T03:08:38.287Z"}
{"error":"Order type must be BUY or SELL","level":"error","message":"Failed to place order","request":{"marketId":"market-1","orderType":"LIMIT","outcomeId":"outcome-1","price":0.6,"quantity":100,"type":"INVALID","userId":"user-1"},"service":"prediction-market-api","timestamp":"2026-02-09T03:08:38.299Z"}
{"error":"Quantity must be greater than 0","level":"error","message":"Failed to place order","request":{"marketId":"market-1","orderType":"LIMIT","outcomeId":"outcome-1","price":0.6,"quantity":0,"type":"BUY","userId":"user-1"},"service":"prediction-market-api","timestamp":"2026-02-09T03:08:38.299Z"}
{"error":"Price must be between 0.01 and 0.99","level":"error","message":"Failed to place order","request":{"marketId":"market-1","orderType":"LIMIT","outcomeId":"outcome-1","price":1.5,"quantity":100,"type":"BUY","userId":"user-1"},"service":"prediction-market-api","timestamp":"2026-02-09T03:08:38.299Z"}
{"error":"Unauthorized to cancel this order","level":"error","message":"Failed to cancel order","orderId":"order-1","service":"prediction-market-api","timestamp":"2026-02-09T03:08:38.301Z","userId":"user-2"}
{"error":"Order cannot be cancelled","level":"error","message":"Failed to cancel order","orderId":"order-1","service":"prediction-market-api","timestamp":"2026-02-09T03:08:38.301Z","userId":"user-1"}
{"error":"Order not found","level":"error","message":"Failed to cancel order","orderId":"non-existent","service":"prediction-market-api","timestamp":"2026-02-09T03:08:38.301Z","userId":"user-1"}
{"error":"Cannot create position with negative or zero quantity","level":"error","message":"Failed to execute trade","request":{"buyOrderId":"buy-order-1","buyerFee":0.12,"buyerId":"buyer-1","marketId":"market-1","outcomeId":"outcome-1","price":0.6,"quantity":100,"sellOrderId":"sell-order-1","sellerFee":0.12,"sellerId":"seller-1","totalValue":60},"service":"prediction-market-api","timestamp":"2026-02-09T03:12:13.055Z"}
{"error":"Cannot create position with negative or zero quantity","level":"error","message":"Failed to execute trade","request":{"buyOrderId":"buy-order-1","buyerFee":0.12,"buyerId":"buyer-1","marketId":"market-1","outcomeId":"outcome-1","price":0.6,"quantity":100,"sellOrderId":"sell-order-1","sellerFee":0.12,"sellerId":"seller-1","totalValue":60},"service":"prediction-market-api","timestamp":"2026-02-09T03:12:13.069Z"}
{"error":"Market ID and Outcome ID are required","level":"error","message":"Failed to execute trade","request":{"buyOrderId":"buy-order-1","buyerFee":0.12,"buyerId":"buyer-1","marketId":"","outcomeId":"outcome-1","price":0.6,"quantity":100,"sellOrderId":"sell-order-1","sellerFee":0.12,"sellerId":"seller-1","totalValue":60},"service":"prediction-market-api","timestamp":"2026-02-09T03:12:13.071Z"}
{"error":"Buyer ID and Seller ID are required","level":"error","message":"Failed to execute trade","request":{"buyOrderId":"buy-order-1","buyerFee":0.12,"buyerId":"","marketId":"market-1","outcomeId":"outcome-1","price":0.6,"quantity":100,"sellOrderId":"sell-order-1","sellerFee":0.12,"sellerId":"seller-1","totalValue":60},"service":"prediction-market-api","timestamp":"2026-02-09T03:12:13.071Z"}
{"error":"Quantity must be greater than 0","level":"error","message":"Failed to execute trade","request":{"buyOrderId":"buy-order-1","buyerFee":0.12,"buyerId":"buyer-1","marketId":"market-1","outcomeId":"outcome-1","price":0.6,"quantity":0,"sellOrderId":"sell-order-1","sellerFee":0.12,"sellerId":"seller-1","totalValue":60},"service":"prediction-market-api","timestamp":"2026-02-09T03:12:13.072Z"}
{"error":"Price must be between 0 and 1","level":"error","message":"Failed to execute trade","request":{"buyOrderId":"buy-order-1","buyerFee":0.12,"buyerId":"buyer-1","marketId":"market-1","outcomeId":"outcome-1","price":1.5,"quantity":100,"sellOrderId":"sell-order-1","sellerFee":0.12,"sellerId":"seller-1","totalValue":60},"service":"prediction-market-api","timestamp":"2026-02-09T03:12:13.072Z"}
{"error":"Total value must be greater than 0","level":"error","message":"Failed to execute trade","request":{"buyOrderId":"buy-order-1","buyerFee":0.12,"buyerId":"buyer-1","marketId":"market-1","outcomeId":"outcome-1","price":0.6,"quantity":100,"sellOrderId":"sell-order-1","sellerFee":0.12,"sellerId":"seller-1","totalValue":-10},"service":"prediction-market-api","timestamp":"2026-02-09T03:12:13.072Z"}
{"error":"Cannot create position with negative or zero quantity","level":"error","message":"Failed to execute trade","request":{"buyOrderId":"buy-order-1","buyerFee":0.12,"buyerId":"buyer-1","marketId":"market-1","outcomeId":"outcome-1","price":0.6,"quantity":100,"sellOrderId":"sell-order-1","sellerFee":0.12,"sellerId":"seller-1","totalValue":60},"service":"prediction-market-api","timestamp":"2026-02-09T03:12:13.073Z"}
{"error":"Market is not active","level":"error","message":"Failed to execute trade","request":{"buyOrderId":"buy-order-1","buyerFee":0.12,"buyerId":"buyer-1","marketId":"market-1","outcomeId":"outcome-1","price":0.6,"quantity":100,"sellOrderId":"sell-order-1","sellerFee":0.12,"sellerId":"seller-1","totalValue":60},"service":"prediction-market-api","timestamp":"2026-02-09T03:12:13.086Z"}
{"error":"Buyer not found","level":"error","message":"Failed to execute trade","request":{"buyOrderId":"buy-order-1","buyerFee":0.12,"buyerId":"buyer-1","marketId":"market-1","outcomeId":"outcome-1","price":0.6,"quantity":100,"sellOrderId":"sell-order-1","sellerFee":0.12,"sellerId":"seller-1","totalValue":60},"service":"prediction-market-api","timestamp":"2026-02-09T03:12:13.088Z"}
{"error":"Market ID and Outcome ID are required","level":"error","message":"Failed to execute trade","request":{"buyOrderId":"buy-order-1","buyerFee":0.12,"buyerId":"buyer-1","marketId":"","outcomeId":"outcome-1","price":0.6,"quantity":100,"sellOrderId":"sell-order-1","sellerFee":0.12,"sellerId":"seller-1","totalValue":60},"service":"prediction-market-api","timestamp":"2026-02-09T03:14:23.416Z"}
{"error":"Buyer ID and Seller ID are required","level":"error","message":"Failed to execute trade","request":{"buyOrderId":"buy-order-1","buyerFee":0.12,"buyerId":"","marketId":"market-1","outcomeId":"outcome-1","price":0.6,"quantity":100,"sellOrderId":"sell-order-1","sellerFee":0.12,"sellerId":"seller-1","totalValue":60},"service":"prediction-market-api","timestamp":"2026-02-09T03:14:23.428Z"}
{"error":"Quantity must be greater than 0","level":"error","message":"Failed to execute trade","request":{"buyOrderId":"buy-order-1","buyerFee":0.12,"buyerId":"buyer-1","marketId":"market-1","outcomeId":"outcome-1","price":0.6,"quantity":0,"sellOrderId":"sell-order-1","sellerFee":0.12,"sellerId":"seller-1","totalValue":60},"service":"prediction-market-api","timestamp":"2026-02-09T03:14:23.429Z"}
{"error":"Price must be between 0 and 1","level":"error","message":"Failed to execute trade","request":{"buyOrderId":"buy-order-1","buyerFee":0.12,"buyerId":"buyer-1","marketId":"market-1","outcomeId":"outcome-1","price":1.5,"quantity":100,"sellOrderId":"sell-order-1","sellerFee":0.12,"sellerId":"seller-1","totalValue":60},"service":"prediction-market-api","timestamp":"2026-02-09T03:14:23.429Z"}
{"error":"Total value must be greater than 0","level":"error","message":"Failed to execute trade","request":{"buyOrderId":"buy-order-1","buyerFee":0.12,"buyerId":"buyer-1","marketId":"market-1","outcomeId":"outcome-1","price":0.6,"quantity":100,"sellOrderId":"sell-order-1","sellerFee":0.12,"sellerId":"seller-1","totalValue":-10},"service":"prediction-market-api","timestamp":"2026-02-09T03:14:23.429Z"}
{"error":"Market is not active","level":"error","message":"Failed to execute trade","request":{"buyOrderId":"buy-order-1","buyerFee":0.12,"buyerId":"buyer-1","marketId":"market-1","outcomeId":"outcome-1","price":0.6,"quantity":100,"sellOrderId":"sell-order-1","sellerFee":0.12,"sellerId":"seller-1","totalValue":60},"service":"prediction-market-api","timestamp":"2026-02-09T03:14:23.431Z"}
{"error":"Buyer not found","level":"error","message":"Failed to execute trade","request":{"buyOrderId":"buy-order-1","buyerFee":0.12,"buyerId":"buyer-1","marketId":"market-1","outcomeId":"outcome-1","price":0.6,"quantity":100,"sellOrderId":"sell-order-1","sellerFee":0.12,"sellerId":"seller-1","totalValue":60},"service":"prediction-market-api","timestamp":"2026-02-09T03:14:23.432Z"}
{"error":"Market ID and Outcome ID are required","level":"error","message":"Failed to execute trade","request":{"buyOrderId":"buy-order-1","buyerFee":0.12,"buyerId":"buyer-1","marketId":"","outcomeId":"outcome-1","price":0.6,"quantity":100,"sellOrderId":"sell-order-1","sellerFee":0.12,"sellerId":"seller-1","totalValue":60},"service":"prediction-market-api","timestamp":"2026-02-09T03:14:58.318Z"}
{"error":"Buyer ID and Seller ID are required","level":"error","message":"Failed to execute trade","request":{"buyOrderId":"buy-order-1","buyerFee":0.12,"buyerId":"","marketId":"market-1","outcomeId":"outcome-1","price":0.6,"quantity":100,"sellOrderId":"sell-order-1","sellerFee":0.12,"sellerId":"seller-1","totalValue":60},"service":"prediction-market-api","timestamp":"2026-02-09T03:14:58.333Z"}
{"error":"Quantity must be greater than 0","level":"error","message":"Failed to execute trade","request":{"buyOrderId":"buy-order-1","buyerFee":0.12,"buyerId":"buyer-1","marketId":"market-1","outcomeId":"outcome-1","price":0.6,"quantity":0,"sellOrderId":"sell-order-1","sellerFee":0.12,"sellerId":"seller-1","totalValue":60},"service":"prediction-market-api","timestamp":"2026-02-09T03:14:58.333Z"}
{"error":"Price must be between 0 and 1","level":"error","message":"Failed to execute trade","request":{"buyOrderId":"buy-order-1","buyerFee":0.12,"buyerId":"buyer-1","marketId":"market-1","outcomeId":"outcome-1","price":1.5,"quantity":100,"sellOrderId":"sell-order-1","sellerFee":0.12,"sellerId":"seller-1","totalValue":60},"service":"prediction-market-api","timestamp":"2026-02-09T03:14:58.333Z"}
{"error":"Total value must be greater than 0","level":"error","message":"Failed to execute trade","request":{"buyOrderId":"buy-order-1","buyerFee":0.12,"buyerId":"buyer-1","marketId":"market-1","outcomeId":"outcome-1","price":0.6,"quantity":100,"sellOrderId":"sell-order-1","sellerFee":0.12,"sellerId":"seller-1","totalValue":-10},"service":"prediction-market-api","timestamp":"2026-02-09T03:14:58.334Z"}
{"error":"Market is not active","level":"error","message":"Failed to execute trade","request":{"buyOrderId":"buy-order-1","buyerFee":0.12,"buyerId":"buyer-1","marketId":"market-1","outcomeId":"outcome-1","price":0.6,"quantity":100,"sellOrderId":"sell-order-1","sellerFee":0.12,"sellerId":"seller-1","totalValue":60},"service":"prediction-market-api","timestamp":"2026-02-09T03:14:58.336Z"}
{"error":"Buyer not found","level":"error","message":"Failed to execute trade","request":{"buyOrderId":"buy-order-1","buyerFee":0.12,"buyerId":"buyer-1","marketId":"market-1","outcomeId":"outcome-1","price":0.6,"quantity":100,"sellOrderId":"sell-order-1","sellerFee":0.12,"sellerId":"seller-1","totalValue":60},"service":"prediction-market-api","timestamp":"2026-02-09T03:14:58.336Z"}
{"error":"Market ID and Outcome ID are required","level":"error","message":"Failed to execute trade","request":{"buyOrderId":"buy-order-1","buyerFee":0.12,"buyerId":"buyer-1","marketId":"","outcomeId":"outcome-1","price":0.6,"quantity":100,"sellOrderId":"sell-order-1","sellerFee":0.12,"sellerId":"seller-1","totalValue":60},"service":"prediction-market-api","timestamp":"2026-02-09T03:15:47.507Z"}
{"error":"Buyer ID and Seller ID are required","level":"error","message":"Failed to execute trade","request":{"buyOrderId":"buy-order-1","buyerFee":0.12,"buyerId":"","marketId":"market-1","outcomeId":"outcome-1","price":0.6,"quantity":100,"sellOrderId":"sell-order-1","sellerFee":0.12,"sellerId":"seller-1","totalValue":60},"service":"prediction-market-api","timestamp":"2026-02-09T03:15:47.518Z"}
{"error":"Quantity must be greater than 0","level":"error","message":"Failed to execute trade","request":{"buyOrderId":"buy-order-1","buyerFee":0.12,"buyerId":"buyer-1","marketId":"market-1","outcomeId":"outcome-1","price":0.6,"quantity":0,"sellOrderId":"sell-order-1","sellerFee":0.12,"sellerId":"seller-1","totalValue":60},"service":"prediction-market-api","timestamp":"2026-02-09T03:15:47.519Z"}
{"error":"Price must be between 0 and 1","level":"error","message":"Failed to execute trade","request":{"buyOrderId":"buy-order-1","buyerFee":0.12,"buyerId":"buyer-1","marketId":"market-1","outcomeId":"outcome-1","price":1.5,"quantity":100,"sellOrderId":"sell-order-1","sellerFee":0.12,"sellerId":"seller-1","totalValue":60},"service":"prediction-market-api","timestamp":"2026-02-09T03:15:47.519Z"}
{"error":"Total value must be greater than 0","level":"error","message":"Failed to execute trade","request":{"buyOrderId":"buy-order-1","buyerFee":0.12,"buyerId":"buyer-1","marketId":"market-1","outcomeId":"outcome-1","price":0.6,"quantity":100,"sellOrderId":"sell-order-1","sellerFee":0.12,"sellerId":"seller-1","totalValue":-10},"service":"prediction-market-api","timestamp":"2026-02-09T03:15:47.519Z"}
{"error":"Buyer not found","level":"error","message":"Failed to execute trade","request":{"buyOrderId":"buy-order-1","buyerFee":0.12,"buyerId":"buyer-1","marketId":"market-1","outcomeId":"outcome-1","price":0.6,"quantity":100,"sellOrderId":"sell-order-1","sellerFee":0.12,"sellerId":"seller-1","totalValue":60},"service":"prediction-market-api","timestamp":"2026-02-09T03:15:47.520Z"}
{"error":"Market is not active","level":"error","message":"Failed to execute trade","request":{"buyOrderId":"buy-order-1","buyerFee":0.12,"buyerId":"buyer-1","marketId":"market-1","outcomeId":"outcome-1","price":0.6,"quantity":100,"sellOrderId":"sell-order-1","sellerFee":0.12,"sellerId":"seller-1","totalValue":60},"service":"prediction-market-api","timestamp":"2026-02-09T03:15:47.520Z"}
{"error":"User not found","level":"error","message":"Failed to get user balance","service":"prediction-market-api","timestamp":"2026-02-09T03:15:47.525Z","userId":"non-existent"}
{"error":"Market ID and Outcome ID are required","level":"error","message":"Failed to execute trade","request":{"buyOrderId":"buy-order-1","buyerFee":0.12,"buyerId":"buyer-1","marketId":"","outcomeId":"outcome-1","price":0.6,"quantity":100,"sellOrderId":"sell-order-1","sellerFee":0.12,"sellerId":"seller-1","totalValue":60},"service":"prediction-market-api","timestamp":"2026-02-09T03:16:10.889Z"}
{"error":"Buyer ID and Seller ID are required","level":"error","message":"Failed to execute trade","request":{"buyOrderId":"buy-order-1","buyerFee":0.12,"buyerId":"","marketId":"market-1","outcomeId":"outcome-1","price":0.6,"quantity":100,"sellOrderId":"sell-order-1","sellerFee":0.12,"sellerId":"seller-1","totalValue":60},"service":"prediction-market-api","timestamp":"2026-02-09T03:16:10.900Z"}
{"error":"Quantity must be greater than 0","level":"error","message":"Failed to execute trade","request":{"buyOrderId":"buy-order-1","buyerFee":0.12,"buyerId":"buyer-1","marketId":"market-1","outcomeId":"outcome-1","price":0.6,"quantity":0,"sellOrderId":"sell-order-1","sellerFee":0.12,"sellerId":"seller-1","totalValue":60},"service":"prediction-market-api","timestamp":"2026-02-09T03:16:10.901Z"}
{"error":"Price must be between 0 and 1","level":"error","message":"Failed to execute trade","request":{"buyOrderId":"buy-order-1","buyerFee":0.12,"buyerId":"buyer-1","marketId":"market-1","outcomeId":"outcome-1","price":1.5,"quantity":100,"sellOrderId":"sell-order-1","sellerFee":0.12,"sellerId":"seller-1","totalValue":60},"service":"prediction-market-api","timestamp":"2026-02-09T03:16:10.901Z"}
{"error":"Total value must be greater than 0","level":"error","message":"Failed to execute trade","request":{"buyOrderId":"buy-order-1","buyerFee":0.12,"buyerId":"buyer-1","marketId":"market-1","outcomeId":"outcome-1","price":0.6,"quantity":100,"sellOrderId":"sell-order-1","sellerFee":0.12,"sellerId":"seller-1","totalValue":-10},"service":"prediction-market-api","timestamp":"2026-02-09T03:16:10.901Z"}
{"error":"Buyer not found","level":"error","message":"Failed to execute trade","request":{"buyOrderId":"buy-order-1","buyerFee":0.12,"buyerId":"buyer-1","marketId":"market-1","outcomeId":"outcome-1","price":0.6,"quantity":100,"sellOrderId":"sell-order-1","sellerFee":0.12,"sellerId":"seller-1","totalValue":60},"service":"prediction-market-api","timestamp":"2026-02-09T03:16:10.902Z"}
{"error":"Market is not active","level":"error","message":"Failed to execute trade","request":{"buyOrderId":"buy-order-1","buyerFee":0.12,"buyerId":"buyer-1","marketId":"market-1","outcomeId":"outcome-1","price":0.6,"quantity":100,"sellOrderId":"sell-order-1","sellerFee":0.12,"sellerId":"seller-1","totalValue":60},"service":"prediction-market-api","timestamp":"2026-02-09T03:16:10.902Z"}
{"error":"User not found","level":"error","message":"Failed to get user balance","service":"prediction-market-api","timestamp":"2026-02-09T03:16:10.905Z","userId":"non-existent"}
{"error":"Order ownership mismatch","level":"error","message":"Failed to execute trade","request":{"buyOrderId":"buy-order-1","buyerFee":0.12,"buyerId":"buyer-1","marketId":"market-1","outcomeId":"outcome-1","price":0.6,"quantity":100,"sellOrderId":"sell-order-1","sellerFee":0.12,"sellerId":"seller-1","totalValue":60},"service":"prediction-market-api","timestamp":"2026-02-09T03:17:02.632Z"}
{"error":"Market ID and Outcome ID are required","level":"error","message":"Failed to execute trade","request":{"buyOrderId":"buy-order-1","buyerFee":0.12,"buyerId":"buyer-1","marketId":"","outcomeId":"outcome-1","price":0.6,"quantity":100,"sellOrderId":"sell-order-1","sellerFee":0.12,"sellerId":"seller-1","totalValue":60},"service":"prediction-market-api","timestamp":"2026-02-09T03:49:45.871Z"}
{"error":"Buyer ID and Seller ID are required","level":"error","message":"Failed to execute trade","request":{"buyOrderId":"buy-order-1","buyerFee":0.12,"buyerId":"","marketId":"market-1","outcomeId":"outcome-1","price":0.6,"quantity":100,"sellOrderId":"sell-order-1","sellerFee":0.12,"sellerId":"seller-1","totalValue":60},"service":"prediction-market-api","timestamp":"2026-02-09T03:49:45.888Z"}
{"error":"Quantity must be greater than 0","level":"error","message":"Failed to execute trade","request":{"buyOrderId":"buy-order-1","buyerFee":0.12,"buyerId":"buyer-1","marketId":"market-1","outcomeId":"outcome-1","price":0.6,"quantity":0,"sellOrderId":"sell-order-1","sellerFee":0.12,"sellerId":"seller-1","totalValue":60},"service":"prediction-market-api","timestamp":"2026-02-09T03:49:45.889Z"}
{"error":"Price must be between 0 and 1","level":"error","message":"Failed to execute trade","request":{"buyOrderId":"buy-order-1","buyerFee":0.12,"buyerId":"buyer-1","marketId":"market-1","outcomeId":"outcome-1","price":1.5,"quantity":100,"sellOrderId":"sell-order-1","sellerFee":0.12,"sellerId":"seller-1","totalValue":60},"service":"prediction-market-api","timestamp":"2026-02-09T03:49:45.891Z"}
{"error":"Total value must be greater than 0","level":"error","message":"Failed to execute trade","request":{"buyOrderId":"buy-order-1","buyerFee":0.12,"buyerId":"buyer-1","marketId":"market-1","outcomeId":"outcome-1","price":0.6,"quantity":100,"sellOrderId":"sell-order-1","sellerFee":0.12,"sellerId":"seller-1","totalValue":-10},"service":"prediction-market-api","timestamp":"2026-02-09T03:49:45.894Z"}
{"error":"Buyer not found","level":"error","message":"Failed to execute trade","request":{"buyOrderId":"buy-order-1","buyerFee":0.12,"buyerId":"buyer-1","marketId":"market-1","outcomeId":"outcome-1","price":0.6,"quantity":100,"sellOrderId":"sell-order-1","sellerFee":0.12,"sellerId":"seller-1","totalValue":60},"service":"prediction-market-api","timestamp":"2026-02-09T03:49:45.895Z"}
{"error":"Market is not active","level":"error","message":"Failed to execute trade","request":{"buyOrderId":"buy-order-1","buyerFee":0.12,"buyerId":"buyer-1","marketId":"market-1","outcomeId":"outcome-1","price":0.6,"quantity":100,"sellOrderId":"sell-order-1","sellerFee":0.12,"sellerId":"seller-1","totalValue":60},"service":"prediction-market-api","timestamp":"2026-02-09T03:49:45.897Z"}
{"error":"User not found","level":"error","message":"Failed to get user balance","service":"prediction-market-api","timestamp":"2026-02-09T03:49:45.903Z","userId":"non-existent"}
{"error":"User ID is required","level":"error","message":"Failed to place order","request":{"marketId":"market-1","orderType":"LIMIT","outcomeId":"outcome-1","price":0.6,"quantity":100,"type":"BUY"},"service":"prediction-market-api","timestamp":"2026-02-09T03:49:45.887Z"}
{"error":"Order type must be BUY or SELL","level":"error","message":"Failed to place order","request":{"marketId":"market-1","orderType":"LIMIT","outcomeId":"outcome-1","price":0.6,"quantity":100,"type":"INVALID","userId":"user-1"},"service":"prediction-market-api","timestamp":"2026-02-09T03:49:45.912Z"}
{"error":"Quantity must be greater than 0","level":"error","message":"Failed to place order","request":{"marketId":"market-1","orderType":"LIMIT","outcomeId":"outcome-1","price":0.6,"quantity":0,"type":"BUY","userId":"user-1"},"service":"prediction-market-api","timestamp":"2026-02-09T03:49:45.913Z"}
{"error":"Price must be between 0.01 and 0.99","level":"error","message":"Failed to place order","request":{"marketId":"market-1","orderType":"LIMIT","outcomeId":"outcome-1","price":1.5,"quantity":100,"type":"BUY","userId":"user-1"},"service":"prediction-market-api","timestamp":"2026-02-09T03:49:45.914Z"}
{"error":"Unauthorized to cancel this order","level":"error","message":"Failed to cancel order","orderId":"order-1","service":"prediction-market-api","timestamp":"2026-02-09T03:49:45.924Z","userId":"user-2"}
{"error":"Order cannot be cancelled","level":"error","message":"Failed to cancel order","orderId":"order-1","service":"prediction-market-api","timestamp":"2026-02-09T03:49:45.925Z","userId":"user-1"}
{"error":"Order not found","level":"error","message":"Failed to cancel order","orderId":"non-existent","service":"prediction-market-api","timestamp":"2026-02-09T03:49:45.925Z","userId":"user-1"}
{"error":"Invalid or expired nonce","level":"error","message":"Wallet authentication failed","service":"prediction-market-api","timestamp":"2026-02-09T03:49:46.087Z","walletAddress":"0xde679368e4197ee2ae1ff46bb2b94ffa7ae3ae00"}
{"error":"invalid raw signature length (argument=\"signature\", value=\"0x1234567890abcdef\", code=INVALID_ARGUMENT, version=6.16.0)","level":"error","message":"Wallet authentication failed","service":"prediction-market-api","timestamp":"2026-02-09T03:49:46.095Z","walletAddress":"0xde679368e4197ee2ae1ff46bb2b94ffa7ae3ae00"}
{"error":"Invalid signature","level":"error","message":"Wallet authentication failed","service":"prediction-market-api","timestamp":"2026-02-09T03:49:46.110Z","walletAddress":"0xde679368e4197ee2ae1ff46bb2b94ffa7ae3ae00"}
{"error":"invalid token","level":"error","message":"Token refresh failed","service":"prediction-market-api","timestamp":"2026-02-09T03:49:46.118Z"}
{"error":"Invalid refresh token","level":"error","message":"Token refresh failed","service":"prediction-market-api","timestamp":"2026-02-09T03:49:46.119Z"}
{"error":"Market not found","level":"error","marketId":"nonexistent","message":"Failed to update market","service":"prediction-market-api","timestamp":"2026-02-09T03:49:46.485Z","updaterId":"user123","updates":{}}
{"error":"Cannot update resolved market","level":"error","marketId":"market123","message":"Failed to update market","service":"prediction-market-api","timestamp":"2026-02-09T03:49:46.486Z","updaterId":"user123","updates":{}}
{"closerId":"user123","error":"Market is not active and cannot be closed","level":"error","marketId":"market123","message":"Failed to close market","service":"prediction-market-api","timestamp":"2026-02-09T03:49:46.487Z"}
{"error":"Market not found","level":"error","marketId":"nonexistent","message":"Failed to update market","service":"prediction-market-api","timestamp":"2026-02-09T03:51:40.024Z","updaterId":"user123","updates":{}}
{"error":"Cannot update resolved market","level":"error","marketId":"market123","message":"Failed to update market","service":"prediction-market-api","timestamp":"2026-02-09T03:51:40.025Z","updaterId":"user123","updates":{}}
{"closerId":"user123","error":"Market is not active and cannot be closed","level":"error","marketId":"market123","message":"Failed to close market","service":"prediction-market-api","timestamp":"2026-02-09T03:51:40.025Z"}
{"error":"User ID is required","level":"error","message":"Failed to place order","request":{"marketId":"market-1","orderType":"LIMIT","outcomeId":"outcome-1","price":0.6,"quantity":100,"type":"BUY"},"service":"prediction-market-api","timestamp":"2026-02-09T03:52:21.921Z"}
{"error":"Order type must be BUY or SELL","level":"error","message":"Failed to place order","request":{"marketId":"market-1","orderType":"LIMIT","outcomeId":"outcome-1","price":0.6,"quantity":100,"type":"INVALID","userId":"user-1"},"service":"prediction-market-api","timestamp":"2026-02-09T03:52:21.947Z"}
{"error":"Quantity must be greater than 0","level":"error","message":"Failed to place order","request":{"marketId":"market-1","orderType":"LIMIT","outcomeId":"outcome-1","price":0.6,"quantity":0,"type":"BUY","userId":"user-1"},"service":"prediction-market-api","timestamp":"2026-02-09T03:52:21.948Z"}
{"error":"Price must be between 0.01 and 0.99","level":"error","message":"Failed to place order","request":{"marketId":"market-1","orderType":"LIMIT","outcomeId":"outcome-1","price":1.5,"quantity":100,"type":"BUY","userId":"user-1"},"service":"prediction-market-api","timestamp":"2026-02-09T03:52:21.948Z"}
{"error":"Unauthorized to cancel this order","level":"error","message":"Failed to cancel order","orderId":"order-1","service":"prediction-market-api","timestamp":"2026-02-09T03:52:21.950Z","userId":"user-2"}
{"error":"Order cannot be cancelled","level":"error","message":"Failed to cancel order","orderId":"order-1","service":"prediction-market-api","timestamp":"2026-02-09T03:52:21.951Z","userId":"user-1"}
{"error":"Order not found","level":"error","message":"Failed to cancel order","orderId":"non-existent","service":"prediction-market-api","timestamp":"2026-02-09T03:52:21.952Z","userId":"user-1"}
{"error":"Market not found","level":"error","marketId":"nonexistent","message":"Failed to update market","service":"prediction-market-api","timestamp":"2026-02-09T03:52:22.069Z","updaterId":"user123","updates":{}}
{"error":"Cannot update resolved market","level":"error","marketId":"market123","message":"Failed to update market","service":"prediction-market-api","timestamp":"2026-02-09T03:52:22.070Z","updaterId":"user123","updates":{}}
{"closerId":"user123","error":"Market is not active and cannot be closed","level":"error","marketId":"market123","message":"Failed to close market","service":"prediction-market-api","timestamp":"2026-02-09T03:52:22.076Z"}
{"error":"Market ID and Outcome ID are required","level":"error","message":"Failed to execute trade","request":{"buyOrderId":"buy-order-1","buyerFee":0.12,"buyerId":"buyer-1","marketId":"","outcomeId":"outcome-1","price":0.6,"quantity":100,"sellOrderId":"sell-order-1","sellerFee":0.12,"sellerId":"seller-1","totalValue":60},"service":"prediction-market-api","timestamp":"2026-02-09T03:52:22.031Z"}
{"error":"Buyer ID and Seller ID are required","level":"error","message":"Failed to execute trade","request":{"buyOrderId":"buy-order-1","buyerFee":0.12,"buyerId":"","marketId":"market-1","outcomeId":"outcome-1","price":0.6,"quantity":100,"sellOrderId":"sell-order-1","sellerFee":0.12,"sellerId":"seller-1","totalValue":60},"service":"prediction-market-api","timestamp":"2026-02-09T03:52:22.059Z"}
{"error":"Quantity must be greater than 0","level":"error","message":"Failed to execute trade","request":{"buyOrderId":"buy-order-1","buyerFee":0.12,"buyerId":"buyer-1","marketId":"market-1","outcomeId":"outcome-1","price":0.6,"quantity":0,"sellOrderId":"sell-order-1","sellerFee":0.12,"sellerId":"seller-1","totalValue":60},"service":"prediction-market-api","timestamp":"2026-02-09T03:52:22.059Z"}
{"error":"Price must be between 0 and 1","level":"error","message":"Failed to execute trade","request":{"buyOrderId":"buy-order-1","buyerFee":0.12,"buyerId":"buyer-1","marketId":"market-1","outcomeId":"outcome-1","price":1.5,"quantity":100,"sellOrderId":"sell-order-1","sellerFee":0.12,"sellerId":"seller-1","totalValue":60},"service":"prediction-market-api","timestamp":"2026-02-09T03:52:22.060Z"}
{"error":"Total value must be greater than 0","level":"error","message":"Failed to execute trade","request":{"buyOrderId":"buy-order-1","buyerFee":0.12,"buyerId":"buyer-1","marketId":"market-1","outcomeId":"outcome-1","price":0.6,"quantity":100,"sellOrderId":"sell-order-1","sellerFee":0.12,"sellerId":"seller-1","totalValue":-10},"service":"prediction-market-api","timestamp":"2026-02-09T03:52:22.060Z"}
{"error":"Buyer not found","level":"error","message":"Failed to execute trade","request":{"buyOrderId":"buy-order-1","buyerFee":0.12,"buyerId":"buyer-1","marketId":"market-1","outcomeId":"outcome-1","price":0.6,"quantity":100,"sellOrderId":"sell-order-1","sellerFee":0.12,"sellerId":"seller-1","totalValue":60},"service":"prediction-market-api","timestamp":"2026-02-09T03:52:22.061Z"}
{"error":"Market is not active","level":"error","message":"Failed to execute trade","request":{"buyOrderId":"buy-order-1","buyerFee":0.12,"buyerId":"buyer-1","marketId":"market-1","outcomeId":"outcome-1","price":0.6,"quantity":100,"sellOrderId":"sell-order-1","sellerFee":0.12,"sellerId":"seller-1","totalValue":60},"service":"prediction-market-api","timestamp":"2026-02-09T03:52:22.061Z"}
{"error":"User not found","level":"error","message":"Failed to get user balance","service":"prediction-market-api","timestamp":"2026-02-09T03:52:22.065Z","userId":"non-existent"}
{"error":"Invalid or expired nonce","level":"error","message":"Wallet authentication failed","service":"prediction-market-api","timestamp":"2026-02-09T03:52:22.330Z","walletAddress":"0x861b33b2650ab1cfa9186065a0a600b600779b4b"}
{"error":"invalid raw signature length (argument=\"signature\", value=\"0x1234567890abcdef\", code=INVALID_ARGUMENT, version=6.16.0)","level":"error","message":"Wallet authentication failed","service":"prediction-market-api","timestamp":"2026-02-09T03:52:22.339Z","walletAddress":"0x861b33b2650ab1cfa9186065a0a600b600779b4b"}
{"error":"Invalid signature","level":"error","message":"Wallet authentication failed","service":"prediction-market-api","timestamp":"2026-02-09T03:52:22.355Z","walletAddress":"0x861b33b2650ab1cfa9186065a0a600b600779b4b"}
{"error":"invalid token","level":"error","message":"Token refresh failed","service":"prediction-market-api","timestamp":"2026-02-09T03:52:22.361Z"}
{"error":"Invalid refresh token","level":"error","message":"Token refresh failed","service":"prediction-market-api","timestamp":"2026-02-09T03:52:22.362Z"}
{"error":"Market not found","level":"error","marketId":"nonexistent","message":"Failed to update market","service":"prediction-market-api","timestamp":"2026-02-09T03:53:47.999Z","updaterId":"user123","updates":{}}
{"error":"Cannot update resolved market","level":"error","marketId":"market123","message":"Failed to update market","service":"prediction-market-api","timestamp":"2026-02-09T03:53:47.999Z","updaterId":"user123","updates":{}}
{"closerId":"user123","error":"Market is not active and cannot be closed","level":"error","marketId":"market123","message":"Failed to close market","service":"prediction-market-api","timestamp":"2026-02-09T03:53:48.002Z"}
{"error":"Market ID and Outcome ID are required","level":"error","message":"Failed to execute trade","request":{"buyOrderId":"buy-order-1","buyerFee":0.12,"buyerId":"buyer-1","marketId":"","outcomeId":"outcome-1","price":0.6,"quantity":100,"sellOrderId":"sell-order-1","sellerFee":0.12,"sellerId":"seller-1","totalValue":60},"service":"prediction-market-api","timestamp":"2026-02-09T03:53:47.997Z"}
{"error":"Buyer ID and Seller ID are required","level":"error","message":"Failed to execute trade","request":{"buyOrderId":"buy-order-1","buyerFee":0.12,"buyerId":"","marketId":"market-1","outcomeId":"outcome-1","price":0.6,"quantity":100,"sellOrderId":"sell-order-1","sellerFee":0.12,"sellerId":"seller-1","totalValue":60},"service":"prediction-market-api","timestamp":"2026-02-09T03:53:48.020Z"}
{"error":"Quantity must be greater than 0","level":"error","message":"Failed to execute trade","request":{"buyOrderId":"buy-order-1","buyerFee":0.12,"buyerId":"buyer-1","marketId":"market-1","outcomeId":"outcome-1","price":0.6,"quantity":0,"sellOrderId":"sell-order-1","sellerFee":0.12,"sellerId":"seller-1","totalValue":60},"service":"prediction-market-api","timestamp":"2026-02-09T03:53:48.021Z"}
{"error":"Price must be between 0 and 1","level":"error","message":"Failed to execute trade","request":{"buyOrderId":"buy-order-1","buyerFee":0.12,"buyerId":"buyer-1","marketId":"market-1","outcomeId":"outcome-1","price":1.5,"quantity":100,"sellOrderId":"sell-order-1","sellerFee":0.12,"sellerId":"seller-1","totalValue":60},"service":"prediction-market-api","timestamp":"2026-02-09T03:53:48.021Z"}
{"error":"Total value must be greater than 0","level":"error","message":"Failed to execute trade","request":{"buyOrderId":"buy-order-1","buyerFee":0.12,"buyerId":"buyer-1","marketId":"market-1","outcomeId":"outcome-1","price":0.6,"quantity":100,"sellOrderId":"sell-order-1","sellerFee":0.12,"sellerId":"seller-1","totalValue":-10},"service":"prediction-market-api","timestamp":"2026-02-09T03:53:48.021Z"}
{"error":"Buyer not found","level":"error","message":"Failed to execute trade","request":{"buyOrderId":"buy-order-1","buyerFee":0.12,"buyerId":"buyer-1","marketId":"market-1","outcomeId":"outcome-1","price":0.6,"quantity":100,"sellOrderId":"sell-order-1","sellerFee":0.12,"sellerId":"seller-1","totalValue":60},"service":"prediction-market-api","timestamp":"2026-02-09T03:53:48.022Z"}
{"error":"Market is not active","level":"error","message":"Failed to execute trade","request":{"buyOrderId":"buy-order-1","buyerFee":0.12,"buyerId":"buyer-1","marketId":"market-1","outcomeId":"outcome-1","price":0.6,"quantity":100,"sellOrderId":"sell-order-1","sellerFee":0.12,"sellerId":"seller-1","totalValue":60},"service":"prediction-market-api","timestamp":"2026-02-09T03:53:48.026Z"}
{"error":"User not found","level":"error","message":"Failed to get user balance","service":"prediction-market-api","timestamp":"2026-02-09T03:53:48.029Z","userId":"non-existent"}
{"error":"User ID is required","level":"error","message":"Failed to place order","request":{"marketId":"market-1","orderType":"LIMIT","outcomeId":"outcome-1","price":0.6,"quantity":100,"type":"BUY"},"service":"prediction-market-api","timestamp":"2026-02-09T03:53:48.121Z"}
{"error":"Order type must be BUY or SELL","level":"error","message":"Failed to place order","request":{"marketId":"market-1","orderType":"LIMIT","outcomeId":"outcome-1","price":0.6,"quantity":100,"type":"INVALID","userId":"user-1"},"service":"prediction-market-api","timestamp":"2026-02-09T03:53:48.138Z"}
{"error":"Quantity must be greater than 0","level":"error","message":"Failed to place order","request":{"marketId":"market-1","orderType":"LIMIT","outcomeId":"outcome-1","price":0.6,"quantity":0,"type":"BUY","userId":"user-1"},"service":"prediction-market-api","timestamp":"2026-02-09T03:53:48.139Z"}
{"error":"Price must be between 0.01 and 0.99","level":"error","message":"Failed to place order","request":{"marketId":"market-1","orderType":"LIMIT","outcomeId":"outcome-1","price":1.5,"quantity":100,"type":"BUY","userId":"user-1"},"service":"prediction-market-api","timestamp":"2026-02-09T03:53:48.139Z"}
{"error":"Unauthorized to cancel this order","level":"error","message":"Failed to cancel order","orderId":"order-1","service":"prediction-market-api","timestamp":"2026-02-09T03:53:48.141Z","userId":"user-2"}
{"error":"Order cannot be cancelled","level":"error","message":"Failed to cancel order","orderId":"order-1","service":"prediction-market-api","timestamp":"2026-02-09T03:53:48.141Z","userId":"user-1"}
{"error":"Order not found","level":"error","message":"Failed to cancel order","orderId":"non-existent","service":"prediction-market-api","timestamp":"2026-02-09T03:53:48.142Z","userId":"user-1"}
{"error":"Invalid or expired nonce","level":"error","message":"Wallet authentication failed","service":"prediction-market-api","timestamp":"2026-02-09T03:53:48.124Z","walletAddress":"0xc1cb66016d6f022c838c4e202f6f8fdc8ae16183"}
{"error":"invalid raw signature length (argument=\"signature\", value=\"0x1234567890abcdef\", code=INVALID_ARGUMENT, version=6.16.0)","level":"error","message":"Wallet authentication failed","service":"prediction-market-api","timestamp":"2026-02-09T03:53:48.132Z","walletAddress":"0xc1cb66016d6f022c838c4e202f6f8fdc8ae16183"}
{"error":"Invalid signature","level":"error","message":"Wallet authentication failed","service":"prediction-market-api","timestamp":"2026-02-09T03:53:48.157Z","walletAddress":"0xc1cb66016d6f022c838c4e202f6f8fdc8ae16183"}
{"error":"invalid token","level":"error","message":"Token refresh failed","service":"prediction-market-api","timestamp":"2026-02-09T03:53:48.164Z"}
{"error":"Invalid refresh token","level":"error","message":"Token refresh failed","service":"prediction-market-api","timestamp":"2026-02-09T03:53:48.166Z"}
{"error":"Market ID and Outcome ID are required","level":"error","message":"Failed to execute trade","request":{"buyOrderId":"buy-order-1","buyerFee":0.12,"buyerId":"buyer-1","marketId":"","outcomeId":"outcome-1","price":0.6,"quantity":100,"sellOrderId":"sell-order-1","sellerFee":0.12,"sellerId":"seller-1","totalValue":60},"service":"prediction-market-api","timestamp":"2026-02-09T09:08:43.225Z"}
{"error":"Buyer ID and Seller ID are required","level":"error","message":"Failed to execute trade","request":{"buyOrderId":"buy-order-1","buyerFee":0.12,"buyerId":"","marketId":"market-1","outcomeId":"outcome-1","price":0.6,"quantity":100,"sellOrderId":"sell-order-1","sellerFee":0.12,"sellerId":"seller-1","totalValue":60},"service":"prediction-market-api","timestamp":"2026-02-09T09:08:43.245Z"}
{"error":"Quantity must be greater than 0","level":"error","message":"Failed to execute trade","request":{"buyOrderId":"buy-order-1","buyerFee":0.12,"buyerId":"buyer-1","marketId":"market-1","outcomeId":"outcome-1","price":0.6,"quantity":0,"sellOrderId":"sell-order-1","sellerFee":0.12,"sellerId":"seller-1","totalValue":60},"service":"prediction-market-api","timestamp":"2026-02-09T09:08:43.245Z"}
{"error":"Price must be between 0 and 1","level":"error","message":"Failed to execute trade","request":{"buyOrderId":"buy-order-1","buyerFee":0.12,"buyerId":"buyer-1","marketId":"market-1","outcomeId":"outcome-1","price":1.5,"quantity":100,"sellOrderId":"sell-order-1","sellerFee":0.12,"sellerId":"seller-1","totalValue":60},"service":"prediction-market-api","timestamp":"2026-02-09T09:08:43.246Z"}
{"error":"Total value must be greater than 0","level":"error","message":"Failed to execute trade","request":{"buyOrderId":"buy-order-1","buyerFee":0.12,"buyerId":"buyer-1","marketId":"market-1","outcomeId":"outcome-1","price":0.6,"quantity":100,"sellOrderId":"sell-order-1","sellerFee":0.12,"sellerId":"seller-1","totalValue":-10},"service":"prediction-market-api","timestamp":"2026-02-09T09:08:43.246Z"}
{"error":"Buyer not found","level":"error","message":"Failed to execute trade","request":{"buyOrderId":"buy-order-1","buyerFee":0.12,"buyerId":"buyer-1","marketId":"market-1","outcomeId":"outcome-1","price":0.6,"quantity":100,"sellOrderId":"sell-order-1","sellerFee":0.12,"sellerId":"seller-1","totalValue":60},"service":"prediction-market-api","timestamp":"2026-02-09T09:08:43.247Z"}
{"error":"Market is not active","level":"error","message":"Failed to execute trade","request":{"buyOrderId":"buy-order-1","buyerFee":0.12,"buyerId":"buyer-1","marketId":"market-1","outcomeId":"outcome-1","price":0.6,"quantity":100,"sellOrderId":"sell-order-1","sellerFee":0.12,"sellerId":"seller-1","totalValue":60},"service":"prediction-market-api","timestamp":"2026-02-09T09:08:43.248Z"}
{"error":"User not found","level":"error","message":"Failed to get user balance","service":"prediction-market-api","timestamp":"2026-02-09T09:08:43.253Z","userId":"non-existent"}
{"error":"Invalid or expired nonce","level":"error","message":"Wallet authentication failed","service":"prediction-market-api","timestamp":"2026-02-09T09:08:43.795Z","walletAddress":"0xc0594fa556dcca96b4a252dce3b87a3e4d3e83b4"}
{"error":"invalid raw signature length (argument=\"signature\", value=\"0x1234567890abcdef\", code=INVALID_ARGUMENT, version=6.16.0)","level":"error","message":"Wallet authentication failed","service":"prediction-market-api","timestamp":"2026-02-09T09:08:43.804Z","walletAddress":"0xc0594fa556dcca96b4a252dce3b87a3e4d3e83b4"}
{"error":"Invalid signature","level":"error","message":"Wallet authentication failed","service":"prediction-market-api","timestamp":"2026-02-09T09:08:43.818Z","walletAddress":"0xc0594fa556dcca96b4a252dce3b87a3e4d3e83b4"}
{"error":"invalid token","level":"error","message":"Token refresh failed","service":"prediction-market-api","timestamp":"2026-02-09T09:08:43.827Z"}
{"error":"Invalid refresh token","level":"error","message":"Token refresh failed","service":"prediction-market-api","timestamp":"2026-02-09T09:08:43.828Z"}
{"error":"Invalid or expired nonce","level":"error","message":"Wallet authentication failed","service":"prediction-market-api","timestamp":"2026-02-09T09:16:07.763Z","walletAddress":"0x47e889cef6791f2a55487bf42cd8c1536188a7e4"}
{"error":"invalid raw signature length (argument=\"signature\", value=\"0x1234567890abcdef\", code=INVALID_ARGUMENT, version=6.16.0)","level":"error","message":"Wallet authentication failed","service":"prediction-market-api","timestamp":"2026-02-09T09:16:07.786Z","walletAddress":"0x47e889cef6791f2a55487bf42cd8c1536188a7e4"}
{"error":"Invalid signature","level":"error","message":"Wallet authentication failed","service":"prediction-market-api","timestamp":"2026-02-09T09:16:07.823Z","walletAddress":"0x47e889cef6791f2a55487bf42cd8c1536188a7e4"}
{"error":"invalid token","level":"error","message":"Token refresh failed","service":"prediction-market-api","timestamp":"2026-02-09T09:16:07.832Z"}
{"error":"Invalid refresh token","level":"error","message":"Token refresh failed","service":"prediction-market-api","timestamp":"2026-02-09T09:16:07.836Z"}
{"error":"User ID is required","level":"error","message":"Failed to place order","request":{"marketId":"market-1","orderType":"LIMIT","outcomeId":"outcome-1","price":0.6,"quantity":100,"type":"BUY"},"service":"prediction-market-api","timestamp":"2026-02-09T09:16:08.365Z"}
{"error":"Order type must be BUY or SELL","level":"error","message":"Failed to place order","request":{"marketId":"market-1","orderType":"LIMIT","outcomeId":"outcome-1","price":0.6,"quantity":100,"type":"INVALID","userId":"user-1"},"service":"prediction-market-api","timestamp":"2026-02-09T09:16:08.388Z"}
{"error":"Quantity must be greater than 0","level":"error","message":"Failed to place order","request":{"marketId":"market-1","orderType":"LIMIT","outcomeId":"outcome-1","price":0.6,"quantity":0,"type":"BUY","userId":"user-1"},"service":"prediction-market-api","timestamp":"2026-02-09T09:16:08.389Z"}
{"error":"Price must be between 0.01 and 0.99","level":"error","message":"Failed to place order","request":{"marketId":"market-1","orderType":"LIMIT","outcomeId":"outcome-1","price":1.5,"quantity":100,"type":"BUY","userId":"user-1"},"service":"prediction-market-api","timestamp":"2026-02-09T09:16:08.389Z"}
{"error":"Unauthorized to cancel this order","level":"error","message":"Failed to cancel order","orderId":"order-1","service":"prediction-market-api","timestamp":"2026-02-09T09:16:08.391Z","userId":"user-2"}
{"error":"Order cannot be cancelled","level":"error","message":"Failed to cancel order","orderId":"order-1","service":"prediction-market-api","timestamp":"2026-02-09T09:16:08.392Z","userId":"user-1"}
{"error":"Order not found","level":"error","message":"Failed to cancel order","orderId":"non-existent","service":"prediction-market-api","timestamp":"2026-02-09T09:16:08.392Z","userId":"user-1"}
{"error":"Market not found","level":"error","marketId":"nonexistent","message":"Failed to update market","service":"prediction-market-api","timestamp":"2026-02-09T09:16:08.724Z","updaterId":"user123","updates":{}}
{"error":"Cannot update resolved market","level":"error","marketId":"market123","message":"Failed to update market","service":"prediction-market-api","timestamp":"2026-02-09T09:16:08.725Z","updaterId":"user123","updates":{}}
{"closerId":"user123","error":"Market is not active and cannot be closed","level":"error","marketId":"market123","message":"Failed to close market","service":"prediction-market-api","timestamp":"2026-02-09T09:16:08.727Z"}
{"error":"Market ID and Outcome ID are required","level":"error","message":"Failed to execute trade","request":{"buyOrderId":"buy-order-1","buyerFee":0.12,"buyerId":"buyer-1","marketId":"","outcomeId":"outcome-1","price":0.6,"quantity":100,"sellOrderId":"sell-order-1","sellerFee":0.12,"sellerId":"seller-1","totalValue":60},"service":"prediction-market-api","timestamp":"2026-02-09T09:16:08.731Z"}
{"error":"Buyer ID and Seller ID are required","level":"error","message":"Failed to execute trade","request":{"buyOrderId":"buy-order-1","buyerFee":0.12,"buyerId":"","marketId":"market-1","outcomeId":"outcome-1","price":0.6,"quantity":100,"sellOrderId":"sell-order-1","sellerFee":0.12,"sellerId":"seller-1","totalValue":60},"service":"prediction-market-api","timestamp":"2026-02-09T09:16:08.753Z"}
{"error":"Quantity must be greater than 0","level":"error","message":"Failed to execute trade","request":{"buyOrderId":"buy-order-1","buyerFee":0.12,"buyerId":"buyer-1","marketId":"market-1","outcomeId":"outcome-1","price":0.6,"quantity":0,"sellOrderId":"sell-order-1","sellerFee":0.12,"sellerId":"seller-1","totalValue":60},"service":"prediction-market-api","timestamp":"2026-02-09T09:16:08.754Z"}
{"error":"Price must be between 0 and 1","level":"error","message":"Failed to execute trade","request":{"buyOrderId":"buy-order-1","buyerFee":0.12,"buyerId":"buyer-1","marketId":"market-1","outcomeId":"outcome-1","price":1.5,"quantity":100,"sellOrderId":"sell-order-1","sellerFee":0.12,"sellerId":"seller-1","totalValue":60},"service":"prediction-market-api","timestamp":"2026-02-09T09:16:08.755Z"}
{"error":"Total value must be greater than 0","level":"error","message":"Failed to execute trade","request":{"buyOrderId":"buy-order-1","buyerFee":0.12,"buyerId":"buyer-1","marketId":"market-1","outcomeId":"outcome-1","price":0.6,"quantity":100,"sellOrderId":"sell-order-1","sellerFee":0.12,"sellerId":"seller-1","totalValue":-10},"service":"prediction-market-api","timestamp":"2026-02-09T09:16:08.755Z"}
{"error":"Buyer not found","level":"error","message":"Failed to execute trade","request":{"buyOrderId":"buy-order-1","buyerFee":0.12,"buyerId":"buyer-1","marketId":"market-1","outcomeId":"outcome-1","price":0.6,"quantity":100,"sellOrderId":"sell-order-1","sellerFee":0.12,"sellerId":"seller-1","totalValue":60},"service":"prediction-market-api","timestamp":"2026-02-09T09:16:08.756Z"}
{"error":"Market is not active","level":"error","message":"Failed to execute trade","request":{"buyOrderId":"buy-order-1","buyerFee":0.12,"buyerId":"buyer-1","marketId":"market-1","outcomeId":"outcome-1","price":0.6,"quantity":100,"sellOrderId":"sell-order-1","sellerFee":0.12,"sellerId":"seller-1","totalValue":60},"service":"prediction-market-api","timestamp":"2026-02-09T09:16:08.757Z"}
{"error":"User not found","level":"error","message":"Failed to get user balance","service":"prediction-market-api","timestamp":"2026-02-09T09:16:08.762Z","userId":"non-existent"}
{"error":"Invalid or expired nonce","level":"error","message":"Wallet authentication failed","service":"prediction-market-api","timestamp":"2026-02-09T14:45:49.965Z","walletAddress":"0x77bd52f9d63dd24f938dc601cab711babb5439ed"}
{"error":"Market not found","level":"error","marketId":"nonexistent","message":"Failed to update market","service":"prediction-market-api","timestamp":"2026-02-09T14:45:50.245Z","updaterId":"user123","updates":{}}
{"error":"Cannot update resolved market","level":"error","marketId":"market123","message":"Failed to update market","service":"prediction-market-api","timestamp":"2026-02-09T14:45:50.246Z","updaterId":"user123","updates":{}}
{"closerId":"user123","error":"Market is not active and cannot be closed","level":"error","marketId":"market123","message":"Failed to close market","service":"prediction-market-api","timestamp":"2026-02-09T14:45:50.249Z"}
{"error":"Market ID and Outcome ID are required","level":"error","message":"Failed to execute trade","request":{"buyOrderId":"buy-order-1","buyerFee":0.12,"buyerId":"buyer-1","marketId":"","outcomeId":"outcome-1","price":0.6,"quantity":100,"sellOrderId":"sell-order-1","sellerFee":0.12,"sellerId":"seller-1","totalValue":60},"service":"prediction-market-api","timestamp":"2026-02-09T14:45:50.242Z"}
{"error":"Buyer ID and Seller ID are required","level":"error","message":"Failed to execute trade","request":{"buyOrderId":"buy-order-1","buyerFee":0.12,"buyerId":"","marketId":"market-1","outcomeId":"outcome-1","price":0.6,"quantity":100,"sellOrderId":"sell-order-1","sellerFee":0.12,"sellerId":"seller-1","totalValue":60},"service":"prediction-market-api","timestamp":"2026-02-09T14:45:50.268Z"}
{"error":"Quantity must be greater than 0","level":"error","message":"Failed to execute trade","request":{"buyOrderId":"buy-order-1","buyerFee":0.12,"buyerId":"buyer-1","marketId":"market-1","outcomeId":"outcome-1","price":0.6,"quantity":0,"sellOrderId":"sell-order-1","sellerFee":0.12,"sellerId":"seller-1","totalValue":60},"service":"prediction-market-api","timestamp":"2026-02-09T14:45:50.268Z"}
{"error":"Price must be between 0 and 1","level":"error","message":"Failed to execute trade","request":{"buyOrderId":"buy-order-1","buyerFee":0.12,"buyerId":"buyer-1","marketId":"market-1","outcomeId":"outcome-1","price":1.5,"quantity":100,"sellOrderId":"sell-order-1","sellerFee":0.12,"sellerId":"seller-1","totalValue":60},"service":"prediction-market-api","timestamp":"2026-02-09T14:45:50.269Z"}
{"error":"Total value must be greater than 0","level":"error","message":"Failed to execute trade","request":{"buyOrderId":"buy-order-1","buyerFee":0.12,"buyerId":"buyer-1","marketId":"market-1","outcomeId":"outcome-1","price":0.6,"quantity":100,"sellOrderId":"sell-order-1","sellerFee":0.12,"sellerId":"seller-1","totalValue":-10},"service":"prediction-market-api","timestamp":"2026-02-09T14:45:50.270Z"}
{"error":"Buyer not found","level":"error","message":"Failed to execute trade","request":{"buyOrderId":"buy-order-1","buyerFee":0.12,"buyerId":"buyer-1","marketId":"market-1","outcomeId":"outcome-1","price":0.6,"quantity":100,"sellOrderId":"sell-order-1","sellerFee":0.12,"sellerId":"seller-1","totalValue":60},"service":"prediction-market-api","timestamp":"2026-02-09T14:45:50.270Z"}
{"error":"Market is not active","level":"error","message":"Failed to execute trade","request":{"buyOrderId":"buy-order-1","buyerFee":0.12,"buyerId":"buyer-1","marketId":"market-1","outcomeId":"outcome-1","price":0.6,"quantity":100,"sellOrderId":"sell-order-1","sellerFee":0.12,"sellerId":"seller-1","totalValue":60},"service":"prediction-market-api","timestamp":"2026-02-09T14:45:50.278Z"}
{"error":"User not found","level":"error","message":"Failed to get user balance","service":"prediction-market-api","timestamp":"2026-02-09T14:45:50.282Z","userId":"non-existent"}
{"error":"User ID is required","level":"error","message":"Failed to place order","request":{"marketId":"market-1","orderType":"LIMIT","outcomeId":"outcome-1","price":0.6,"quantity":100,"type":"BUY"},"service":"prediction-market-api","timestamp":"2026-02-09T14:45:50.212Z"}
{"error":"Order type must be BUY or SELL","level":"error","message":"Failed to place order","request":{"marketId":"market-1","orderType":"LIMIT","outcomeId":"outcome-1","price":0.6,"quantity":100,"type":"INVALID","userId":"user-1"},"service":"prediction-market-api","timestamp":"2026-02-09T14:45:50.266Z"}
{"error":"Quantity must be greater than 0","level":"error","message":"Failed to place order","request":{"marketId":"market-1","orderType":"LIMIT","outcomeId":"outcome-1","price":0.6,"quantity":0,"type":"BUY","userId":"user-1"},"service":"prediction-market-api","timestamp":"2026-02-09T14:45:50.267Z"}
{"error":"Price must be between 0.01 and 0.99","level":"error","message":"Failed to place order","request":{"marketId":"market-1","orderType":"LIMIT","outcomeId":"outcome-1","price":1.5,"quantity":100,"type":"BUY","userId":"user-1"},"service":"prediction-market-api","timestamp":"2026-02-09T14:45:50.267Z"}
{"error":"Unauthorized to cancel this order","level":"error","message":"Failed to cancel order","orderId":"order-1","service":"prediction-market-api","timestamp":"2026-02-09T14:45:50.277Z","userId":"user-2"}
{"error":"Order cannot be cancelled","level":"error","message":"Failed to cancel order","orderId":"order-1","service":"prediction-market-api","timestamp":"2026-02-09T14:45:50.278Z","userId":"user-1"}
{"error":"Order not found","level":"error","message":"Failed to cancel order","orderId":"non-existent","service":"prediction-market-api","timestamp":"2026-02-09T14:45:50.279Z","userId":"user-1"}
{"error":"invalid raw signature length (argument=\"signature\", value=\"0x1234567890abcdef\", code=INVALID_ARGUMENT, version=6.16.0)","level":"error","message":"Wallet authentication failed","service":"prediction-market-api","timestamp":"2026-02-09T14:45:49.980Z","walletAddress":"0x77bd52f9d63dd24f938dc601cab711babb5439ed"}
{"error":"Invalid signature","level":"error","message":"Wallet authentication failed","service":"prediction-market-api","timestamp":"2026-02-09T14:45:49.994Z","walletAddress":"0x77bd52f9d63dd24f938dc601cab711babb5439ed"}
{"error":"invalid token","level":"error","message":"Token refresh failed","service":"prediction-market-api","timestamp":"2026-02-09T14:45:50.003Z"}
{"error":"Invalid refresh token","level":"error","message":"Token refresh failed","service":"prediction-market-api","timestamp":"2026-02-09T14:45:50.004Z"}
{"error":"Market ID and Outcome ID are required","level":"error","message":"Failed to execute trade","request":{"buyOrderId":"buy-order-1","buyerFee":0.12,"buyerId":"buyer-1","marketId":"","outcomeId":"outcome-1","price":0.6,"quantity":100,"sellOrderId":"sell-order-1","sellerFee":0.12,"sellerId":"seller-1","totalValue":60},"service":"prediction-market-api","timestamp":"2026-02-09T14:53:24.306Z"}
{"error":"Buyer ID and Seller ID are required","level":"error","message":"Failed to execute trade","request":{"buyOrderId":"buy-order-1","buyerFee":0.12,"buyerId":"","marketId":"market-1","outcomeId":"outcome-1","price":0.6,"quantity":100,"sellOrderId":"sell-order-1","sellerFee":0.12,"sellerId":"seller-1","totalValue":60},"service":"prediction-market-api","timestamp":"2026-02-09T14:53:24.324Z"}
{"error":"Quantity must be greater than 0","level":"error","message":"Failed to execute trade","request":{"buyOrderId":"buy-order-1","buyerFee":0.12,"buyerId":"buyer-1","marketId":"market-1","outcomeId":"outcome-1","price":0.6,"quantity":0,"sellOrderId":"sell-order-1","sellerFee":0.12,"sellerId":"seller-1","totalValue":60},"service":"prediction-market-api","timestamp":"2026-02-09T14:53:24.326Z"}
{"error":"Price must be between 0 and 1","level":"error","message":"Failed to execute trade","request":{"buyOrderId":"buy-order-1","buyerFee":0.12,"buyerId":"buyer-1","marketId":"market-1","outcomeId":"outcome-1","price":1.5,"quantity":100,"sellOrderId":"sell-order-1","sellerFee":0.12,"sellerId":"seller-1","totalValue":60},"service":"prediction-market-api","timestamp":"2026-02-09T14:53:24.328Z"}
{"error":"Total value must be greater than 0","level":"error","message":"Failed to execute trade","request":{"buyOrderId":"buy-order-1","buyerFee":0.12,"buyerId":"buyer-1","marketId":"market-1","outcomeId":"outcome-1","price":0.6,"quantity":100,"sellOrderId":"sell-order-1","sellerFee":0.12,"sellerId":"seller-1","totalValue":-10},"service":"prediction-market-api","timestamp":"2026-02-09T14:53:24.331Z"}
{"error":"Buyer not found","level":"error","message":"Failed to execute trade","request":{"buyOrderId":"buy-order-1","buyerFee":0.12,"buyerId":"buyer-1","marketId":"market-1","outcomeId":"outcome-1","price":0.6,"quantity":100,"sellOrderId":"sell-order-1","sellerFee":0.12,"sellerId":"seller-1","totalValue":60},"service":"prediction-market-api","timestamp":"2026-02-09T14:53:24.339Z"}
{"error":"Market is not active","level":"error","message":"Failed to execute trade","request":{"buyOrderId":"buy-order-1","buyerFee":0.12,"buyerId":"buyer-1","marketId":"market-1","outcomeId":"outcome-1","price":0.6,"quantity":100,"sellOrderId":"sell-order-1","sellerFee":0.12,"sellerId":"seller-1","totalValue":60},"service":"prediction-market-api","timestamp":"2026-02-09T14:53:24.341Z"}
{"error":"User not found","level":"error","message":"Failed to get user balance","service":"prediction-market-api","timestamp":"2026-02-09T14:53:24.346Z","userId":"non-existent"}
{"error":"User ID is required","level":"error","message":"Failed to place order","request":{"marketId":"market-1","orderType":"LIMIT","outcomeId":"outcome-1","price":0.6,"quantity":100,"type":"BUY"},"service":"prediction-market-api","timestamp":"2026-02-09T14:53:25.021Z"}
{"error":"Order type must be BUY or SELL","level":"error","message":"Failed to place order","request":{"marketId":"market-1","orderType":"LIMIT","outcomeId":"outcome-1","price":0.6,"quantity":100,"type":"INVALID","userId":"user-1"},"service":"prediction-market-api","timestamp":"2026-02-09T14:53:25.029Z"}
{"error":"Quantity must be greater than 0","level":"error","message":"Failed to place order","request":{"marketId":"market-1","orderType":"LIMIT","outcomeId":"outcome-1","price":0.6,"quantity":0,"type":"BUY","userId":"user-1"},"service":"prediction-market-api","timestamp":"2026-02-09T14:53:25.030Z"}
{"error":"Price must be between 0.01 and 0.99","level":"error","message":"Failed to place order","request":{"marketId":"market-1","orderType":"LIMIT","outcomeId":"outcome-1","price":1.5,"quantity":100,"type":"BUY","userId":"user-1"},"service":"prediction-market-api","timestamp":"2026-02-09T14:53:25.031Z"}
{"error":"Unauthorized to cancel this order","level":"error","message":"Failed to cancel order","orderId":"order-1","service":"prediction-market-api","timestamp":"2026-02-09T14:53:25.036Z","userId":"user-2"}
{"error":"Order cannot be cancelled","level":"error","message":"Failed to cancel order","orderId":"order-1","service":"prediction-market-api","timestamp":"2026-02-09T14:53:25.037Z","userId":"user-1"}
{"error":"Order not found","level":"error","message":"Failed to cancel order","orderId":"non-existent","service":"prediction-market-api","timestamp":"2026-02-09T14:53:25.039Z","userId":"user-1"}
{"error":"Market not found","level":"error","marketId":"nonexistent","message":"Failed to update market","service":"prediction-market-api","timestamp":"2026-02-09T14:53:25.243Z","updaterId":"user123","updates":{}}
{"error":"Cannot update resolved market","level":"error","marketId":"market123","message":"Failed to update market","service":"prediction-market-api","timestamp":"2026-02-09T14:53:25.244Z","updaterId":"user123","updates":{}}
{"closerId":"user123","error":"Market is not active and cannot be closed","level":"error","marketId":"market123","message":"Failed to close market","service":"prediction-market-api","timestamp":"2026-02-09T14:53:25.246Z"}
{"error":"Invalid or expired nonce","level":"error","message":"Wallet authentication failed","service":"prediction-market-api","timestamp":"2026-02-09T14:53:26.114Z","walletAddress":"0x15fa6a0331d7dab6614315ad76e852fde7d02705"}
{"error":"invalid raw signature length (argument=\"signature\", value=\"0x1234567890abcdef\", code=INVALID_ARGUMENT, version=6.16.0)","level":"error","message":"Wallet authentication failed","service":"prediction-market-api","timestamp":"2026-02-09T14:53:26.120Z","walletAddress":"0x15fa6a0331d7dab6614315ad76e852fde7d02705"}
{"error":"Invalid signature","level":"error","message":"Wallet authentication failed","service":"prediction-market-api","timestamp":"2026-02-09T14:53:26.135Z","walletAddress":"0x15fa6a0331d7dab6614315ad76e852fde7d02705"}
{"error":"invalid token","level":"error","message":"Token refresh failed","service":"prediction-market-api","timestamp":"2026-02-09T14:53:26.145Z"}
{"error":"Invalid refresh token","level":"error","message":"Token refresh failed","service":"prediction-market-api","timestamp":"2026-02-09T14:53:26.147Z"}
{"error":"Invalid or expired nonce","level":"error","message":"Wallet authentication failed","service":"prediction-market-api","timestamp":"2026-02-09T14:54:17.202Z","walletAddress":"0x68124f582cdd1486f4b2940f4ccadc69ebb5e99c"}
{"error":"invalid raw signature length (argument=\"signature\", value=\"0x1234567890abcdef\", code=INVALID_ARGUMENT, version=6.16.0)","level":"error","message":"Wallet authentication failed","service":"prediction-market-api","timestamp":"2026-02-09T14:54:17.224Z","walletAddress":"0x68124f582cdd1486f4b2940f4ccadc69ebb5e99c"}
{"error":"Invalid signature","level":"error","message":"Wallet authentication failed","service":"prediction-market-api","timestamp":"2026-02-09T14:54:17.254Z","walletAddress":"0x68124f582cdd1486f4b2940f4ccadc69ebb5e99c"}
{"error":"invalid token","level":"error","message":"Token refresh failed","service":"prediction-market-api","timestamp":"2026-02-09T14:54:17.261Z"}
{"error":"Invalid refresh token","level":"error","message":"Token refresh failed","service":"prediction-market-api","timestamp":"2026-02-09T14:54:17.263Z"}
{"error":"User ID is required","level":"error","message":"Failed to place order","request":{"marketId":"market-1","orderType":"LIMIT","outcomeId":"outcome-1","price":0.6,"quantity":100,"type":"BUY"},"service":"prediction-market-api","timestamp":"2026-02-09T14:54:18.094Z"}
{"error":"Order type must be BUY or SELL","level":"error","message":"Failed to place order","request":{"marketId":"market-1","orderType":"LIMIT","outcomeId":"outcome-1","price":0.6,"quantity":100,"type":"INVALID","userId":"user-1"},"service":"prediction-market-api","timestamp":"2026-02-09T14:54:18.108Z"}
{"error":"Quantity must be greater than 0","level":"error","message":"Failed to place order","request":{"marketId":"market-1","orderType":"LIMIT","outcomeId":"outcome-1","price":0.6,"quantity":0,"type":"BUY","userId":"user-1"},"service":"prediction-market-api","timestamp":"2026-02-09T14:54:18.108Z"}
{"error":"Price must be between 0.01 and 0.99","level":"error","message":"Failed to place order","request":{"marketId":"market-1","orderType":"LIMIT","outcomeId":"outcome-1","price":1.5,"quantity":100,"type":"BUY","userId":"user-1"},"service":"prediction-market-api","timestamp":"2026-02-09T14:54:18.108Z"}
{"error":"Unauthorized to cancel this order","level":"error","message":"Failed to cancel order","orderId":"order-1","service":"prediction-market-api","timestamp":"2026-02-09T14:54:18.110Z","userId":"user-2"}
{"error":"Order cannot be cancelled","level":"error","message":"Failed to cancel order","orderId":"order-1","service":"prediction-market-api","timestamp":"2026-02-09T14:54:18.111Z","userId":"user-1"}
{"error":"Order not found","level":"error","message":"Failed to cancel order","orderId":"non-existent","service":"prediction-market-api","timestamp":"2026-02-09T14:54:18.111Z","userId":"user-1"}
{"error":"Market ID and Outcome ID are required","level":"error","message":"Failed to execute trade","request":{"buyOrderId":"buy-order-1","buyerFee":0.12,"buyerId":"buyer-1","marketId":"","outcomeId":"outcome-1","price":0.6,"quantity":100,"sellOrderId":"sell-order-1","sellerFee":0.12,"sellerId":"seller-1","totalValue":60},"service":"prediction-market-api","timestamp":"2026-02-09T14:54:18.109Z"}
{"error":"Buyer ID and Seller ID are required","level":"error","message":"Failed to execute trade","request":{"buyOrderId":"buy-order-1","buyerFee":0.12,"buyerId":"","marketId":"market-1","outcomeId":"outcome-1","price":0.6,"quantity":100,"sellOrderId":"sell-order-1","sellerFee":0.12,"sellerId":"seller-1","totalValue":60},"service":"prediction-market-api","timestamp":"2026-02-09T14:54:18.123Z"}
{"error":"Quantity must be greater than 0","level":"error","message":"Failed to execute trade","request":{"buyOrderId":"buy-order-1","buyerFee":0.12,"buyerId":"buyer-1","marketId":"market-1","outcomeId":"outcome-1","price":0.6,"quantity":0,"sellOrderId":"sell-order-1","sellerFee":0.12,"sellerId":"seller-1","totalValue":60},"service":"prediction-market-api","timestamp":"2026-02-09T14:54:18.123Z"}
{"error":"Price must be between 0 and 1","level":"error","message":"Failed to execute trade","request":{"buyOrderId":"buy-order-1","buyerFee":0.12,"buyerId":"buyer-1","marketId":"market-1","outcomeId":"outcome-1","price":1.5,"quantity":100,"sellOrderId":"sell-order-1","sellerFee":0.12,"sellerId":"seller-1","totalValue":60},"service":"prediction-market-api","timestamp":"2026-02-09T14:54:18.124Z"}
{"error":"Total value must be greater than 0","level":"error","message":"Failed to execute trade","request":{"buyOrderId":"buy-order-1","buyerFee":0.12,"buyerId":"buyer-1","marketId":"market-1","outcomeId":"outcome-1","price":0.6,"quantity":100,"sellOrderId":"sell-order-1","sellerFee":0.12,"sellerId":"seller-1","totalValue":-10},"service":"prediction-market-api","timestamp":"2026-02-09T14:54:18.127Z"}
{"error":"Buyer not found","level":"error","message":"Failed to execute trade","request":{"buyOrderId":"buy-order-1","buyerFee":0.12,"buyerId":"buyer-1","marketId":"market-1","outcomeId":"outcome-1","price":0.6,"quantity":100,"sellOrderId":"sell-order-1","sellerFee":0.12,"sellerId":"seller-1","totalValue":60},"service":"prediction-market-api","timestamp":"2026-02-09T14:54:18.127Z"}
{"error":"Market is not active","level":"error","message":"Failed to execute trade","request":{"buyOrderId":"buy-order-1","buyerFee":0.12,"buyerId":"buyer-1","marketId":"market-1","outcomeId":"outcome-1","price":0.6,"quantity":100,"sellOrderId":"sell-order-1","sellerFee":0.12,"sellerId":"seller-1","totalValue":60},"service":"prediction-market-api","timestamp":"2026-02-09T14:54:18.128Z"}
{"error":"User not found","level":"error","message":"Failed to get user balance","service":"prediction-market-api","timestamp":"2026-02-09T14:54:18.130Z","userId":"non-existent"}
{"error":"Market not found","level":"error","marketId":"nonexistent","message":"Failed to update market","service":"prediction-market-api","timestamp":"2026-02-09T14:54:18.222Z","updaterId":"user123","updates":{}}
{"error":"Cannot update resolved market","level":"error","marketId":"market123","message":"Failed to update market","service":"prediction-market-api","timestamp":"2026-02-09T14:54:18.223Z","updaterId":"user123","updates":{}}
{"closerId":"user123","error":"Market is not active and cannot be closed","level":"error","marketId":"market123","message":"Failed to close market","service":"prediction-market-api","timestamp":"2026-02-09T14:54:18.224Z"}
{"error":"Market ID and Outcome ID are required","level":"error","message":"Failed to execute trade","request":{"buyOrderId":"buy-order-1","buyerFee":0.12,"buyerId":"buyer-1","marketId":"","outcomeId":"outcome-1","price":0.6,"quantity":100,"sellOrderId":"sell-order-1","sellerFee":0.12,"sellerId":"seller-1","totalValue":60},"service":"prediction-market-api","timestamp":"2026-02-10T00:10:41.403Z"}
{"error":"Buyer ID and Seller ID are required","level":"error","message":"Failed to execute trade","request":{"buyOrderId":"buy-order-1","buyerFee":0.12,"buyerId":"","marketId":"market-1","outcomeId":"outcome-1","price":0.6,"quantity":100,"sellOrderId":"sell-order-1","sellerFee":0.12,"sellerId":"seller-1","totalValue":60},"service":"prediction-market-api","timestamp":"2026-02-10T00:10:41.426Z"}
{"error":"Quantity must be greater than 0","level":"error","message":"Failed to execute trade","request":{"buyOrderId":"buy-order-1","buyerFee":0.12,"buyerId":"buyer-1","marketId":"market-1","outcomeId":"outcome-1","price":0.6,"quantity":0,"sellOrderId":"sell-order-1","sellerFee":0.12,"sellerId":"seller-1","totalValue":60},"service":"prediction-market-api","timestamp":"2026-02-10T00:10:41.435Z"}
{"error":"Price must be between 0 and 1","level":"error","message":"Failed to execute trade","request":{"buyOrderId":"buy-order-1","buyerFee":0.12,"buyerId":"buyer-1","marketId":"market-1","outcomeId":"outcome-1","price":1.5,"quantity":100,"sellOrderId":"sell-order-1","sellerFee":0.12,"sellerId":"seller-1","totalValue":60},"service":"prediction-market-api","timestamp":"2026-02-10T00:10:41.439Z"}
{"error":"Total value must be greater than 0","level":"error","message":"Failed to execute trade","request":{"buyOrderId":"buy-order-1","buyerFee":0.12,"buyerId":"buyer-1","marketId":"market-1","outcomeId":"outcome-1","price":0.6,"quantity":100,"sellOrderId":"sell-order-1","sellerFee":0.12,"sellerId":"seller-1","totalValue":-10},"service":"prediction-market-api","timestamp":"2026-02-10T00:10:41.442Z"}
{"error":"Buyer not found","level":"error","message":"Failed to execute trade","request":{"buyOrderId":"buy-order-1","buyerFee":0.12,"buyerId":"buyer-1","marketId":"market-1","outcomeId":"outcome-1","price":0.6,"quantity":100,"sellOrderId":"sell-order-1","sellerFee":0.12,"sellerId":"seller-1","totalValue":60},"service":"prediction-market-api","timestamp":"2026-02-10T00:10:41.447Z"}
{"error":"Market is not active","level":"error","message":"Failed to execute trade","request":{"buyOrderId":"buy-order-1","buyerFee":0.12,"buyerId":"buyer-1","marketId":"market-1","outcomeId":"outcome-1","price":0.6,"quantity":100,"sellOrderId":"sell-order-1","sellerFee":0.12,"sellerId":"seller-1","totalValue":60},"service":"prediction-market-api","timestamp":"2026-02-10T00:10:41.473Z"}
{"error":"User not found","level":"error","message":"Failed to get user balance","service":"prediction-market-api","timestamp":"2026-02-10T00:10:41.482Z","userId":"non-existent"}
{"error":"User ID is required","level":"error","message":"Failed to place order","request":{"marketId":"market-1","orderType":"LIMIT","outcomeId":"outcome-1","price":0.6,"quantity":100,"type":"BUY"},"service":"prediction-market-api","timestamp":"2026-02-10T00:10:41.523Z"}
{"error":"Order type must be BUY or SELL","level":"error","message":"Failed to place order","request":{"marketId":"market-1","orderType":"LIMIT","outcomeId":"outcome-1","price":0.6,"quantity":100,"type":"INVALID","userId":"user-1"},"service":"prediction-market-api","timestamp":"2026-02-10T00:10:41.540Z"}
{"error":"Quantity must be greater than 0","level":"error","message":"Failed to place order","request":{"marketId":"market-1","orderType":"LIMIT","outcomeId":"outcome-1","price":0.6,"quantity":0,"type":"BUY","userId":"user-1"},"service":"prediction-market-api","timestamp":"2026-02-10T00:10:41.541Z"}
{"error":"Price must be between 0.01 and 0.99","level":"error","message":"Failed to place order","request":{"marketId":"market-1","orderType":"LIMIT","outcomeId":"outcome-1","price":1.5,"quantity":100,"type":"BUY","userId":"user-1"},"service":"prediction-market-api","timestamp":"2026-02-10T00:10:41.541Z"}
{"error":"Unauthorized to cancel this order","level":"error","message":"Failed to cancel order","orderId":"order-1","service":"prediction-market-api","timestamp":"2026-02-10T00:10:41.544Z","userId":"user-2"}
{"error":"Order cannot be cancelled","level":"error","message":"Failed to cancel order","orderId":"order-1","service":"prediction-market-api","timestamp":"2026-02-10T00:10:41.545Z","userId":"user-1"}
{"error":"Order not found","level":"error","message":"Failed to cancel order","orderId":"non-existent","service":"prediction-market-api","timestamp":"2026-02-10T00:10:41.546Z","userId":"user-1"}
{"error":"Market not found","level":"error","marketId":"nonexistent","message":"Failed to update market","service":"prediction-market-api","timestamp":"2026-02-10T00:10:41.577Z","updaterId":"user123","updates":{}}
{"error":"Cannot update resolved market","level":"error","marketId":"market123","message":"Failed to update market","service":"prediction-market-api","timestamp":"2026-02-10T00:10:41.577Z","updaterId":"user123","updates":{}}
{"closerId":"user123","error":"Market is not active and cannot be closed","level":"error","marketId":"market123","message":"Failed to close market","service":"prediction-market-api","timestamp":"2026-02-10T00:10:41.579Z"}
{"error":"Invalid or expired nonce","level":"error","message":"Wallet authentication failed","service":"prediction-market-api","timestamp":"2026-02-10T00:10:41.731Z","walletAddress":"0xeeb912911dcb34ba9ba4ab9e5894fa6fca117d94"}
{"error":"invalid raw signature length (argument=\"signature\", value=\"0x1234567890abcdef\", code=INVALID_ARGUMENT, version=6.16.0)","level":"error","message":"Wallet authentication failed","service":"prediction-market-api","timestamp":"2026-02-10T00:10:41.732Z","walletAddress":"0xeeb912911dcb34ba9ba4ab9e5894fa6fca117d94"}
{"error":"Invalid signature","level":"error","message":"Wallet authentication failed","service":"prediction-market-api","timestamp":"2026-02-10T00:10:41.749Z","walletAddress":"0xeeb912911dcb34ba9ba4ab9e5894fa6fca117d94"}
{"error":"invalid token","level":"error","message":"Token refresh failed","service":"prediction-market-api","timestamp":"2026-02-10T00:10:41.756Z"}
{"error":"Invalid refresh token","level":"error","message":"Token refresh failed","service":"prediction-market-api","timestamp":"2026-02-10T00:10:41.758Z"}
{"error":"User ID is required","level":"error","message":"Failed to place order","request":{"marketId":"market-1","orderType":"LIMIT","outcomeId":"outcome-1","price":0.6,"quantity":100,"type":"BUY"},"service":"prediction-market-api","timestamp":"2026-02-10T05:23:25.484Z"}
{"error":"Order type must be BUY or SELL","level":"error","message":"Failed to place order","request":{"marketId":"market-1","orderType":"LIMIT","outcomeId":"outcome-1","price":0.6,"quantity":100,"type":"INVALID","userId":"user-1"},"service":"prediction-market-api","timestamp":"2026-02-10T05:23:25.497Z"}
{"error":"Quantity must be greater than 0","level":"error","message":"Failed to place order","request":{"marketId":"market-1","orderType":"LIMIT","outcomeId":"outcome-1","price":0.6,"quantity":0,"type":"BUY","userId":"user-1"},"service":"prediction-market-api","timestamp":"2026-02-10T05:23:25.498Z"}
{"error":"Price must be between 0.01 and 0.99","level":"error","message":"Failed to place order","request":{"marketId":"market-1","orderType":"LIMIT","outcomeId":"outcome-1","price":1.5,"quantity":100,"type":"BUY","userId":"user-1"},"service":"prediction-market-api","timestamp":"2026-02-10T05:23:25.498Z"}
{"error":"Unauthorized to cancel this order","level":"error","message":"Failed to cancel order","orderId":"order-1","service":"prediction-market-api","timestamp":"2026-02-10T05:23:25.500Z","userId":"user-2"}
{"error":"Order cannot be cancelled","level":"error","message":"Failed to cancel order","orderId":"order-1","service":"prediction-market-api","timestamp":"2026-02-10T05:23:25.503Z","userId":"user-1"}
{"error":"Order not found","level":"error","message":"Failed to cancel order","orderId":"non-existent","service":"prediction-market-api","timestamp":"2026-02-10T05:23:25.512Z","userId":"user-1"}
{"error":"Market ID and Outcome ID are required","level":"error","message":"Failed to execute trade","request":{"buyOrderId":"buy-order-1","buyerFee":0.12,"buyerId":"buyer-1","marketId":"","outcomeId":"outcome-1","price":0.6,"quantity":100,"sellOrderId":"sell-order-1","sellerFee":0.12,"sellerId":"seller-1","totalValue":60},"service":"prediction-market-api","timestamp":"2026-02-10T05:23:25.424Z"}
{"error":"Buyer ID and Seller ID are required","level":"error","message":"Failed to execute trade","request":{"buyOrderId":"buy-order-1","buyerFee":0.12,"buyerId":"","marketId":"market-1","outcomeId":"outcome-1","price":0.6,"quantity":100,"sellOrderId":"sell-order-1","sellerFee":0.12,"sellerId":"seller-1","totalValue":60},"service":"prediction-market-api","timestamp":"2026-02-10T05:23:25.511Z"}
{"error":"Quantity must be greater than 0","level":"error","message":"Failed to execute trade","request":{"buyOrderId":"buy-order-1","buyerFee":0.12,"buyerId":"buyer-1","marketId":"market-1","outcomeId":"outcome-1","price":0.6,"quantity":0,"sellOrderId":"sell-order-1","sellerFee":0.12,"sellerId":"seller-1","totalValue":60},"service":"prediction-market-api","timestamp":"2026-02-10T05:23:25.514Z"}
{"error":"Price must be between 0 and 1","level":"error","message":"Failed to execute trade","request":{"buyOrderId":"buy-order-1","buyerFee":0.12,"buyerId":"buyer-1","marketId":"market-1","outcomeId":"outcome-1","price":1.5,"quantity":100,"sellOrderId":"sell-order-1","sellerFee":0.12,"sellerId":"seller-1","totalValue":60},"service":"prediction-market-api","timestamp":"2026-02-10T05:23:25.515Z"}
{"error":"Total value must be greater than 0","level":"error","message":"Failed to execute trade","request":{"buyOrderId":"buy-order-1","buyerFee":0.12,"buyerId":"buyer-1","marketId":"market-1","outcomeId":"outcome-1","price":0.6,"quantity":100,"sellOrderId":"sell-order-1","sellerFee":0.12,"sellerId":"seller-1","totalValue":-10},"service":"prediction-market-api","timestamp":"2026-02-10T05:23:25.518Z"}
{"error":"Buyer not found","level":"error","message":"Failed to execute trade","request":{"buyOrderId":"buy-order-1","buyerFee":0.12,"buyerId":"buyer-1","marketId":"market-1","outcomeId":"outcome-1","price":0.6,"quantity":100,"sellOrderId":"sell-order-1","sellerFee":0.12,"sellerId":"seller-1","totalValue":60},"service":"prediction-market-api","timestamp":"2026-02-10T05:23:25.520Z"}
{"error":"Market is not active","level":"error","message":"Failed to execute trade","request":{"buyOrderId":"buy-order-1","buyerFee":0.12,"buyerId":"buyer-1","marketId":"market-1","outcomeId":"outcome-1","price":0.6,"quantity":100,"sellOrderId":"sell-order-1","sellerFee":0.12,"sellerId":"seller-1","totalValue":60},"service":"prediction-market-api","timestamp":"2026-02-10T05:23:25.522Z"}
{"error":"User not found","level":"error","message":"Failed to get user balance","service":"prediction-market-api","timestamp":"2026-02-10T05:23:25.535Z","userId":"non-existent"}
{"error":"Market not found","level":"error","marketId":"nonexistent","message":"Failed to update market","service":"prediction-market-api","timestamp":"2026-02-10T05:23:25.620Z","updaterId":"user123","updates":{}}
{"error":"Cannot update resolved market","level":"error","marketId":"market123","message":"Failed to update market","service":"prediction-market-api","timestamp":"2026-02-10T05:23:25.620Z","updaterId":"user123","updates":{}}
{"closerId":"user123","error":"Market is not active and cannot be closed","level":"error","marketId":"market123","message":"Failed to close market","service":"prediction-market-api","timestamp":"2026-02-10T05:23:25.622Z"}
{"error":"Invalid or expired nonce","level":"error","message":"Wallet authentication failed","service":"prediction-market-api","timestamp":"2026-02-10T05:23:25.667Z","walletAddress":"0x02b76135379b842929fdf1e7fafea02629e3729c"}
{"error":"invalid raw signature length (argument=\"signature\", value=\"0x1234567890abcdef\", code=INVALID_ARGUMENT, version=6.16.0)","level":"error","message":"Wallet authentication failed","service":"prediction-market-api","timestamp":"2026-02-10T05:23:25.669Z","walletAddress":"0x02b76135379b842929fdf1e7fafea02629e3729c"}
{"error":"Invalid signature","level":"error","message":"Wallet authentication failed","service":"prediction-market-api","timestamp":"2026-02-10T05:23:25.689Z","walletAddress":"0x02b76135379b842929fdf1e7fafea02629e3729c"}
{"error":"invalid token","level":"error","message":"Token refresh failed","service":"prediction-market-api","timestamp":"2026-02-10T05:23:25.697Z"}
{"error":"Invalid refresh token","level":"error","message":"Token refresh failed","service":"prediction-market-api","timestamp":"2026-02-10T05:23:25.698Z"}
{"error":"Unknown error","level":"error","message":"Decryption failed","service":"prediction-market-api","timestamp":"2026-02-10T11:29:19.138Z"}
{"error":"Unknown error","level":"error","message":"Decryption failed","service":"prediction-market-api","timestamp":"2026-02-10T11:30:06.090Z"}
{"description":"DDoS attack","level":"error","message":"SECURITY ALERT: Admin notification required","service":"prediction-market-api","source":"192.168.1.3","threatId":"threat_1770723109686_3ifg2bx","timestamp":"2026-02-10T11:31:49.686Z","type":"ddos"}
{"description":"5 failed authentication attempts","level":"error","message":"SECURITY ALERT: Admin notification required","service":"prediction-market-api","source":"192.168.1.21","threatId":"threat_1770723111898_17pu1e1","timestamp":"2026-02-10T11:31:51.898Z","type":"brute_force"}
{"description":"DDoS attack detected: 101 requests in 60s","level":"error","message":"SECURITY ALERT: Admin notification required","service":"prediction-market-api","source":"192.168.1.30","threatId":"threat_1770723111898_nxx118v","timestamp":"2026-02-10T11:31:51.898Z","type":"ddos"}
{"description":"Test","level":"error","message":"SECURITY ALERT: Admin notification required","service":"prediction-market-api","source":"192.168.1.70","threatId":"threat_1770723111912_58k9tv5","timestamp":"2026-02-10T11:31:51.912Z","type":"brute_force"}
{"description":"Test","level":"error","message":"SECURITY ALERT: Admin notification required","service":"prediction-market-api","source":"192.168.1.71","threatId":"threat_1770723111912_0q4mszk","timestamp":"2026-02-10T11:31:51.912Z","type":"sql_injection"}
{"description":"DDoS attack","level":"error","message":"SECURITY ALERT: Admin notification required","service":"prediction-market-api","source":"192.168.1.3","threatId":"threat_1770724923631_kx1rdcz","timestamp":"2026-02-10T12:02:03.631Z","type":"ddos"}
{"description":"5 failed authentication attempts","level":"error","message":"SECURITY ALERT: Admin notification required","service":"prediction-market-api","source":"192.168.1.21","threatId":"threat_1770724925850_u5tgxn4","timestamp":"2026-02-10T12:02:05.850Z","type":"brute_force"}
{"description":"DDoS attack detected: 101 requests in 60s","level":"error","message":"SECURITY ALERT: Admin notification required","service":"prediction-market-api","source":"192.168.1.30","threatId":"threat_1770724925851_65hp8r2","timestamp":"2026-02-10T12:02:05.852Z","type":"ddos"}
{"description":"Test","level":"error","message":"SECURITY ALERT: Admin notification required","service":"prediction-market-api","source":"192.168.1.70","threatId":"threat_1770724925870_w9cj6f6","timestamp":"2026-02-10T12:02:05.870Z","type":"brute_force"}
{"description":"Test","level":"error","message":"SECURITY ALERT: Admin notification required","service":"prediction-market-api","source":"192.168.1.71","threatId":"threat_1770724925870_3oz4vfx","timestamp":"2026-02-10T12:02:05.870Z","type":"sql_injection"}
{"description":"DDoS attack","level":"error","message":"SECURITY ALERT: Admin notification required","service":"prediction-market-api","source":"192.168.1.3","threatId":"threat_1770726849106_j5dxb6c","timestamp":"2026-02-10T12:34:09.106Z","type":"ddos"}
{"description":"5 failed authentication attempts","level":"error","message":"SECURITY ALERT: Admin notification required","service":"prediction-market-api","source":"192.168.1.21","threatId":"threat_1770726851320_519dk6s","timestamp":"2026-02-10T12:34:11.321Z","type":"brute_force"}
{"description":"DDoS attack detected: 101 requests in 60s","level":"error","message":"SECURITY ALERT: Admin notification required","service":"prediction-market-api","source":"192.168.1.30","threatId":"threat_1770726851326_yhdvfx9","timestamp":"2026-02-10T12:34:11.326Z","type":"ddos"}
{"description":"Test","level":"error","message":"SECURITY ALERT: Admin notification required","service":"prediction-market-api","source":"192.168.1.70","threatId":"threat_1770726851349_2ahh8v3","timestamp":"2026-02-10T12:34:11.349Z","type":"brute_force"}
{"description":"Test","level":"error","message":"SECURITY ALERT: Admin notification required","service":"prediction-market-api","source":"192.168.1.71","threatId":"threat_1770726851349_mqvzjok","timestamp":"2026-02-10T12:34:11.349Z","type":"sql_injection"}
{"description":"DDoS attack","level":"error","message":"SECURITY ALERT: Admin notification required","service":"prediction-market-api","source":"192.168.1.3","threatId":"threat_1770734970658_r6ykbny","timestamp":"2026-02-10T14:49:30.658Z","type":"ddos"}
{"description":"5 failed authentication attempts","level":"error","message":"SECURITY ALERT: Admin notification required","service":"prediction-market-api","source":"192.168.1.21","threatId":"threat_1770734972872_ci3m3q4","timestamp":"2026-02-10T14:49:32.872Z","type":"brute_force"}
{"description":"DDoS attack detected: 101 requests in 60s","level":"error","message":"SECURITY ALERT: Admin notification required","service":"prediction-market-api","source":"192.168.1.30","threatId":"threat_1770734972874_o0f6znn","timestamp":"2026-02-10T14:49:32.874Z","type":"ddos"}
{"description":"Test","level":"error","message":"SECURITY ALERT: Admin notification required","service":"prediction-market-api","source":"192.168.1.70","threatId":"threat_1770734972893_rhgzl9h","timestamp":"2026-02-10T14:49:32.893Z","type":"brute_force"}
{"description":"Test","level":"error","message":"SECURITY ALERT: Admin notification required","service":"prediction-market-api","source":"192.168.1.71","threatId":"threat_1770734972893_cgkgy70","timestamp":"2026-02-10T14:49:32.893Z","type":"sql_injection"}
{"description":"DDoS attack","level":"error","message":"SECURITY ALERT: Admin notification required","service":"prediction-market-api","source":"192.168.1.3","threatId":"threat_1770770899169_lkrzib5","timestamp":"2026-02-11T00:48:19.170Z","type":"ddos"}
{"description":"5 failed authentication attempts","level":"error","message":"SECURITY ALERT: Admin notification required","service":"prediction-market-api","source":"192.168.1.21","threatId":"threat_1770770901382_0gkzoqy","timestamp":"2026-02-11T00:48:21.382Z","type":"brute_force"}
{"description":"DDoS attack detected: 101 requests in 60s","level":"error","message":"SECURITY ALERT: Admin notification required","service":"prediction-market-api","source":"192.168.1.30","threatId":"threat_1770770901384_byx5915","timestamp":"2026-02-11T00:48:21.384Z","type":"ddos"}
{"description":"Test","level":"error","message":"SECURITY ALERT: Admin notification required","service":"prediction-market-api","source":"192.168.1.70","threatId":"threat_1770770901409_79mh15l","timestamp":"2026-02-11T00:48:21.409Z","type":"brute_force"}
{"description":"Test","level":"error","message":"SECURITY ALERT: Admin notification required","service":"prediction-market-api","source":"192.168.1.71","threatId":"threat_1770770901410_00dxdrd","timestamp":"2026-02-11T00:48:21.410Z","type":"sql_injection"}
{"description":"DDoS attack","level":"error","message":"SECURITY ALERT: Admin notification required","service":"prediction-market-api","source":"192.168.1.3","threatId":"threat_1770787296927_rqjixlm","timestamp":"2026-02-11T05:21:36.928Z","type":"ddos"}
{"description":"5 failed authentication attempts","level":"error","message":"SECURITY ALERT: Admin notification required","service":"prediction-market-api","source":"192.168.1.21","threatId":"threat_1770787299142_f7ftn4c","timestamp":"2026-02-11T05:21:39.142Z","type":"brute_force"}
{"description":"DDoS attack detected: 101 requests in 60s","level":"error","message":"SECURITY ALERT: Admin notification required","service":"prediction-market-api","source":"192.168.1.30","threatId":"threat_1770787299143_7zvkb7r","timestamp":"2026-02-11T05:21:39.143Z","type":"ddos"}
{"description":"Test","level":"error","message":"SECURITY ALERT: Admin notification required","service":"prediction-market-api","source":"192.168.1.70","threatId":"threat_1770787299161_982ehyq","timestamp":"2026-02-11T05:21:39.161Z","type":"brute_force"}
{"description":"Test","level":"error","message":"SECURITY ALERT: Admin notification required","service":"prediction-market-api","source":"192.168.1.71","threatId":"threat_1770787299161_hd1akzy","timestamp":"2026-02-11T05:21:39.161Z","type":"sql_injection"}
{"description":"DDoS attack","level":"error","message":"SECURITY ALERT: Admin notification required","service":"prediction-market-api","source":"192.168.1.3","threatId":"threat_1770791730208_e2pdsn6","timestamp":"2026-02-11T06:35:30.208Z","type":"ddos"}
{"description":"5 failed authentication attempts","level":"error","message":"SECURITY ALERT: Admin notification required","service":"prediction-market-api","source":"192.168.1.21","threatId":"threat_1770791732424_hw7l1pb","timestamp":"2026-02-11T06:35:32.425Z","type":"brute_force"}
{"description":"DDoS attack detected: 101 requests in 60s","level":"error","message":"SECURITY ALERT: Admin notification required","service":"prediction-market-api","source":"192.168.1.30","threatId":"threat_1770791732427_3ouksgw","timestamp":"2026-02-11T06:35:32.428Z","type":"ddos"}
{"description":"Test","level":"error","message":"SECURITY ALERT: Admin notification required","service":"prediction-market-api","source":"192.168.1.70","threatId":"threat_1770791732449_pl08msn","timestamp":"2026-02-11T06:35:32.449Z","type":"brute_force"}
{"description":"Test","level":"error","message":"SECURITY ALERT: Admin notification required","service":"prediction-market-api","source":"192.168.1.71","threatId":"threat_1770791732449_rhgvzny","timestamp":"2026-02-11T06:35:32.449Z","type":"sql_injection"}
{"description":"DDoS attack","level":"error","message":"SECURITY ALERT: Admin notification required","service":"prediction-market-api","source":"192.168.1.3","threatId":"threat_1770793430534_621m9q6","timestamp":"2026-02-11T07:03:50.534Z","type":"ddos"}
{"description":"5 failed authentication attempts","level":"error","message":"SECURITY ALERT: Admin notification required","service":"prediction-market-api","source":"192.168.1.21","threatId":"threat_1770793432748_0rpw5r6","timestamp":"2026-02-11T07:03:52.749Z","type":"brute_force"}
{"description":"DDoS attack detected: 101 requests in 60s","level":"error","message":"SECURITY ALERT: Admin notification required","service":"prediction-market-api","source":"192.168.1.30","threatId":"threat_1770793432750_u66zpr5","timestamp":"2026-02-11T07:03:52.751Z","type":"ddos"}
{"description":"Test","level":"error","message":"SECURITY ALERT: Admin notification required","service":"prediction-market-api","source":"192.168.1.70","threatId":"threat_1770793432774_ogs3m9z","timestamp":"2026-02-11T07:03:52.774Z","type":"brute_force"}
{"description":"Test","level":"error","message":"SECURITY ALERT: Admin notification required","service":"prediction-market-api","source":"192.168.1.71","threatId":"threat_1770793432774_0lr3qhq","timestamp":"2026-02-11T07:03:52.774Z","type":"sql_injection"}
{"description":"DDoS attack","level":"error","message":"SECURITY ALERT: Admin notification required","service":"prediction-market-api","source":"192.168.1.3","threatId":"threat_1770800871568_bx8pz91","timestamp":"2026-02-11T09:07:51.568Z","type":"ddos"}
{"description":"5 failed authentication attempts","level":"error","message":"SECURITY ALERT: Admin notification required","service":"prediction-market-api","source":"192.168.1.21","threatId":"threat_1770800873779_9l65lxm","timestamp":"2026-02-11T09:07:53.780Z","type":"brute_force"}
{"description":"DDoS attack detected: 101 requests in 60s","level":"error","message":"SECURITY ALERT: Admin notification required","service":"prediction-market-api","source":"192.168.1.30","threatId":"threat_1770800873781_qh3jb02","timestamp":"2026-02-11T09:07:53.781Z","type":"ddos"}
{"description":"Test","level":"error","message":"SECURITY ALERT: Admin notification required","service":"prediction-market-api","source":"192.168.1.70","threatId":"threat_1770800873799_8qyhxc2","timestamp":"2026-02-11T09:07:53.799Z","type":"brute_force"}
{"description":"Test","level":"error","message":"SECURITY ALERT: Admin notification required","service":"prediction-market-api","source":"192.168.1.71","threatId":"threat_1770800873799_13thids","timestamp":"2026-02-11T09:07:53.799Z","type":"sql_injection"}
{"description":"DDoS attack","level":"error","message":"SECURITY ALERT: Admin notification required","service":"prediction-market-api","source":"192.168.1.3","threatId":"threat_1770801686987_dfnb9rr","timestamp":"2026-02-11T09:21:26.987Z","type":"ddos"}
{"description":"5 failed authentication attempts","level":"error","message":"SECURITY ALERT: Admin notification required","service":"prediction-market-api","source":"192.168.1.21","threatId":"threat_1770801689200_fu72ttq","timestamp":"2026-02-11T09:21:29.201Z","type":"brute_force"}
{"description":"DDoS attack detected: 101 requests in 60s","level":"error","message":"SECURITY ALERT: Admin notification required","service":"prediction-market-api","source":"192.168.1.30","threatId":"threat_1770801689204_0trpqyk","timestamp":"2026-02-11T09:21:29.204Z","type":"ddos"}
{"description":"Test","level":"error","message":"SECURITY ALERT: Admin notification required","service":"prediction-market-api","source":"192.168.1.70","threatId":"threat_1770801689211_2trowcu","timestamp":"2026-02-11T09:21:29.211Z","type":"brute_force"}
{"description":"Test","level":"error","message":"SECURITY ALERT: Admin notification required","service":"prediction-market-api","source":"192.168.1.71","threatId":"threat_1770801689211_kp4dcvp","timestamp":"2026-02-11T09:21:29.211Z","type":"sql_injection"}
{"description":"DDoS attack","level":"error","message":"SECURITY ALERT: Admin notification required","service":"prediction-market-api","source":"192.168.1.3","threatId":"threat_1770829816681_26vjhwf","timestamp":"2026-02-11T17:10:16.682Z","type":"ddos"}
{"error":"User ID is required","level":"error","message":"Failed to place order","request":{"marketId":"market-1","orderType":"LIMIT","outcomeId":"outcome-1","price":0.6,"quantity":100,"type":"BUY"},"service":"prediction-market-api","timestamp":"2026-02-11T17:10:16.704Z"}
{"error":"Order type must be BUY or SELL","level":"error","message":"Failed to place order","request":{"marketId":"market-1","orderType":"LIMIT","outcomeId":"outcome-1","price":0.6,"quantity":100,"type":"INVALID","userId":"user-1"},"service":"prediction-market-api","timestamp":"2026-02-11T17:10:16.724Z"}
{"error":"Quantity must be greater than 0","level":"error","message":"Failed to place order","request":{"marketId":"market-1","orderType":"LIMIT","outcomeId":"outcome-1","price":0.6,"quantity":0,"type":"BUY","userId":"user-1"},"service":"prediction-market-api","timestamp":"2026-02-11T17:10:16.730Z"}
{"error":"Price must be between 0.01 and 0.99","level":"error","message":"Failed to place order","request":{"marketId":"market-1","orderType":"LIMIT","outcomeId":"outcome-1","price":1.5,"quantity":100,"type":"BUY","userId":"user-1"},"service":"prediction-market-api","timestamp":"2026-02-11T17:10:16.730Z"}
{"error":"Unauthorized to cancel this order","level":"error","message":"Failed to cancel order","orderId":"order-1","service":"prediction-market-api","timestamp":"2026-02-11T17:10:16.733Z","userId":"user-2"}
{"error":"Order cannot be cancelled","level":"error","message":"Failed to cancel order","orderId":"order-1","service":"prediction-market-api","timestamp":"2026-02-11T17:10:16.734Z","userId":"user-1"}
{"error":"Order not found","level":"error","message":"Failed to cancel order","orderId":"non-existent","service":"prediction-market-api","timestamp":"2026-02-11T17:10:16.735Z","userId":"user-1"}
{"error":"Market ID and Outcome ID are required","level":"error","message":"Failed to execute trade","request":{"buyOrderId":"buy-order-1","buyerFee":0.12,"buyerId":"buyer-1","marketId":"","outcomeId":"outcome-1","price":0.6,"quantity":100,"sellOrderId":"sell-order-1","sellerFee":0.12,"sellerId":"seller-1","totalValue":60},"service":"prediction-market-api","timestamp":"2026-02-11T17:10:16.808Z"}
{"error":"Buyer ID and Seller ID are required","level":"error","message":"Failed to execute trade","request":{"buyOrderId":"buy-order-1","buyerFee":0.12,"buyerId":"","marketId":"market-1","outcomeId":"outcome-1","price":0.6,"quantity":100,"sellOrderId":"sell-order-1","sellerFee":0.12,"sellerId":"seller-1","totalValue":60},"service":"prediction-market-api","timestamp":"2026-02-11T17:10:16.826Z"}
{"error":"Quantity must be greater than 0","level":"error","message":"Failed to execute trade","request":{"buyOrderId":"buy-order-1","buyerFee":0.12,"buyerId":"buyer-1","marketId":"market-1","outcomeId":"outcome-1","price":0.6,"quantity":0,"sellOrderId":"sell-order-1","sellerFee":0.12,"sellerId":"seller-1","totalValue":60},"service":"prediction-market-api","timestamp":"2026-02-11T17:10:16.828Z"}
{"error":"Price must be between 0 and 1","level":"error","message":"Failed to execute trade","request":{"buyOrderId":"buy-order-1","buyerFee":0.12,"buyerId":"buyer-1","marketId":"market-1","outcomeId":"outcome-1","price":1.5,"quantity":100,"sellOrderId":"sell-order-1","sellerFee":0.12,"sellerId":"seller-1","totalValue":60},"service":"prediction-market-api","timestamp":"2026-02-11T17:10:16.829Z"}
{"error":"Total value must be greater than 0","level":"error","message":"Failed to execute trade","request":{"buyOrderId":"buy-order-1","buyerFee":0.12,"buyerId":"buyer-1","marketId":"market-1","outcomeId":"outcome-1","price":0.6,"quantity":100,"sellOrderId":"sell-order-1","sellerFee":0.12,"sellerId":"seller-1","totalValue":-10},"service":"prediction-market-api","timestamp":"2026-02-11T17:10:16.833Z"}
{"error":"Buyer not found","level":"error","message":"Failed to execute trade","request":{"buyOrderId":"buy-order-1","buyerFee":0.12,"buyerId":"buyer-1","marketId":"market-1","outcomeId":"outcome-1","price":0.6,"quantity":100,"sellOrderId":"sell-order-1","sellerFee":0.12,"sellerId":"seller-1","totalValue":60},"service":"prediction-market-api","timestamp":"2026-02-11T17:10:16.834Z"}
{"error":"Market is not active","level":"error","message":"Failed to execute trade","request":{"buyOrderId":"buy-order-1","buyerFee":0.12,"buyerId":"buyer-1","marketId":"market-1","outcomeId":"outcome-1","price":0.6,"quantity":100,"sellOrderId":"sell-order-1","sellerFee":0.12,"sellerId":"seller-1","totalValue":60},"service":"prediction-market-api","timestamp":"2026-02-11T17:10:16.835Z"}
{"error":"User not found","level":"error","message":"Failed to get user balance","service":"prediction-market-api","timestamp":"2026-02-11T17:10:16.842Z","userId":"non-existent"}
{"description":"5 failed authentication attempts","level":"error","message":"SECURITY ALERT: Admin notification required","service":"prediction-market-api","source":"192.168.1.21","threatId":"threat_1770829818894_gsb8vlx","timestamp":"2026-02-11T17:10:18.895Z","type":"brute_force"}
{"description":"DDoS attack","level":"error","message":"SECURITY ALERT: Admin notification required","service":"prediction-market-api","source":"192.168.1.3","threatId":"threat_1770829831253_m9mc21i","timestamp":"2026-02-11T17:10:31.254Z","type":"ddos"}
{"error":"Market ID and Outcome ID are required","level":"error","message":"Failed to execute trade","request":{"buyOrderId":"buy-order-1","buyerFee":0.12,"buyerId":"buyer-1","marketId":"","outcomeId":"outcome-1","price":0.6,"quantity":100,"sellOrderId":"sell-order-1","sellerFee":0.12,"sellerId":"seller-1","totalValue":60},"service":"prediction-market-api","timestamp":"2026-02-11T17:10:31.699Z"}
{"error":"Buyer ID and Seller ID are required","level":"error","message":"Failed to execute trade","request":{"buyOrderId":"buy-order-1","buyerFee":0.12,"buyerId":"","marketId":"market-1","outcomeId":"outcome-1","price":0.6,"quantity":100,"sellOrderId":"sell-order-1","sellerFee":0.12,"sellerId":"seller-1","totalValue":60},"service":"prediction-market-api","timestamp":"2026-02-11T17:10:31.723Z"}
{"error":"Quantity must be greater than 0","level":"error","message":"Failed to execute trade","request":{"buyOrderId":"buy-order-1","buyerFee":0.12,"buyerId":"buyer-1","marketId":"market-1","outcomeId":"outcome-1","price":0.6,"quantity":0,"sellOrderId":"sell-order-1","sellerFee":0.12,"sellerId":"seller-1","totalValue":60},"service":"prediction-market-api","timestamp":"2026-02-11T17:10:31.724Z"}
{"error":"Price must be between 0 and 1","level":"error","message":"Failed to execute trade","request":{"buyOrderId":"buy-order-1","buyerFee":0.12,"buyerId":"buyer-1","marketId":"market-1","outcomeId":"outcome-1","price":1.5,"quantity":100,"sellOrderId":"sell-order-1","sellerFee":0.12,"sellerId":"seller-1","totalValue":60},"service":"prediction-market-api","timestamp":"2026-02-11T17:10:31.724Z"}
{"error":"Total value must be greater than 0","level":"error","message":"Failed to execute trade","request":{"buyOrderId":"buy-order-1","buyerFee":0.12,"buyerId":"buyer-1","marketId":"market-1","outcomeId":"outcome-1","price":0.6,"quantity":100,"sellOrderId":"sell-order-1","sellerFee":0.12,"sellerId":"seller-1","totalValue":-10},"service":"prediction-market-api","timestamp":"2026-02-11T17:10:31.725Z"}
{"error":"Buyer not found","level":"error","message":"Failed to execute trade","request":{"buyOrderId":"buy-order-1","buyerFee":0.12,"buyerId":"buyer-1","marketId":"market-1","outcomeId":"outcome-1","price":0.6,"quantity":100,"sellOrderId":"sell-order-1","sellerFee":0.12,"sellerId":"seller-1","totalValue":60},"service":"prediction-market-api","timestamp":"2026-02-11T17:10:31.726Z"}
{"error":"Market is not active","level":"error","message":"Failed to execute trade","request":{"buyOrderId":"buy-order-1","buyerFee":0.12,"buyerId":"buyer-1","marketId":"market-1","outcomeId":"outcome-1","price":0.6,"quantity":100,"sellOrderId":"sell-order-1","sellerFee":0.12,"sellerId":"seller-1","totalValue":60},"service":"prediction-market-api","timestamp":"2026-02-11T17:10:31.727Z"}
{"error":"User not found","level":"error","message":"Failed to get user balance","service":"prediction-market-api","timestamp":"2026-02-11T17:10:31.731Z","userId":"non-existent"}
{"error":"Invalid or expired nonce","level":"error","message":"Wallet authentication failed","service":"prediction-market-api","timestamp":"2026-02-11T17:10:31.721Z","walletAddress":"0xfe453f5688b4cbd02feb1e26dd5a07bcc7f7ef05"}
{"error":"invalid raw signature length (argument=\"signature\", value=\"0x1234567890abcdef\", code=INVALID_ARGUMENT, version=6.16.0)","level":"error","message":"Wallet authentication failed","service":"prediction-market-api","timestamp":"2026-02-11T17:10:31.723Z","walletAddress":"0xfe453f5688b4cbd02feb1e26dd5a07bcc7f7ef05"}
{"error":"Invalid signature","level":"error","message":"Wallet authentication failed","service":"prediction-market-api","timestamp":"2026-02-11T17:10:31.748Z","walletAddress":"0xfe453f5688b4cbd02feb1e26dd5a07bcc7f7ef05"}
{"error":"invalid token","level":"error","message":"Token refresh failed","service":"prediction-market-api","timestamp":"2026-02-11T17:10:31.758Z"}
{"error":"Invalid refresh token","level":"error","message":"Token refresh failed","service":"prediction-market-api","timestamp":"2026-02-11T17:10:31.760Z"}
{"error":"User ID is required","level":"error","message":"Failed to place order","request":{"marketId":"market-1","orderType":"LIMIT","outcomeId":"outcome-1","price":0.6,"quantity":100,"type":"BUY"},"service":"prediction-market-api","timestamp":"2026-02-11T17:10:31.761Z"}
{"error":"Order type must be BUY or SELL","level":"error","message":"Failed to place order","request":{"marketId":"market-1","orderType":"LIMIT","outcomeId":"outcome-1","price":0.6,"quantity":100,"type":"INVALID","userId":"user-1"},"service":"prediction-market-api","timestamp":"2026-02-11T17:10:31.793Z"}
{"error":"Quantity must be greater than 0","level":"error","message":"Failed to place order","request":{"marketId":"market-1","orderType":"LIMIT","outcomeId":"outcome-1","price":0.6,"quantity":0,"type":"BUY","userId":"user-1"},"service":"prediction-market-api","timestamp":"2026-02-11T17:10:31.793Z"}
{"error":"Price must be between 0.01 and 0.99","level":"error","message":"Failed to place order","request":{"marketId":"market-1","orderType":"LIMIT","outcomeId":"outcome-1","price":1.5,"quantity":100,"type":"BUY","userId":"user-1"},"service":"prediction-market-api","timestamp":"2026-02-11T17:10:31.794Z"}
{"error":"Unauthorized to cancel this order","level":"error","message":"Failed to cancel order","orderId":"order-1","service":"prediction-market-api","timestamp":"2026-02-11T17:10:31.804Z","userId":"user-2"}
{"error":"Order cannot be cancelled","level":"error","message":"Failed to cancel order","orderId":"order-1","service":"prediction-market-api","timestamp":"2026-02-11T17:10:31.804Z","userId":"user-1"}
{"error":"Order not found","level":"error","message":"Failed to cancel order","orderId":"non-existent","service":"prediction-market-api","timestamp":"2026-02-11T17:10:31.806Z","userId":"user-1"}
{"error":"Market not found","level":"error","marketId":"nonexistent","message":"Failed to update market","service":"prediction-market-api","timestamp":"2026-02-11T17:10:31.905Z","updaterId":"user123","updates":{}}
{"error":"Cannot update resolved market","level":"error","marketId":"market123","message":"Failed to update market","service":"prediction-market-api","timestamp":"2026-02-11T17:10:31.905Z","updaterId":"user123","updates":{}}
{"closerId":"user123","error":"Market is not active and cannot be closed","level":"error","marketId":"market123","message":"Failed to close market","service":"prediction-market-api","timestamp":"2026-02-11T17:10:31.906Z"}
{"error":"Unknown error","level":"error","message":"Decryption failed","service":"prediction-market-api","timestamp":"2026-02-11T17:10:31.916Z"}
{"description":"5 failed authentication attempts","level":"error","message":"SECURITY ALERT: Admin notification required","service":"prediction-market-api","source":"192.168.1.21","threatId":"threat_1770829833468_7f1l24v","timestamp":"2026-02-11T17:10:33.470Z","type":"brute_force"}
{"description":"DDoS attack detected: 101 requests in 60s","level":"error","message":"SECURITY ALERT: Admin notification required","service":"prediction-market-api","source":"192.168.1.30","threatId":"threat_1770829833474_v6jcqkw","timestamp":"2026-02-11T17:10:33.474Z","type":"ddos"}
{"description":"Test","level":"error","message":"SECURITY ALERT: Admin notification required","service":"prediction-market-api","source":"192.168.1.70","threatId":"threat_1770829833496_kpt5k31","timestamp":"2026-02-11T17:10:33.496Z","type":"brute_force"}
{"description":"Test","level":"error","message":"SECURITY ALERT: Admin notification required","service":"prediction-market-api","source":"192.168.1.71","threatId":"threat_1770829833497_xohpd95","timestamp":"2026-02-11T17:10:33.498Z","type":"sql_injection"}
{"error":"User ID is required","level":"error","message":"Failed to place order","request":{"marketId":"market-1","orderType":"LIMIT","outcomeId":"outcome-1","price":0.6,"quantity":100,"type":"BUY"},"service":"prediction-market-api","timestamp":"2026-02-11T17:18:40.674Z"}
{"error":"Order type must be BUY or SELL","level":"error","message":"Failed to place order","request":{"marketId":"market-1","orderType":"LIMIT","outcomeId":"outcome-1","price":0.6,"quantity":100,"type":"INVALID","userId":"user-1"},"service":"prediction-market-api","timestamp":"2026-02-11T17:18:40.743Z"}
{"error":"Quantity must be greater than 0","level":"error","message":"Failed to place order","request":{"marketId":"market-1","orderType":"LIMIT","outcomeId":"outcome-1","price":0.6,"quantity":0,"type":"BUY","userId":"user-1"},"service":"prediction-market-api","timestamp":"2026-02-11T17:18:40.743Z"}
{"error":"Price must be between 0.01 and 0.99","level":"error","message":"Failed to place order","request":{"marketId":"market-1","orderType":"LIMIT","outcomeId":"outcome-1","price":1.5,"quantity":100,"type":"BUY","userId":"user-1"},"service":"prediction-market-api","timestamp":"2026-02-11T17:18:40.743Z"}
{"error":"Unauthorized to cancel this order","level":"error","message":"Failed to cancel order","orderId":"order-1","service":"prediction-market-api","timestamp":"2026-02-11T17:18:40.753Z","userId":"user-2"}
{"error":"Order cannot be cancelled","level":"error","message":"Failed to cancel order","orderId":"order-1","service":"prediction-market-api","timestamp":"2026-02-11T17:18:40.754Z","userId":"user-1"}
{"error":"Order not found","level":"error","message":"Failed to cancel order","orderId":"non-existent","service":"prediction-market-api","timestamp":"2026-02-11T17:18:40.754Z","userId":"user-1"}
{"description":"DDoS attack","level":"error","message":"SECURITY ALERT: Admin notification required","service":"prediction-market-api","source":"192.168.1.3","threatId":"threat_1770830320887_hhzmibc","timestamp":"2026-02-11T17:18:40.887Z","type":"ddos"}
{"error":"Market ID and Outcome ID are required","level":"error","message":"Failed to execute trade","request":{"buyOrderId":"buy-order-1","buyerFee":0.12,"buyerId":"buyer-1","marketId":"","outcomeId":"outcome-1","price":0.6,"quantity":100,"sellOrderId":"sell-order-1","sellerFee":0.12,"sellerId":"seller-1","totalValue":60},"service":"prediction-market-api","timestamp":"2026-02-11T17:18:40.905Z"}
{"error":"Invalid or expired nonce","level":"error","message":"Wallet authentication failed","service":"prediction-market-api","timestamp":"2026-02-11T17:18:40.908Z","walletAddress":"0x903233894185ea8d35bd80f9df93d2030da707fa"}
{"error":"invalid raw signature length (argument=\"signature\", value=\"0x1234567890abcdef\", code=INVALID_ARGUMENT, version=6.16.0)","level":"error","message":"Wallet authentication failed","service":"prediction-market-api","timestamp":"2026-02-11T17:18:40.919Z","walletAddress":"0x903233894185ea8d35bd80f9df93d2030da707fa"}
{"error":"Invalid signature","level":"error","message":"Wallet authentication failed","service":"prediction-market-api","timestamp":"2026-02-11T17:18:40.947Z","walletAddress":"0x903233894185ea8d35bd80f9df93d2030da707fa"}
{"error":"invalid token","level":"error","message":"Token refresh failed","service":"prediction-market-api","timestamp":"2026-02-11T17:18:40.965Z"}
{"error":"Invalid refresh token","level":"error","message":"Token refresh failed","service":"prediction-market-api","timestamp":"2026-02-11T17:18:40.967Z"}
{"error":"Buyer ID and Seller ID are required","level":"error","message":"Failed to execute trade","request":{"buyOrderId":"buy-order-1","buyerFee":0.12,"buyerId":"","marketId":"market-1","outcomeId":"outcome-1","price":0.6,"quantity":100,"sellOrderId":"sell-order-1","sellerFee":0.12,"sellerId":"seller-1","totalValue":60},"service":"prediction-market-api","timestamp":"2026-02-11T17:18:40.928Z"}
{"error":"Quantity must be greater than 0","level":"error","message":"Failed to execute trade","request":{"buyOrderId":"buy-order-1","buyerFee":0.12,"buyerId":"buyer-1","marketId":"market-1","outcomeId":"outcome-1","price":0.6,"quantity":0,"sellOrderId":"sell-order-1","sellerFee":0.12,"sellerId":"seller-1","totalValue":60},"service":"prediction-market-api","timestamp":"2026-02-11T17:18:40.929Z"}
{"error":"Price must be between 0 and 1","level":"error","message":"Failed to execute trade","request":{"buyOrderId":"buy-order-1","buyerFee":0.12,"buyerId":"buyer-1","marketId":"market-1","outcomeId":"outcome-1","price":1.5,"quantity":100,"sellOrderId":"sell-order-1","sellerFee":0.12,"sellerId":"seller-1","totalValue":60},"service":"prediction-market-api","timestamp":"2026-02-11T17:18:40.929Z"}
{"error":"Total value must be greater than 0","level":"error","message":"Failed to execute trade","request":{"buyOrderId":"buy-order-1","buyerFee":0.12,"buyerId":"buyer-1","marketId":"market-1","outcomeId":"outcome-1","price":0.6,"quantity":100,"sellOrderId":"sell-order-1","sellerFee":0.12,"sellerId":"seller-1","totalValue":-10},"service":"prediction-market-api","timestamp":"2026-02-11T17:18:40.930Z"}
{"error":"Buyer not found","level":"error","message":"Failed to execute trade","request":{"buyOrderId":"buy-order-1","buyerFee":0.12,"buyerId":"buyer-1","marketId":"market-1","outcomeId":"outcome-1","price":0.6,"quantity":100,"sellOrderId":"sell-order-1","sellerFee":0.12,"sellerId":"seller-1","totalValue":60},"service":"prediction-market-api","timestamp":"2026-02-11T17:18:40.931Z"}
{"error":"Market is not active","level":"error","message":"Failed to execute trade","request":{"buyOrderId":"buy-order-1","buyerFee":0.12,"buyerId":"buyer-1","marketId":"market-1","outcomeId":"outcome-1","price":0.6,"quantity":100,"sellOrderId":"sell-order-1","sellerFee":0.12,"sellerId":"seller-1","totalValue":60},"service":"prediction-market-api","timestamp":"2026-02-11T17:18:40.932Z"}
{"error":"User not found","level":"error","message":"Failed to get user balance","service":"prediction-market-api","timestamp":"2026-02-11T17:18:40.941Z","userId":"non-existent"}
{"error":"Market not found","level":"error","marketId":"nonexistent","message":"Failed to update market","service":"prediction-market-api","timestamp":"2026-02-11T17:18:41.055Z","updaterId":"user123","updates":{}}
{"error":"Cannot update resolved market","level":"error","marketId":"market123","message":"Failed to update market","service":"prediction-market-api","timestamp":"2026-02-11T17:18:41.056Z","updaterId":"user123","updates":{}}
{"closerId":"user123","error":"Market is not active and cannot be closed","level":"error","marketId":"market123","message":"Failed to close market","service":"prediction-market-api","timestamp":"2026-02-11T17:18:41.056Z"}
{"error":"Unknown error","level":"error","message":"Decryption failed","service":"prediction-market-api","timestamp":"2026-02-11T17:18:41.122Z"}
{"description":"5 failed authentication attempts","level":"error","message":"SECURITY ALERT: Admin notification required","service":"prediction-market-api","source":"192.168.1.21","threatId":"threat_1770830323104_gaeun8b","timestamp":"2026-02-11T17:18:43.105Z","type":"brute_force"}
{"description":"DDoS attack detected: 101 requests in 60s","level":"error","message":"SECURITY ALERT: Admin notification required","service":"prediction-market-api","source":"192.168.1.30","threatId":"threat_1770830323109_7gn4xfc","timestamp":"2026-02-11T17:18:43.110Z","type":"ddos"}
{"description":"Test","level":"error","message":"SECURITY ALERT: Admin notification required","service":"prediction-market-api","source":"192.168.1.70","threatId":"threat_1770830323147_r7km897","timestamp":"2026-02-11T17:18:43.147Z","type":"brute_force"}
{"description":"Test","level":"error","message":"SECURITY ALERT: Admin notification required","service":"prediction-market-api","source":"192.168.1.71","threatId":"threat_1770830323148_irmu2q6","timestamp":"2026-02-11T17:18:43.149Z","type":"sql_injection"}
